added_route_id,trip_id
32,67251099
33,67251099
32,67251243
33,67251243
32,67237450
33,67237450
32,67255983
33,67255983
32,67256114
33,67256114
32,67164196
33,67164196
32,67253590
33,67253590
32,67253721
33,67253721
32,65049981
33,65049981
32,65050111
33,65050111
32,65071463
33,65071463
32,65052448
33,65052448
32,65052569
33,65052569
40,67250769
50,67250769
40,67250847
50,67250847
40,67237009
50,67237009
40,67237012
50,67237012
40,67237014
50,67237014
40,67237016
50,67237016
40,67258546
50,67258546
40,67258547
50,67258547
40,67258548
50,67258548
40,67258549
50,67258549
40,67258550
50,67258550
40,67258552
50,67258552
40,67258554
50,67258554
40,67258555
50,67258555
40,67255656
50,67255656
40,67255734
50,67255734
40,67163755
50,67163755
40,67163758
50,67163758
40,67163760
50,67163760
40,67163762
50,67163762
40,67166584
50,67166584
40,67166587
50,67166587
40,67166589
50,67166589
40,67166590
50,67166590
40,67166591
50,67166591
40,67166592
50,67166592
40,67166593
50,67166593
40,67166594
50,67166594
40,67253263
50,67253263
40,67253341
50,67253341
40,65049556
50,65049556
40,65049644
50,65049644
40,65071022
50,65071022
40,65071025
50,65071025
40,65071027
50,65071027
40,65071029
50,65071029
40,65074535
50,65074535
40,65074536
50,65074536
40,65074537
50,65074537
40,65074538
50,65074538
40,65074539
50,65074539
40,65074541
50,65074541
40,65074543
50,65074543
40,65074544
50,65074544
40,65088877
50,65088877
40,65088880
50,65088880
40,65088882
50,65088882
40,65088883
50,65088883
40,65088884
50,65088884
40,65088885
50,65088885
40,65088886
50,65088886
40,65088887
50,65088887
40,65052030
50,65052030
40,65052118
50,65052118
40,67250675
50,67250675
40,67250846
50,67250846
40,67237011
50,67237011
40,67237013
50,67237013
40,67237015
50,67237015
40,67237017
50,67237017
40,67258545
50,67258545
40,67258551
50,67258551
40,67258553
50,67258553
40,67258556
50,67258556
40,67258557
50,67258557
40,67258558
50,67258558
40,67258560
50,67258560
40,67258561
50,67258561
40,67255562
50,67255562
40,67255733
50,67255733
40,67163757
50,67163757
40,67163759
50,67163759
40,67163761
50,67163761
40,67163763
50,67163763
40,67166586
50,67166586
40,67166588
50,67166588
40,67166595
50,67166595
40,67166596
50,67166596
40,67166597
50,67166597
40,67166598
50,67166598
40,67166599
50,67166599
40,67166600
50,67166600
40,67253169
50,67253169
40,67253340
50,67253340
40,65049533
50,65049533
40,65049541
50,65049541
40,65071024
50,65071024
40,65071026
50,65071026
40,65071028
50,65071028
40,65071030
50,65071030
40,65074534
50,65074534
40,65074540
50,65074540
40,65074542
50,65074542
40,65074545
50,65074545
40,65074546
50,65074546
40,65074547
50,65074547
40,65074549
50,65074549
40,65074550
50,65074550
40,65088879
50,65088879
40,65088881
50,65088881
40,65088888
50,65088888
40,65088889
50,65088889
40,65088890
50,65088890
40,65088891
50,65088891
40,65088892
50,65088892
40,65088893
50,65088893
40,65052005
50,65052005
40,65052021
50,65052021
441,67204176
442,67204176
441,67204372
442,67204372
441,67204379
442,67204379
441,67204384
442,67204384
441,67204403
442,67204403
441,67204406
442,67204406
441,67204409
442,67204409
441,67204414
442,67204414
441,67204415
442,67204415
441,67204418
442,67204418
441,67204422
442,67204422
441,67204426
442,67204426
441,67204434
442,67204434
441,67202480
442,67202480
441,67202683
442,67202683
441,67202690
442,67202690
441,67202695
442,67202695
441,67202714
442,67202714
441,67202717
442,67202717
441,67202720
442,67202720
441,67202725
442,67202725
441,67202726
442,67202726
441,67202729
442,67202729
441,67202733
442,67202733
441,67202737
442,67202737
441,67202745
442,67202745
441,67223454
442,67223454
441,67223457
442,67223457
441,67229753
442,67229753
441,67229946
442,67229946
441,67229956
442,67229956
441,67229961
442,67229961
441,67229980
442,67229980
441,67229983
442,67229983
441,67229986
442,67229986
441,67229991
442,67229991
441,67229992
442,67229992
441,67229995
442,67229995
441,67229999
442,67229999
441,67230003
442,67230003
441,67230011
442,67230011
441,67227173
442,67227173
441,67227176
442,67227176
441,65139078
442,65139078
441,65139081
442,65139081
441,65139083
442,65139083
441,65139088
442,65139088
441,65139090
442,65139090
441,65139091
442,65139091
441,65139093
442,65139093
441,65139094
442,65139094
441,65139096
442,65139096
441,65139097
442,65139097
441,65139099
442,65139099
441,65139101
442,65139101
441,65139111
442,65139111
441,65142222
442,65142222
441,65142225
442,65142225
441,65140547
442,65140547
441,65140550
442,65140550
441,65157236
442,65157236
441,65157239
442,65157239
441,65157241
442,65157241
441,65157246
442,65157246
441,65157248
442,65157248
441,65157249
442,65157249
441,65157251
442,65157251
441,65157252
442,65157252
441,65157254
442,65157254
441,65157255
442,65157255
441,65157257
442,65157257
441,65157259
442,65157259
441,65157269
442,65157269
441,67204203
442,67204203
441,67204204
442,67204204
441,67204205
442,67204205
441,67204206
442,67204206
441,67204207
442,67204207
441,67204208
442,67204208
441,67204209
442,67204209
441,67204210
442,67204210
441,67204211
442,67204211
441,67204212
442,67204212
441,67204213
442,67204213
441,67204214
442,67204214
441,67204215
442,67204215
441,67204217
442,67204217
441,67202508
442,67202508
441,67202509
442,67202509
441,67202510
442,67202510
441,67202511
442,67202511
441,67202512
442,67202512
441,67202513
442,67202513
441,67202514
442,67202514
441,67202515
442,67202515
441,67202516
442,67202516
441,67202517
442,67202517
441,67202518
442,67202518
441,67202519
442,67202519
441,67202520
442,67202520
441,67202522
442,67202522
441,67223375
442,67223375
441,67223376
442,67223376
441,67223377
442,67223377
441,67229780
442,67229780
441,67229781
442,67229781
441,67229782
442,67229782
441,67229783
442,67229783
441,67229784
442,67229784
441,67229785
442,67229785
441,67229786
442,67229786
441,67229787
442,67229787
441,67229788
442,67229788
441,67229789
442,67229789
441,67229790
442,67229790
441,67229791
442,67229791
441,67229792
442,67229792
441,67229794
442,67229794
441,67227094
442,67227094
441,67227096
442,67227096
441,67227097
442,67227097
441,65139059
442,65139059
441,65139062
442,65139062
441,65139063
442,65139063
441,65139064
442,65139064
441,65139065
442,65139065
441,65139066
442,65139066
441,65139067
442,65139067
441,65139068
442,65139068
441,65139069
442,65139069
441,65139070
442,65139070
441,65139071
442,65139071
441,65139072
442,65139072
441,65139073
442,65139073
441,65139074
442,65139074
441,65142219
442,65142219
441,65142220
442,65142220
441,65142221
442,65142221
441,65140544
442,65140544
441,65140545
442,65140545
441,65140546
442,65140546
441,65157217
442,65157217
441,65157220
442,65157220
441,65157221
442,65157221
441,65157222
442,65157222
441,65157223
442,65157223
441,65157224
442,65157224
441,65157225
442,65157225
441,65157226
442,65157226
441,65157227
442,65157227
441,65157228
442,65157228
441,65157229
442,65157229
441,65157230
442,65157230
441,65157231
442,65157231
441,65157232
442,65157232
62,67009357
76,67009357
62,67009369
76,67009369
62,67009376
76,67009376
62,67009387
76,67009387
62,67009388
76,67009388
62,67009391
76,67009391
62,67009392
76,67009392
62,67009403
76,67009403
62,67009371
76,67009371
62,67009414
76,67009414
62,67014222
76,67014222
62,67014224
76,67014224
62,67014226
76,67014226
62,67014228
76,67014228
62,67014230
76,67014230
62,67014232
76,67014232
62,67014235
76,67014235
62,67014237
76,67014237
62,67014239
76,67014239
62,67014243
76,67014243
62,67014244
76,67014244
62,67014245
76,67014245
62,67167592
76,67167592
62,67167601
76,67167601
62,67167611
76,67167611
62,67167622
76,67167622
62,67167623
76,67167623
62,67167626
76,67167626
62,67167627
76,67167627
62,67167638
76,67167638
62,67167603
76,67167603
62,67167649
76,67167649
62,67146176
76,67146176
62,67146178
76,67146178
62,67146180
76,67146180
62,67146182
76,67146182
62,67146189
76,67146189
62,67146191
76,67146191
62,67146193
76,67146193
62,67146195
76,67146195
62,67146197
76,67146197
62,67146201
76,67146201
62,67146202
76,67146202
62,67146203
76,67146203
62,67019327
76,67019327
62,67019337
76,67019337
62,67019344
76,67019344
62,67019355
76,67019355
62,67019356
76,67019356
62,67019359
76,67019359
62,67019360
76,67019360
62,67019371
76,67019371
62,67019339
76,67019339
62,67019382
76,67019382
62,64820099
76,64820099
62,64820117
76,64820117
62,64820120
76,64820120
62,64820140
76,64820140
62,64820142
76,64820142
62,64820145
76,64820145
62,64820150
76,64820150
62,64820154
76,64820154
62,64820127
76,64820127
62,64820158
76,64820158
62,64824604
76,64824604
62,64824606
76,64824606
62,64824608
76,64824608
62,64824610
76,64824610
62,64824612
76,64824612
62,64824614
76,64824614
62,64824617
76,64824617
62,64824619
76,64824619
62,64824621
76,64824621
62,64824625
76,64824625
62,64824626
76,64824626
62,64824627
76,64824627
62,64822564
76,64822564
62,64822577
76,64822577
62,64822580
76,64822580
62,64822600
76,64822600
62,64822604
76,64822604
62,64822605
76,64822605
62,64822610
76,64822610
62,64822614
76,64822614
62,64822587
76,64822587
62,64822618
76,64822618
62,67009356
76,67009356
62,67009379
76,67009379
62,67009394
76,67009394
62,67009396
76,67009396
62,67009416
76,67009416
62,67009374
76,67009374
62,67009377
76,67009377
62,67009393
76,67009393
62,67009398
76,67009398
62,67009404
76,67009404
62,67014223
76,67014223
62,67014225
76,67014225
62,67014227
76,67014227
62,67014229
76,67014229
62,67014231
76,67014231
62,67014233
76,67014233
62,67014234
76,67014234
62,67014236
76,67014236
62,67014238
76,67014238
62,67014240
76,67014240
62,67014241
76,67014241
62,67014242
76,67014242
62,67167591
76,67167591
62,67167614
76,67167614
62,67167629
76,67167629
62,67167631
76,67167631
62,67167651
76,67167651
62,67167606
76,67167606
62,67167612
76,67167612
62,67167628
76,67167628
62,67167633
76,67167633
62,67167639
76,67167639
62,67146177
76,67146177
62,67146179
76,67146179
62,67146181
76,67146181
62,67146183
76,67146183
62,67146184
76,67146184
62,67146190
76,67146190
62,67146192
76,67146192
62,67146194
76,67146194
62,67146196
76,67146196
62,67146198
76,67146198
62,67146199
76,67146199
62,67146200
76,67146200
62,67019326
76,67019326
62,67019347
76,67019347
62,67019362
76,67019362
62,67019364
76,67019364
62,67019384
76,67019384
62,67019342
76,67019342
62,67019345
76,67019345
62,67019361
76,67019361
62,67019366
76,67019366
62,67019372
76,67019372
62,64820098
76,64820098
62,64820124
76,64820124
62,64820149
76,64820149
62,64820153
76,64820153
62,64820159
76,64820159
62,64820116
76,64820116
62,64820119
76,64820119
62,64820148
76,64820148
62,64820151
76,64820151
62,64820157
76,64820157
62,64824605
76,64824605
62,64824607
76,64824607
62,64824609
76,64824609
62,64824611
76,64824611
62,64824613
76,64824613
62,64824615
76,64824615
62,64824616
76,64824616
62,64824618
76,64824618
62,64824620
76,64824620
62,64824622
76,64824622
62,64824623
76,64824623
62,64824624
76,64824624
62,64822563
76,64822563
62,64822583
76,64822583
62,64822609
76,64822609
62,64822613
76,64822613
62,64822619
76,64822619
62,64822576
76,64822576
62,64822579
76,64822579
62,64822608
76,64822608
62,64822611
76,64822611
62,64822617
76,64822617
741,66858485
742,66858485
743,66858485
741,66858746
742,66858746
743,66858746
741,66858863
742,66858863
743,66858863
741,66859970
742,66859970
743,66859970
741,66859971
742,66859971
743,66859971
741,66859975
742,66859975
743,66859975
741,66859991
742,66859991
743,66859991
741,66859992
742,66859992
743,66859992
741,66859993
742,66859993
743,66859993
741,66860027
742,66860027
743,66860027
741,66860087
742,66860087
743,66860087
741,66860097
742,66860097
743,66860097
741,66860100
742,66860100
743,66860100
741,66860101
742,66860101
743,66860101
741,66860102
742,66860102
743,66860102
741,66860104
742,66860104
743,66860104
741,66860107
742,66860107
743,66860107
741,66860108
742,66860108
743,66860108
741,66860109
742,66860109
743,66860109
741,66860110
742,66860110
743,66860110
741,66860111
742,66860111
743,66860111
741,66860112
742,66860112
743,66860112
741,66860121
742,66860121
743,66860121
741,66860122
742,66860122
743,66860122
741,66860124
742,66860124
743,66860124
741,66860127
742,66860127
743,66860127
741,66860131
742,66860131
743,66860131
741,66860133
742,66860133
743,66860133
741,66860135
742,66860135
743,66860135
741,66860137
742,66860137
743,66860137
741,66860140
742,66860140
743,66860140
741,66860141
742,66860141
743,66860141
741,66860143
742,66860143
743,66860143
741,66860145
742,66860145
743,66860145
741,66860147
742,66860147
743,66860147
741,66880057
742,66880057
743,66880057
741,66880060
742,66880060
743,66880060
741,66880063
742,66880063
743,66880063
741,66880066
742,66880066
743,66880066
741,66880067
742,66880067
743,66880067
741,66880068
742,66880068
743,66880068
741,66880070
742,66880070
743,66880070
741,66880071
742,66880071
743,66880071
741,66880072
742,66880072
743,66880072
741,66880077
742,66880077
743,66880077
741,66880083
742,66880083
743,66880083
741,66862541
742,66862541
743,66862541
741,66862548
742,66862548
743,66862548
741,66862549
742,66862549
743,66862549
741,66862550
742,66862550
743,66862550
741,66862551
742,66862551
743,66862551
741,66862552
742,66862552
743,66862552
741,66862553
742,66862553
743,66862553
741,66862554
742,66862554
743,66862554
741,66862555
742,66862555
743,66862555
741,66862556
742,66862556
743,66862556
741,66862557
742,66862557
743,66862557
741,66862558
742,66862558
743,66862558
741,66862559
742,66862559
743,66862559
741,66862560
742,66862560
743,66862560
741,66862563
742,66862563
743,66862563
741,66862566
742,66862566
743,66862566
741,66862577
742,66862577
743,66862577
741,66862578
742,66862578
743,66862578
741,66862579
742,66862579
743,66862579
741,66862590
742,66862590
743,66862590
741,66862594
742,66862594
743,66862594
741,66862596
742,66862596
743,66862596
741,66862603
742,66862603
743,66862603
741,66862605
742,66862605
743,66862605
741,66862614
742,66862614
743,66862614
741,66862616
742,66862616
743,66862616
741,66863029
742,66863029
743,66863029
741,66863033
742,66863033
743,66863033
741,66863038
742,66863038
743,66863038
741,66863225
742,66863225
743,66863225
741,66863226
742,66863226
743,66863226
741,66863227
742,66863227
743,66863227
741,66882986
742,66882986
743,66882986
741,66882987
742,66882987
743,66882987
741,66882991
742,66882991
743,66882991
741,66882993
742,66882993
743,66882993
741,66882999
742,66882999
743,66882999
741,66883000
742,66883000
743,66883000
741,66883002
742,66883002
743,66883002
741,66883003
742,66883003
743,66883003
741,66883004
742,66883004
743,66883004
741,66883016
742,66883016
743,66883016
741,66883020
742,66883020
743,66883020
741,66868074
742,66868074
743,66868074
741,66868076
742,66868076
743,66868076
741,66868078
742,66868078
743,66868078
741,66868079
742,66868079
743,66868079
741,66868082
742,66868082
743,66868082
741,66868084
742,66868084
743,66868084
741,66868086
742,66868086
743,66868086
741,66868087
742,66868087
743,66868087
741,66868089
742,66868089
743,66868089
741,66868092
742,66868092
743,66868092
741,66868093
742,66868093
743,66868093
741,66868095
742,66868095
743,66868095
741,66868098
742,66868098
743,66868098
741,66868100
742,66868100
743,66868100
741,66868102
742,66868102
743,66868102
741,66868104
742,66868104
743,66868104
741,66868106
742,66868106
743,66868106
741,66868108
742,66868108
743,66868108
741,66868110
742,66868110
743,66868110
741,66868112
742,66868112
743,66868112
741,66868113
742,66868113
743,66868113
741,66868115
742,66868115
743,66868115
741,66868116
742,66868116
743,66868116
741,66868120
742,66868120
743,66868120
741,66868123
742,66868123
743,66868123
741,66868125
742,66868125
743,66868125
741,66868126
742,66868126
743,66868126
741,66868127
742,66868127
743,66868127
741,66868131
742,66868131
743,66868131
741,66868133
742,66868133
743,66868133
741,66868134
742,66868134
743,66868134
741,66868136
742,66868136
743,66868136
741,66868137
742,66868137
743,66868137
741,66868145
742,66868145
743,66868145
741,66868647
742,66868647
743,66868647
741,66868650
742,66868650
743,66868650
741,66868656
742,66868656
743,66868656
741,66868702
742,66868702
743,66868702
741,66868916
742,66868916
743,66868916
741,66872551
742,66872551
743,66872551
741,66872552
742,66872552
743,66872552
741,66872555
742,66872555
743,66872555
741,66872556
742,66872556
743,66872556
741,66872558
742,66872558
743,66872558
741,66872563
742,66872563
743,66872563
741,66872564
742,66872564
743,66872564
741,66872567
742,66872567
743,66872567
741,66872568
742,66872568
743,66872568
741,66872569
742,66872569
743,66872569
741,66872570
742,66872570
743,66872570
741,66872572
742,66872572
743,66872572
741,66860461
742,66860461
743,66860461
741,66860722
742,66860722
743,66860722
741,66860839
742,66860839
743,66860839
741,66861941
742,66861941
743,66861941
741,66861942
742,66861942
743,66861942
741,66861946
742,66861946
743,66861946
741,66861962
742,66861962
743,66861962
741,66861963
742,66861963
743,66861963
741,66861964
742,66861964
743,66861964
741,66861997
742,66861997
743,66861997
741,66862054
742,66862054
743,66862054
741,66862064
742,66862064
743,66862064
741,66862067
742,66862067
743,66862067
741,66862068
742,66862068
743,66862068
741,66862069
742,66862069
743,66862069
741,66862071
742,66862071
743,66862071
741,66862074
742,66862074
743,66862074
741,66862075
742,66862075
743,66862075
741,66862076
742,66862076
743,66862076
741,66862077
742,66862077
743,66862077
741,66862078
742,66862078
743,66862078
741,66862079
742,66862079
743,66862079
741,66862088
742,66862088
743,66862088
741,66862089
742,66862089
743,66862089
741,66862091
742,66862091
743,66862091
741,66862094
742,66862094
743,66862094
741,66862098
742,66862098
743,66862098
741,66862100
742,66862100
743,66862100
741,66862102
742,66862102
743,66862102
741,66862104
742,66862104
743,66862104
741,66862107
742,66862107
743,66862107
741,66862108
742,66862108
743,66862108
741,66862110
742,66862110
743,66862110
741,66862112
742,66862112
743,66862112
741,66862114
742,66862114
743,66862114
741,66882866
742,66882866
743,66882866
741,66882869
742,66882869
743,66882869
741,66882872
742,66882872
743,66882872
741,66882875
742,66882875
743,66882875
741,66882876
742,66882876
743,66882876
741,66882877
742,66882877
743,66882877
741,66882879
742,66882879
743,66882879
741,66882880
742,66882880
743,66882880
741,66882881
742,66882881
743,66882881
741,66882886
742,66882886
743,66882886
741,66882892
742,66882892
743,66882892
741,66869679
742,66869679
743,66869679
741,66869681
742,66869681
743,66869681
741,66869683
742,66869683
743,66869683
741,66869684
742,66869684
743,66869684
741,66869687
742,66869687
743,66869687
741,66869689
742,66869689
743,66869689
741,66869691
742,66869691
743,66869691
741,66869692
742,66869692
743,66869692
741,66869694
742,66869694
743,66869694
741,66869697
742,66869697
743,66869697
741,66869698
742,66869698
743,66869698
741,66869701
742,66869701
743,66869701
741,66869703
742,66869703
743,66869703
741,66869705
742,66869705
743,66869705
741,66869707
742,66869707
743,66869707
741,66869709
742,66869709
743,66869709
741,66869711
742,66869711
743,66869711
741,66869713
742,66869713
743,66869713
741,66869715
742,66869715
743,66869715
741,66869717
742,66869717
743,66869717
741,66869718
742,66869718
743,66869718
741,66869720
742,66869720
743,66869720
741,66869721
742,66869721
743,66869721
741,66869725
742,66869725
743,66869725
741,66869728
742,66869728
743,66869728
741,66869730
742,66869730
743,66869730
741,66869731
742,66869731
743,66869731
741,66869732
742,66869732
743,66869732
741,66869737
742,66869737
743,66869737
741,66869738
742,66869738
743,66869738
741,66869739
742,66869739
743,66869739
741,66869741
742,66869741
743,66869741
741,66869742
742,66869742
743,66869742
741,66869750
742,66869750
743,66869750
741,66870252
742,66870252
743,66870252
741,66870255
742,66870255
743,66870255
741,66870261
742,66870261
743,66870261
741,66870307
742,66870307
743,66870307
741,66870521
742,66870521
743,66870521
741,66878503
742,66878503
743,66878503
741,66878504
742,66878504
743,66878504
741,66878505
742,66878505
743,66878505
741,66878509
742,66878509
743,66878509
741,66878513
742,66878513
743,66878513
741,66878519
742,66878519
743,66878519
741,66878520
742,66878520
743,66878520
741,66878524
742,66878524
743,66878524
741,66878525
742,66878525
743,66878525
741,66878541
742,66878541
743,66878541
741,66878542
742,66878542
743,66878542
741,66865821
742,66865821
743,66865821
741,66865822
742,66865822
743,66865822
741,66865855
742,66865855
743,66865855
741,66865889
742,66865889
743,66865889
741,66866052
742,66866052
743,66866052
741,66866053
742,66866053
743,66866053
741,66866109
742,66866109
743,66866109
741,66866153
742,66866153
743,66866153
741,66866265
742,66866265
743,66866265
741,66866275
742,66866275
743,66866275
741,66866307
742,66866307
743,66866307
741,66866324
742,66866324
743,66866324
741,66866326
742,66866326
743,66866326
741,66866329
742,66866329
743,66866329
741,66866330
742,66866330
743,66866330
741,66866333
742,66866333
743,66866333
741,66866334
742,66866334
743,66866334
741,66866335
742,66866335
743,66866335
741,66866337
742,66866337
743,66866337
741,66866339
742,66866339
743,66866339
741,66866342
742,66866342
743,66866342
741,66866346
742,66866346
743,66866346
741,66866347
742,66866347
743,66866347
741,66866349
742,66866349
743,66866349
741,66866350
742,66866350
743,66866350
741,66866351
742,66866351
743,66866351
741,66866352
742,66866352
743,66866352
741,66866355
742,66866355
743,66866355
741,66866359
742,66866359
743,66866359
741,66866361
742,66866361
743,66866361
741,66866364
742,66866364
743,66866364
741,66866366
742,66866366
743,66866366
741,66866370
742,66866370
743,66866370
741,66866372
742,66866372
743,66866372
741,66866373
742,66866373
743,66866373
741,66872625
742,66872625
743,66872625
741,66872628
742,66872628
743,66872628
741,66872633
742,66872633
743,66872633
741,66872635
742,66872635
743,66872635
741,66872637
742,66872637
743,66872637
741,66872638
742,66872638
743,66872638
741,66872640
742,66872640
743,66872640
741,66872641
742,66872641
743,66872641
741,66872644
742,66872644
743,66872644
741,66872645
742,66872645
743,66872645
741,66872646
742,66872646
743,66872646
741,66872652
742,66872652
743,66872652
741,66872654
742,66872654
743,66872654
741,66872657
742,66872657
743,66872657
741,66872664
742,66872664
743,66872664
741,66872670
742,66872670
743,66872670
741,66871128
742,66871128
743,66871128
741,66871138
742,66871138
743,66871138
741,66871140
742,66871140
743,66871140
741,66871145
742,66871145
743,66871145
741,66871147
742,66871147
743,66871147
741,66871149
742,66871149
743,66871149
741,66871152
742,66871152
743,66871152
741,66871155
742,66871155
743,66871155
741,66871157
742,66871157
743,66871157
741,66871159
742,66871159
743,66871159
741,66871160
742,66871160
743,66871160
741,66871161
742,66871161
743,66871161
741,66871162
742,66871162
743,66871162
741,66871164
742,66871164
743,66871164
741,66871165
742,66871165
743,66871165
741,66871167
742,66871167
743,66871167
741,66871170
742,66871170
743,66871170
741,66871175
742,66871175
743,66871175
741,66871176
742,66871176
743,66871176
741,66871177
742,66871177
743,66871177
741,66871178
742,66871178
743,66871178
741,66871181
742,66871181
743,66871181
741,66871182
742,66871182
743,66871182
741,66871184
742,66871184
743,66871184
741,66871772
742,66871772
743,66871772
741,66871773
742,66871773
743,66871773
741,66871781
742,66871781
743,66871781
741,66871837
742,66871837
743,66871837
741,66871839
742,66871839
743,66871839
741,66871855
742,66871855
743,66871855
741,66871858
742,66871858
743,66871858
741,66871979
742,66871979
743,66871979
741,66872229
742,66872229
743,66872229
741,66872295
742,66872295
743,66872295
741,66872317
742,66872317
743,66872317
741,66880112
742,66880112
743,66880112
741,66880114
742,66880114
743,66880114
741,66880116
742,66880116
743,66880116
741,66880117
742,66880117
743,66880117
741,66880130
742,66880130
743,66880130
741,66880132
742,66880132
743,66880132
741,66880133
742,66880133
743,66880133
741,66880135
742,66880135
743,66880135
741,66880136
742,66880136
743,66880136
741,66880137
742,66880137
743,66880137
741,66880138
742,66880138
743,66880138
741,65069827
742,65069827
743,65069827
741,65069833
742,65069833
743,65069833
741,65069834
742,65069834
743,65069834
741,65069835
742,65069835
743,65069835
741,65069838
742,65069838
743,65069838
741,65069840
742,65069840
743,65069840
741,65069842
742,65069842
743,65069842
741,65069844
742,65069844
743,65069844
741,65069846
742,65069846
743,65069846
741,65069848
742,65069848
743,65069848
741,65069849
742,65069849
743,65069849
741,65069851
742,65069851
743,65069851
741,65069854
742,65069854
743,65069854
741,65069856
742,65069856
743,65069856
741,65069858
742,65069858
743,65069858
741,65069860
742,65069860
743,65069860
741,65069863
742,65069863
743,65069863
741,65069865
742,65069865
743,65069865
741,65069866
742,65069866
743,65069866
741,65069867
742,65069867
743,65069867
741,65069871
742,65069871
743,65069871
741,65069873
742,65069873
743,65069873
741,65069875
742,65069875
743,65069875
741,65069876
742,65069876
743,65069876
741,65069878
742,65069878
743,65069878
741,65069880
742,65069880
743,65069880
741,65069882
742,65069882
743,65069882
741,65069883
742,65069883
743,65069883
741,65069887
742,65069887
743,65069887
741,65069889
742,65069889
743,65069889
741,65069890
742,65069890
743,65069890
741,65069892
742,65069892
743,65069892
741,65069893
742,65069893
743,65069893
741,65069960
742,65069960
743,65069960
741,65070460
742,65070460
743,65070460
741,65070461
742,65070461
743,65070461
741,65070462
742,65070462
743,65070462
741,65070633
742,65070633
743,65070633
741,65070635
742,65070635
743,65070635
741,65070640
742,65070640
743,65070640
741,65142553
742,65142553
743,65142553
741,65142555
742,65142555
743,65142555
741,65142567
742,65142567
743,65142567
741,65142569
742,65142569
743,65142569
741,65142570
742,65142570
743,65142570
741,65142571
742,65142571
743,65142571
741,65142572
742,65142572
743,65142572
741,65142573
742,65142573
743,65142573
741,65142575
742,65142575
743,65142575
741,65142577
742,65142577
743,65142577
741,65142593
742,65142593
743,65142593
741,65142598
742,65142598
743,65142598
741,65142599
742,65142599
743,65142599
741,65142600
742,65142600
743,65142600
741,65132404
742,65132404
743,65132404
741,65132406
742,65132406
743,65132406
741,65132408
742,65132408
743,65132408
741,65132411
742,65132411
743,65132411
741,65132413
742,65132413
743,65132413
741,65132414
742,65132414
743,65132414
741,65132415
742,65132415
743,65132415
741,65132417
742,65132417
743,65132417
741,65132420
742,65132420
743,65132420
741,65132421
742,65132421
743,65132421
741,65132422
742,65132422
743,65132422
741,65132425
742,65132425
743,65132425
741,65132427
742,65132427
743,65132427
741,65132430
742,65132430
743,65132430
741,65132432
742,65132432
743,65132432
741,65132433
742,65132433
743,65132433
741,65132435
742,65132435
743,65132435
741,65132437
742,65132437
743,65132437
741,65132438
742,65132438
743,65132438
741,65132440
742,65132440
743,65132440
741,65132443
742,65132443
743,65132443
741,65132444
742,65132444
743,65132444
741,65132446
742,65132446
743,65132446
741,65132449
742,65132449
743,65132449
741,65132838
742,65132838
743,65132838
741,65133389
742,65133389
743,65133389
741,65133439
742,65133439
743,65133439
741,65133520
742,65133520
743,65133520
741,65133611
742,65133611
743,65133611
741,65133660
742,65133660
743,65133660
741,65133711
742,65133711
743,65133711
741,65133802
742,65133802
743,65133802
741,65133857
742,65133857
743,65133857
741,65134078
742,65134078
743,65134078
741,65134096
742,65134096
743,65134096
741,65134097
742,65134097
743,65134097
741,65134134
742,65134134
743,65134134
741,65138585
742,65138585
743,65138585
741,65138595
742,65138595
743,65138595
741,65138598
742,65138598
743,65138598
741,65138599
742,65138599
743,65138599
741,65138600
742,65138600
743,65138600
741,65138605
742,65138605
743,65138605
741,65138608
742,65138608
743,65138608
741,65138610
742,65138610
743,65138610
741,65138613
742,65138613
743,65138613
741,65138614
742,65138614
743,65138614
741,65138615
742,65138615
743,65138615
741,65138616
742,65138616
743,65138616
741,65150474
742,65150474
743,65150474
741,65150481
742,65150481
743,65150481
741,65150482
742,65150482
743,65150482
741,65150483
742,65150483
743,65150483
741,65150484
742,65150484
743,65150484
741,65150485
742,65150485
743,65150485
741,65150486
742,65150486
743,65150486
741,65150487
742,65150487
743,65150487
741,65150488
742,65150488
743,65150488
741,65150489
742,65150489
743,65150489
741,65150490
742,65150490
743,65150490
741,65150491
742,65150491
743,65150491
741,65150492
742,65150492
743,65150492
741,65150493
742,65150493
743,65150493
741,65150495
742,65150495
743,65150495
741,65150497
742,65150497
743,65150497
741,65150500
742,65150500
743,65150500
741,65150501
742,65150501
743,65150501
741,65150502
742,65150502
743,65150502
741,65150506
742,65150506
743,65150506
741,65150507
742,65150507
743,65150507
741,65150509
742,65150509
743,65150509
741,65150510
742,65150510
743,65150510
741,65150512
742,65150512
743,65150512
741,65150514
742,65150514
743,65150514
741,65150516
742,65150516
743,65150516
741,65150856
742,65150856
743,65150856
741,65151046
742,65151046
743,65151046
741,65151047
742,65151047
743,65151047
741,65151048
742,65151048
743,65151048
741,65151895
742,65151895
743,65151895
741,65151896
742,65151896
743,65151896
741,65151897
742,65151897
743,65151897
741,65151898
742,65151898
743,65151898
741,65152119
742,65152119
743,65152119
741,65152121
742,65152121
743,65152121
741,65152130
742,65152130
743,65152130
741,65152131
742,65152131
743,65152131
741,65152133
742,65152133
743,65152133
741,65152134
742,65152134
743,65152134
741,65152135
742,65152135
743,65152135
741,65152136
742,65152136
743,65152136
741,65152148
742,65152148
743,65152148
741,65152149
742,65152149
743,65152149
741,65152151
742,65152151
743,65152151
741,65072811
742,65072811
743,65072811
741,65072813
742,65072813
743,65072813
741,65072816
742,65072816
743,65072816
741,65072817
742,65072817
743,65072817
741,65072820
742,65072820
743,65072820
741,65072822
742,65072822
743,65072822
741,65072823
742,65072823
743,65072823
741,65072825
742,65072825
743,65072825
741,65072827
742,65072827
743,65072827
741,65072829
742,65072829
743,65072829
741,65072830
742,65072830
743,65072830
741,65072832
742,65072832
743,65072832
741,65072835
742,65072835
743,65072835
741,65072837
742,65072837
743,65072837
741,65072839
742,65072839
743,65072839
741,65072841
742,65072841
743,65072841
741,65072843
742,65072843
743,65072843
741,65072845
742,65072845
743,65072845
741,65072847
742,65072847
743,65072847
741,65072849
742,65072849
743,65072849
741,65072850
742,65072850
743,65072850
741,65072851
742,65072851
743,65072851
741,65072853
742,65072853
743,65072853
741,65072854
742,65072854
743,65072854
741,65072859
742,65072859
743,65072859
741,65072861
742,65072861
743,65072861
741,65072863
742,65072863
743,65072863
741,65072864
742,65072864
743,65072864
741,65072868
742,65072868
743,65072868
741,65072870
742,65072870
743,65072870
741,65072871
742,65072871
743,65072871
741,65072873
742,65072873
743,65072873
741,65072874
742,65072874
743,65072874
741,65072882
742,65072882
743,65072882
741,65073384
742,65073384
743,65073384
741,65073385
742,65073385
743,65073385
741,65073393
742,65073393
743,65073393
741,65073719
742,65073719
743,65073719
741,65073721
742,65073721
743,65073721
741,65073722
742,65073722
743,65073722
741,65073724
742,65073724
743,65073724
741,65141596
742,65141596
743,65141596
741,65141598
742,65141598
743,65141598
741,65141603
742,65141603
743,65141603
741,65141605
742,65141605
743,65141605
741,65141615
742,65141615
743,65141615
741,65141616
742,65141616
743,65141616
741,65141617
742,65141617
743,65141617
741,65141618
742,65141618
743,65141618
741,65141619
742,65141619
743,65141619
741,65141620
742,65141620
743,65141620
741,65141621
742,65141621
743,65141621
741,65141622
742,65141622
743,65141622
741,65141624
742,65141624
743,65141624
741,65141631
742,65141631
743,65141631
741,65136403
742,65136403
743,65136403
741,65136406
742,65136406
743,65136406
741,65136408
742,65136408
743,65136408
741,65136411
742,65136411
743,65136411
741,65136413
742,65136413
743,65136413
741,65136414
742,65136414
743,65136414
741,65136415
742,65136415
743,65136415
741,65136417
742,65136417
743,65136417
741,65136420
742,65136420
743,65136420
741,65136421
742,65136421
743,65136421
741,65136422
742,65136422
743,65136422
741,65136425
742,65136425
743,65136425
741,65136427
742,65136427
743,65136427
741,65136430
742,65136430
743,65136430
741,65136432
742,65136432
743,65136432
741,65136433
742,65136433
743,65136433
741,65136435
742,65136435
743,65136435
741,65136437
742,65136437
743,65136437
741,65136438
742,65136438
743,65136438
741,65136440
742,65136440
743,65136440
741,65136441
742,65136441
743,65136441
741,65136444
742,65136444
743,65136444
741,65136446
742,65136446
743,65136446
741,65136449
742,65136449
743,65136449
741,65136572
742,65136572
743,65136572
741,65136573
742,65136573
743,65136573
741,65136683
742,65136683
743,65136683
741,65137105
742,65137105
743,65137105
741,65137655
742,65137655
743,65137655
741,65137705
742,65137705
743,65137705
741,65137786
742,65137786
743,65137786
741,65137877
742,65137877
743,65137877
741,65137926
742,65137926
743,65137926
741,65137977
742,65137977
743,65137977
741,65138068
742,65138068
743,65138068
741,65138123
742,65138123
743,65138123
741,65138459
742,65138459
743,65138459
741,65138464
742,65138464
743,65138464
741,65138465
742,65138465
743,65138465
741,65138467
742,65138467
743,65138467
741,65138473
742,65138473
743,65138473
741,65138474
742,65138474
743,65138474
741,65138476
742,65138476
743,65138476
741,65138481
742,65138481
743,65138481
741,65138482
742,65138482
743,65138482
741,65138483
742,65138483
743,65138483
741,65138484
742,65138484
743,65138484
741,65062476
742,65062476
743,65062476
741,65062483
742,65062483
743,65062483
741,65062484
742,65062484
743,65062484
741,65062485
742,65062485
743,65062485
741,65062486
742,65062486
743,65062486
741,65062487
742,65062487
743,65062487
741,65062488
742,65062488
743,65062488
741,65062489
742,65062489
743,65062489
741,65062490
742,65062490
743,65062490
741,65062491
742,65062491
743,65062491
741,65062492
742,65062492
743,65062492
741,65062493
742,65062493
743,65062493
741,65062494
742,65062494
743,65062494
741,65062495
742,65062495
743,65062495
741,65062498
742,65062498
743,65062498
741,65062504
742,65062504
743,65062504
741,65062512
742,65062512
743,65062512
741,65062513
742,65062513
743,65062513
741,65062514
742,65062514
743,65062514
741,65062525
742,65062525
743,65062525
741,65062529
742,65062529
743,65062529
741,65062531
742,65062531
743,65062531
741,65062537
742,65062537
743,65062537
741,65062540
742,65062540
743,65062540
741,65062549
742,65062549
743,65062549
741,65062551
742,65062551
743,65062551
741,65062964
742,65062964
743,65062964
741,65062968
742,65062968
743,65062968
741,65062973
742,65062973
743,65062973
741,65063160
742,65063160
743,65063160
741,65063161
742,65063161
743,65063161
741,65063162
742,65063162
743,65063162
741,65140913
742,65140913
743,65140913
741,65140916
742,65140916
743,65140916
741,65140919
742,65140919
743,65140919
741,65140920
742,65140920
743,65140920
741,65140926
742,65140926
743,65140926
741,65140927
742,65140927
743,65140927
741,65140929
742,65140929
743,65140929
741,65140930
742,65140930
743,65140930
741,65140931
742,65140931
743,65140931
741,65140932
742,65140932
743,65140932
741,65140933
742,65140933
743,65140933
741,65140949
742,65140949
743,65140949
741,65064433
742,65064433
743,65064433
741,65064435
742,65064435
743,65064435
741,65064437
742,65064437
743,65064437
741,65064438
742,65064438
743,65064438
741,65064441
742,65064441
743,65064441
741,65064443
742,65064443
743,65064443
741,65064445
742,65064445
743,65064445
741,65064447
742,65064447
743,65064447
741,65064449
742,65064449
743,65064449
741,65064451
742,65064451
743,65064451
741,65064452
742,65064452
743,65064452
741,65064454
742,65064454
743,65064454
741,65064457
742,65064457
743,65064457
741,65064459
742,65064459
743,65064459
741,65064461
742,65064461
743,65064461
741,65064463
742,65064463
743,65064463
741,65064465
742,65064465
743,65064465
741,65064467
742,65064467
743,65064467
741,65064469
742,65064469
743,65064469
741,65064471
742,65064471
743,65064471
741,65064472
742,65064472
743,65064472
741,65064474
742,65064474
743,65064474
741,65064475
742,65064475
743,65064475
741,65064479
742,65064479
743,65064479
741,65064481
742,65064481
743,65064481
741,65064483
742,65064483
743,65064483
741,65064485
742,65064485
743,65064485
741,65064486
742,65064486
743,65064486
741,65064490
742,65064490
743,65064490
741,65064492
742,65064492
743,65064492
741,65064493
742,65064493
743,65064493
741,65064495
742,65064495
743,65064495
741,65064496
742,65064496
743,65064496
741,65064560
742,65064560
743,65064560
741,65065061
742,65065061
743,65065061
741,65065065
742,65065065
743,65065065
741,65065067
742,65065067
743,65065067
741,65065235
742,65065235
743,65065235
741,65065238
742,65065238
743,65065238
741,65141119
742,65141119
743,65141119
741,65141123
742,65141123
743,65141123
741,65141127
742,65141127
743,65141127
741,65141128
742,65141128
743,65141128
741,65141132
742,65141132
743,65141132
741,65141140
742,65141140
743,65141140
741,65141141
742,65141141
743,65141141
741,65141142
742,65141142
743,65141142
741,65141143
742,65141143
743,65141143
741,65141144
742,65141144
743,65141144
741,65141145
742,65141145
743,65141145
741,65141146
742,65141146
743,65141146
741,65141147
742,65141147
743,65141147
741,65141554
742,65141554
743,65141554
741,66858494
742,66858494
743,66858494
741,66858808
742,66858808
743,66858808
741,66858815
742,66858815
743,66858815
741,66858817
742,66858817
743,66858817
741,66858852
742,66858852
743,66858852
741,66858919
742,66858919
743,66858919
741,66858943
742,66858943
743,66858943
741,66858944
742,66858944
743,66858944
741,66858945
742,66858945
743,66858945
741,66859920
742,66859920
743,66859920
741,66859964
742,66859964
743,66859964
741,66859965
742,66859965
743,66859965
741,66859966
742,66859966
743,66859966
741,66859967
742,66859967
743,66859967
741,66859968
742,66859968
743,66859968
741,66859969
742,66859969
743,66859969
741,66859994
742,66859994
743,66859994
741,66859995
742,66859995
743,66859995
741,66859996
742,66859996
743,66859996
741,66859997
742,66859997
743,66859997
741,66860098
742,66860098
743,66860098
741,66860099
742,66860099
743,66860099
741,66860103
742,66860103
743,66860103
741,66860105
742,66860105
743,66860105
741,66860106
742,66860106
743,66860106
741,66860113
742,66860113
743,66860113
741,66860114
742,66860114
743,66860114
741,66860115
742,66860115
743,66860115
741,66860116
742,66860116
743,66860116
741,66860117
742,66860117
743,66860117
741,66860118
742,66860118
743,66860118
741,66860123
742,66860123
743,66860123
741,66860125
742,66860125
743,66860125
741,66860126
742,66860126
743,66860126
741,66860128
742,66860128
743,66860128
741,66860129
742,66860129
743,66860129
741,66860132
742,66860132
743,66860132
741,66860134
742,66860134
743,66860134
741,66860136
742,66860136
743,66860136
741,66860138
742,66860138
743,66860138
741,66860139
742,66860139
743,66860139
741,66860142
742,66860142
743,66860142
741,66860144
742,66860144
743,66860144
741,66860146
742,66860146
743,66860146
741,66880048
742,66880048
743,66880048
741,66880049
742,66880049
743,66880049
741,66880053
742,66880053
743,66880053
741,66880054
742,66880054
743,66880054
741,66880059
742,66880059
743,66880059
741,66880062
742,66880062
743,66880062
741,66880065
742,66880065
743,66880065
741,66880073
742,66880073
743,66880073
741,66880075
742,66880075
743,66880075
741,66880076
742,66880076
743,66880076
741,66880079
742,66880079
743,66880079
741,66862531
742,66862531
743,66862531
741,66862534
742,66862534
743,66862534
741,66862535
742,66862535
743,66862535
741,66862536
742,66862536
743,66862536
741,66862537
742,66862537
743,66862537
741,66862538
742,66862538
743,66862538
741,66862539
742,66862539
743,66862539
741,66862540
742,66862540
743,66862540
741,66862542
742,66862542
743,66862542
741,66862543
742,66862543
743,66862543
741,66862544
742,66862544
743,66862544
741,66862545
742,66862545
743,66862545
741,66862546
742,66862546
743,66862546
741,66862547
742,66862547
743,66862547
741,66862562
742,66862562
743,66862562
741,66862565
742,66862565
743,66862565
741,66862572
742,66862572
743,66862572
741,66862575
742,66862575
743,66862575
741,66862585
742,66862585
743,66862585
741,66862586
742,66862586
743,66862586
741,66862589
742,66862589
743,66862589
741,66862595
742,66862595
743,66862595
741,66862600
742,66862600
743,66862600
741,66862608
742,66862608
743,66862608
741,66862615
742,66862615
743,66862615
741,66862617
742,66862617
743,66862617
741,66862875
742,66862875
743,66862875
741,66862876
742,66862876
743,66862876
741,66863034
742,66863034
743,66863034
741,66863035
742,66863035
743,66863035
741,66863036
742,66863036
743,66863036
741,66863037
742,66863037
743,66863037
741,66863218
742,66863218
743,66863218
741,66863220
742,66863220
743,66863220
741,66863221
742,66863221
743,66863221
741,66863222
742,66863222
743,66863222
741,66863223
742,66863223
743,66863223
741,66863224
742,66863224
743,66863224
741,66882981
742,66882981
743,66882981
741,66882990
742,66882990
743,66882990
741,66882992
742,66882992
743,66882992
741,66882994
742,66882994
743,66882994
741,66883005
742,66883005
743,66883005
741,66883007
742,66883007
743,66883007
741,66883009
742,66883009
743,66883009
741,66883011
742,66883011
743,66883011
741,66883015
742,66883015
743,66883015
741,66883017
742,66883017
743,66883017
741,66883019
742,66883019
743,66883019
741,66868075
742,66868075
743,66868075
741,66868077
742,66868077
743,66868077
741,66868080
742,66868080
743,66868080
741,66868081
742,66868081
743,66868081
741,66868083
742,66868083
743,66868083
741,66868085
742,66868085
743,66868085
741,66868088
742,66868088
743,66868088
741,66868090
742,66868090
743,66868090
741,66868091
742,66868091
743,66868091
741,66868094
742,66868094
743,66868094
741,66868096
742,66868096
743,66868096
741,66868097
742,66868097
743,66868097
741,66868099
742,66868099
743,66868099
741,66868101
742,66868101
743,66868101
741,66868103
742,66868103
743,66868103
741,66868105
742,66868105
743,66868105
741,66868107
742,66868107
743,66868107
741,66868109
742,66868109
743,66868109
741,66868111
742,66868111
743,66868111
741,66868114
742,66868114
743,66868114
741,66868117
742,66868117
743,66868117
741,66868118
742,66868118
743,66868118
741,66868119
742,66868119
743,66868119
741,66868121
742,66868121
743,66868121
741,66868122
742,66868122
743,66868122
741,66868124
742,66868124
743,66868124
741,66868128
742,66868128
743,66868128
741,66868129
742,66868129
743,66868129
741,66868130
742,66868130
743,66868130
741,66868132
742,66868132
743,66868132
741,66868135
742,66868135
743,66868135
741,66868138
742,66868138
743,66868138
741,66868295
742,66868295
743,66868295
741,66868297
742,66868297
743,66868297
741,66868484
742,66868484
743,66868484
741,66868485
742,66868485
743,66868485
741,66868648
742,66868648
743,66868648
741,66868649
742,66868649
743,66868649
741,66868651
742,66868651
743,66868651
741,66868652
742,66868652
743,66868652
741,66868654
742,66868654
743,66868654
741,66868861
742,66868861
743,66868861
741,66868862
742,66868862
743,66868862
741,66868915
742,66868915
743,66868915
741,66868938
742,66868938
743,66868938
741,66872554
742,66872554
743,66872554
741,66872559
742,66872559
743,66872559
741,66872575
742,66872575
743,66872575
741,66872577
742,66872577
743,66872577
741,66872579
742,66872579
743,66872579
741,66872581
742,66872581
743,66872581
741,66872583
742,66872583
743,66872583
741,66872584
742,66872584
743,66872584
741,66872586
742,66872586
743,66872586
741,66872589
742,66872589
743,66872589
741,66872590
742,66872590
743,66872590
741,66872592
742,66872592
743,66872592
741,66860470
742,66860470
743,66860470
741,66860784
742,66860784
743,66860784
741,66860791
742,66860791
743,66860791
741,66860793
742,66860793
743,66860793
741,66860828
742,66860828
743,66860828
741,66860895
742,66860895
743,66860895
741,66860919
742,66860919
743,66860919
741,66860920
742,66860920
743,66860920
741,66860921
742,66860921
743,66860921
741,66861891
742,66861891
743,66861891
741,66861935
742,66861935
743,66861935
741,66861936
742,66861936
743,66861936
741,66861937
742,66861937
743,66861937
741,66861938
742,66861938
743,66861938
741,66861939
742,66861939
743,66861939
741,66861940
742,66861940
743,66861940
741,66861965
742,66861965
743,66861965
741,66861966
742,66861966
743,66861966
741,66861967
742,66861967
743,66861967
741,66861968
742,66861968
743,66861968
741,66862065
742,66862065
743,66862065
741,66862066
742,66862066
743,66862066
741,66862070
742,66862070
743,66862070
741,66862072
742,66862072
743,66862072
741,66862073
742,66862073
743,66862073
741,66862080
742,66862080
743,66862080
741,66862081
742,66862081
743,66862081
741,66862082
742,66862082
743,66862082
741,66862083
742,66862083
743,66862083
741,66862084
742,66862084
743,66862084
741,66862085
742,66862085
743,66862085
741,66862090
742,66862090
743,66862090
741,66862092
742,66862092
743,66862092
741,66862093
742,66862093
743,66862093
741,66862095
742,66862095
743,66862095
741,66862096
742,66862096
743,66862096
741,66862099
742,66862099
743,66862099
741,66862101
742,66862101
743,66862101
741,66862103
742,66862103
743,66862103
741,66862105
742,66862105
743,66862105
741,66862106
742,66862106
743,66862106
741,66862109
742,66862109
743,66862109
741,66862111
742,66862111
743,66862111
741,66862113
742,66862113
743,66862113
741,66882857
742,66882857
743,66882857
741,66882858
742,66882858
743,66882858
741,66882862
742,66882862
743,66882862
741,66882863
742,66882863
743,66882863
741,66882868
742,66882868
743,66882868
741,66882871
742,66882871
743,66882871
741,66882873
742,66882873
743,66882873
741,66882882
742,66882882
743,66882882
741,66882884
742,66882884
743,66882884
741,66882885
742,66882885
743,66882885
741,66882888
742,66882888
743,66882888
741,66869680
742,66869680
743,66869680
741,66869682
742,66869682
743,66869682
741,66869685
742,66869685
743,66869685
741,66869686
742,66869686
743,66869686
741,66869688
742,66869688
743,66869688
741,66869690
742,66869690
743,66869690
741,66869693
742,66869693
743,66869693
741,66869695
742,66869695
743,66869695
741,66869696
742,66869696
743,66869696
741,66869699
742,66869699
743,66869699
741,66869700
742,66869700
743,66869700
741,66869702
742,66869702
743,66869702
741,66869704
742,66869704
743,66869704
741,66869706
742,66869706
743,66869706
741,66869708
742,66869708
743,66869708
741,66869710
742,66869710
743,66869710
741,66869712
742,66869712
743,66869712
741,66869714
742,66869714
743,66869714
741,66869716
742,66869716
743,66869716
741,66869719
742,66869719
743,66869719
741,66869722
742,66869722
743,66869722
741,66869723
742,66869723
743,66869723
741,66869724
742,66869724
743,66869724
741,66869726
742,66869726
743,66869726
741,66869727
742,66869727
743,66869727
741,66869729
742,66869729
743,66869729
741,66869733
742,66869733
743,66869733
741,66869734
742,66869734
743,66869734
741,66869735
742,66869735
743,66869735
741,66869736
742,66869736
743,66869736
741,66869740
742,66869740
743,66869740
741,66869743
742,66869743
743,66869743
741,66869900
742,66869900
743,66869900
741,66869902
742,66869902
743,66869902
741,66870089
742,66870089
743,66870089
741,66870090
742,66870090
743,66870090
741,66870253
742,66870253
743,66870253
741,66870254
742,66870254
743,66870254
741,66870256
742,66870256
743,66870256
741,66870257
742,66870257
743,66870257
741,66870259
742,66870259
743,66870259
741,66870466
742,66870466
743,66870466
741,66870467
742,66870467
743,66870467
741,66870520
742,66870520
743,66870520
741,66870543
742,66870543
743,66870543
741,66878510
742,66878510
743,66878510
741,66878511
742,66878511
743,66878511
741,66878521
742,66878521
743,66878521
741,66878527
742,66878527
743,66878527
741,66878529
742,66878529
743,66878529
741,66878531
742,66878531
743,66878531
741,66878533
742,66878533
743,66878533
741,66878534
742,66878534
743,66878534
741,66878536
742,66878536
743,66878536
741,66878538
742,66878538
743,66878538
741,66878540
742,66878540
743,66878540
741,66865814
742,66865814
743,66865814
741,66865817
742,66865817
743,66865817
741,66865818
742,66865818
743,66865818
741,66865819
742,66865819
743,66865819
741,66865820
742,66865820
743,66865820
741,66865857
742,66865857
743,66865857
741,66865861
742,66865861
743,66865861
741,66865876
742,66865876
743,66865876
741,66865901
742,66865901
743,66865901
741,66865903
742,66865903
743,66865903
741,66865967
742,66865967
743,66865967
741,66866002
742,66866002
743,66866002
741,66866047
742,66866047
743,66866047
741,66866127
742,66866127
743,66866127
741,66866182
742,66866182
743,66866182
741,66866202
742,66866202
743,66866202
741,66866226
742,66866226
743,66866226
741,66866272
742,66866272
743,66866272
741,66866296
742,66866296
743,66866296
741,66866322
742,66866322
743,66866322
741,66866323
742,66866323
743,66866323
741,66866325
742,66866325
743,66866325
741,66866327
742,66866327
743,66866327
741,66866328
742,66866328
743,66866328
741,66866332
742,66866332
743,66866332
741,66866336
742,66866336
743,66866336
741,66866338
742,66866338
743,66866338
741,66866340
742,66866340
743,66866340
741,66866343
742,66866343
743,66866343
741,66866344
742,66866344
743,66866344
741,66866345
742,66866345
743,66866345
741,66866348
742,66866348
743,66866348
741,66866353
742,66866353
743,66866353
741,66866356
742,66866356
743,66866356
741,66866357
742,66866357
743,66866357
741,66866358
742,66866358
743,66866358
741,66866360
742,66866360
743,66866360
741,66866362
742,66866362
743,66866362
741,66866365
742,66866365
743,66866365
741,66866367
742,66866367
743,66866367
741,66866368
742,66866368
743,66866368
741,66866369
742,66866369
743,66866369
741,66866371
742,66866371
743,66866371
741,66866374
742,66866374
743,66866374
741,66872623
742,66872623
743,66872623
741,66872626
742,66872626
743,66872626
741,66872627
742,66872627
743,66872627
741,66872631
742,66872631
743,66872631
741,66872632
742,66872632
743,66872632
741,66872634
742,66872634
743,66872634
741,66872636
742,66872636
743,66872636
741,66872639
742,66872639
743,66872639
741,66872643
742,66872643
743,66872643
741,66872653
742,66872653
743,66872653
741,66872655
742,66872655
743,66872655
741,66872656
742,66872656
743,66872656
741,66872661
742,66872661
743,66872661
741,66872663
742,66872663
743,66872663
741,66872665
742,66872665
743,66872665
741,66872667
742,66872667
743,66872667
741,66871139
742,66871139
743,66871139
741,66871141
742,66871141
743,66871141
741,66871142
742,66871142
743,66871142
741,66871143
742,66871143
743,66871143
741,66871144
742,66871144
743,66871144
741,66871146
742,66871146
743,66871146
741,66871148
742,66871148
743,66871148
741,66871150
742,66871150
743,66871150
741,66871151
742,66871151
743,66871151
741,66871153
742,66871153
743,66871153
741,66871154
742,66871154
743,66871154
741,66871156
742,66871156
743,66871156
741,66871158
742,66871158
743,66871158
741,66871163
742,66871163
743,66871163
741,66871166
742,66871166
743,66871166
741,66871168
742,66871168
743,66871168
741,66871169
742,66871169
743,66871169
741,66871171
742,66871171
743,66871171
741,66871172
742,66871172
743,66871172
741,66871173
742,66871173
743,66871173
741,66871174
742,66871174
743,66871174
741,66871179
742,66871179
743,66871179
741,66871180
742,66871180
743,66871180
741,66871183
742,66871183
743,66871183
741,66871776
742,66871776
743,66871776
741,66871779
742,66871779
743,66871779
741,66871782
742,66871782
743,66871782
741,66871783
742,66871783
743,66871783
741,66871784
742,66871784
743,66871784
741,66871838
742,66871838
743,66871838
741,66871862
742,66871862
743,66871862
741,66871863
742,66871863
743,66871863
741,66871910
742,66871910
743,66871910
741,66871921
742,66871921
743,66871921
741,66871923
742,66871923
743,66871923
741,66872029
742,66872029
743,66872029
741,66872036
742,66872036
743,66872036
741,66872056
742,66872056
743,66872056
741,66872211
742,66872211
743,66872211
741,66872282
742,66872282
743,66872282
741,66872291
742,66872291
743,66872291
741,66872305
742,66872305
743,66872305
741,66872308
742,66872308
743,66872308
741,66872325
742,66872325
743,66872325
741,66880111
742,66880111
743,66880111
741,66880115
742,66880115
743,66880115
741,66880119
742,66880119
743,66880119
741,66880126
742,66880126
743,66880126
741,66880127
742,66880127
743,66880127
741,66880128
742,66880128
743,66880128
741,66880129
742,66880129
743,66880129
741,66880134
742,66880134
743,66880134
741,66880140
742,66880140
743,66880140
741,66880141
742,66880141
743,66880141
741,66880143
742,66880143
743,66880143
741,65069831
742,65069831
743,65069831
741,65069832
742,65069832
743,65069832
741,65069836
742,65069836
743,65069836
741,65069837
742,65069837
743,65069837
741,65069839
742,65069839
743,65069839
741,65069841
742,65069841
743,65069841
741,65069843
742,65069843
743,65069843
741,65069845
742,65069845
743,65069845
741,65069847
742,65069847
743,65069847
741,65069850
742,65069850
743,65069850
741,65069852
742,65069852
743,65069852
741,65069853
742,65069853
743,65069853
741,65069855
742,65069855
743,65069855
741,65069857
742,65069857
743,65069857
741,65069859
742,65069859
743,65069859
741,65069861
742,65069861
743,65069861
741,65069862
742,65069862
743,65069862
741,65069864
742,65069864
743,65069864
741,65069868
742,65069868
743,65069868
741,65069869
742,65069869
743,65069869
741,65069870
742,65069870
743,65069870
741,65069872
742,65069872
743,65069872
741,65069874
742,65069874
743,65069874
741,65069877
742,65069877
743,65069877
741,65069879
742,65069879
743,65069879
741,65069881
742,65069881
743,65069881
741,65069884
742,65069884
743,65069884
741,65069885
742,65069885
743,65069885
741,65069886
742,65069886
743,65069886
741,65069888
742,65069888
743,65069888
741,65069891
742,65069891
743,65069891
741,65069894
742,65069894
743,65069894
741,65070108
742,65070108
743,65070108
741,65070109
742,65070109
743,65070109
741,65070458
742,65070458
743,65070458
741,65070470
742,65070470
743,65070470
741,65070471
742,65070471
743,65070471
741,65070631
742,65070631
743,65070631
741,65070634
742,65070634
743,65070634
741,65070636
742,65070636
743,65070636
741,65070637
742,65070637
743,65070637
741,65070638
742,65070638
743,65070638
741,65070681
742,65070681
743,65070681
741,65070682
742,65070682
743,65070682
741,65070683
742,65070683
743,65070683
741,65142548
742,65142548
743,65142548
741,65142552
742,65142552
743,65142552
741,65142554
742,65142554
743,65142554
741,65142559
742,65142559
743,65142559
741,65142561
742,65142561
743,65142561
741,65142576
742,65142576
743,65142576
741,65142579
742,65142579
743,65142579
741,65142581
742,65142581
743,65142581
741,65142583
742,65142583
743,65142583
741,65142587
742,65142587
743,65142587
741,65142589
742,65142589
743,65142589
741,65142591
742,65142591
743,65142591
741,65142592
742,65142592
743,65142592
741,65142595
742,65142595
743,65142595
741,65132402
742,65132402
743,65132402
741,65132403
742,65132403
743,65132403
741,65132405
742,65132405
743,65132405
741,65132407
742,65132407
743,65132407
741,65132409
742,65132409
743,65132409
741,65132410
742,65132410
743,65132410
741,65132412
742,65132412
743,65132412
741,65132416
742,65132416
743,65132416
741,65132418
742,65132418
743,65132418
741,65132419
742,65132419
743,65132419
741,65132423
742,65132423
743,65132423
741,65132424
742,65132424
743,65132424
741,65132426
742,65132426
743,65132426
741,65132428
742,65132428
743,65132428
741,65132429
742,65132429
743,65132429
741,65132431
742,65132431
743,65132431
741,65132434
742,65132434
743,65132434
741,65132436
742,65132436
743,65132436
741,65132439
742,65132439
743,65132439
741,65132441
742,65132441
743,65132441
741,65132442
742,65132442
743,65132442
741,65132445
742,65132445
743,65132445
741,65132447
742,65132447
743,65132447
741,65132448
742,65132448
743,65132448
741,65132856
742,65132856
743,65132856
741,65133460
742,65133460
743,65133460
741,65133467
742,65133467
743,65133467
741,65133470
742,65133470
743,65133470
741,65133507
742,65133507
743,65133507
741,65133577
742,65133577
743,65133577
741,65133599
742,65133599
743,65133599
741,65133603
742,65133603
743,65133603
741,65133604
742,65133604
743,65133604
741,65133702
742,65133702
743,65133702
741,65133757
742,65133757
743,65133757
741,65133781
742,65133781
743,65133781
741,65133785
742,65133785
743,65133785
741,65133801
742,65133801
743,65133801
741,65133856
742,65133856
743,65133856
741,65133866
742,65133866
743,65133866
741,65133957
742,65133957
743,65133957
741,65133958
742,65133958
743,65133958
741,65134018
742,65134018
743,65134018
741,65134080
742,65134080
743,65134080
741,65138590
742,65138590
743,65138590
741,65138592
742,65138592
743,65138592
741,65138597
742,65138597
743,65138597
741,65138609
742,65138609
743,65138609
741,65138611
742,65138611
743,65138611
741,65138612
742,65138612
743,65138612
741,65138617
742,65138617
743,65138617
741,65138621
742,65138621
743,65138621
741,65138623
742,65138623
743,65138623
741,65138626
742,65138626
743,65138626
741,65138630
742,65138630
743,65138630
741,65138643
742,65138643
743,65138643
741,65150466
742,65150466
743,65150466
741,65150467
742,65150467
743,65150467
741,65150468
742,65150468
743,65150468
741,65150469
742,65150469
743,65150469
741,65150470
742,65150470
743,65150470
741,65150471
742,65150471
743,65150471
741,65150472
742,65150472
743,65150472
741,65150473
742,65150473
743,65150473
741,65150475
742,65150475
743,65150475
741,65150476
742,65150476
743,65150476
741,65150477
742,65150477
743,65150477
741,65150478
742,65150478
743,65150478
741,65150479
742,65150479
743,65150479
741,65150480
742,65150480
743,65150480
741,65150494
742,65150494
743,65150494
741,65150496
742,65150496
743,65150496
741,65150498
742,65150498
743,65150498
741,65150499
742,65150499
743,65150499
741,65150503
742,65150503
743,65150503
741,65150504
742,65150504
743,65150504
741,65150505
742,65150505
743,65150505
741,65150508
742,65150508
743,65150508
741,65150511
742,65150511
743,65150511
741,65150513
742,65150513
743,65150513
741,65150515
742,65150515
743,65150515
741,65150517
742,65150517
743,65150517
741,65150704
742,65150704
743,65150704
741,65150705
742,65150705
743,65150705
741,65151039
742,65151039
743,65151039
741,65151041
742,65151041
743,65151041
741,65151042
742,65151042
743,65151042
741,65151043
742,65151043
743,65151043
741,65151044
742,65151044
743,65151044
741,65151045
742,65151045
743,65151045
741,65151889
742,65151889
743,65151889
741,65151890
742,65151890
743,65151890
741,65151891
742,65151891
743,65151891
741,65151892
742,65151892
743,65151892
741,65151893
742,65151893
743,65151893
741,65151894
742,65151894
743,65151894
741,65152114
742,65152114
743,65152114
741,65152116
742,65152116
743,65152116
741,65152120
742,65152120
743,65152120
741,65152122
742,65152122
743,65152122
741,65152124
742,65152124
743,65152124
741,65152137
742,65152137
743,65152137
741,65152139
742,65152139
743,65152139
741,65152141
742,65152141
743,65152141
741,65152144
742,65152144
743,65152144
741,65152147
742,65152147
743,65152147
741,65152150
742,65152150
743,65152150
741,65072812
742,65072812
743,65072812
741,65072814
742,65072814
743,65072814
741,65072815
742,65072815
743,65072815
741,65072818
742,65072818
743,65072818
741,65072819
742,65072819
743,65072819
741,65072821
742,65072821
743,65072821
741,65072824
742,65072824
743,65072824
741,65072826
742,65072826
743,65072826
741,65072828
742,65072828
743,65072828
741,65072831
742,65072831
743,65072831
741,65072833
742,65072833
743,65072833
741,65072834
742,65072834
743,65072834
741,65072836
742,65072836
743,65072836
741,65072838
742,65072838
743,65072838
741,65072840
742,65072840
743,65072840
741,65072842
742,65072842
743,65072842
741,65072844
742,65072844
743,65072844
741,65072846
742,65072846
743,65072846
741,65072848
742,65072848
743,65072848
741,65072852
742,65072852
743,65072852
741,65072855
742,65072855
743,65072855
741,65072856
742,65072856
743,65072856
741,65072857
742,65072857
743,65072857
741,65072858
742,65072858
743,65072858
741,65072860
742,65072860
743,65072860
741,65072862
742,65072862
743,65072862
741,65072865
742,65072865
743,65072865
741,65072866
742,65072866
743,65072866
741,65072867
742,65072867
743,65072867
741,65072869
742,65072869
743,65072869
741,65072872
742,65072872
743,65072872
741,65072875
742,65072875
743,65072875
741,65073032
742,65073032
743,65073032
741,65073034
742,65073034
743,65073034
741,65073221
742,65073221
743,65073221
741,65073222
742,65073222
743,65073222
741,65073386
742,65073386
743,65073386
741,65073387
742,65073387
743,65073387
741,65073388
742,65073388
743,65073388
741,65073389
742,65073389
743,65073389
741,65073390
742,65073390
743,65073390
741,65073723
742,65073723
743,65073723
741,65073725
742,65073725
743,65073725
741,65073727
742,65073727
743,65073727
741,65073729
742,65073729
743,65073729
741,65073731
742,65073731
743,65073731
741,65141600
742,65141600
743,65141600
741,65141601
742,65141601
743,65141601
741,65141614
742,65141614
743,65141614
741,65141626
742,65141626
743,65141626
741,65141628
742,65141628
743,65141628
741,65141630
742,65141630
743,65141630
741,65141632
742,65141632
743,65141632
741,65141634
742,65141634
743,65141634
741,65141636
742,65141636
743,65141636
741,65141638
742,65141638
743,65141638
741,65141640
742,65141640
743,65141640
741,65141641
742,65141641
743,65141641
741,65141643
742,65141643
743,65141643
741,65141644
742,65141644
743,65141644
741,65136400
742,65136400
743,65136400
741,65136401
742,65136401
743,65136401
741,65136405
742,65136405
743,65136405
741,65136407
742,65136407
743,65136407
741,65136409
742,65136409
743,65136409
741,65136410
742,65136410
743,65136410
741,65136412
742,65136412
743,65136412
741,65136416
742,65136416
743,65136416
741,65136418
742,65136418
743,65136418
741,65136419
742,65136419
743,65136419
741,65136423
742,65136423
743,65136423
741,65136424
742,65136424
743,65136424
741,65136426
742,65136426
743,65136426
741,65136428
742,65136428
743,65136428
741,65136429
742,65136429
743,65136429
741,65136431
742,65136431
743,65136431
741,65136434
742,65136434
743,65136434
741,65136436
742,65136436
743,65136436
741,65136439
742,65136439
743,65136439
741,65136442
742,65136442
743,65136442
741,65136443
742,65136443
743,65136443
741,65136445
742,65136445
743,65136445
741,65136447
742,65136447
743,65136447
741,65136448
742,65136448
743,65136448
741,65136570
742,65136570
743,65136570
741,65136678
742,65136678
743,65136678
741,65136680
742,65136680
743,65136680
741,65136681
742,65136681
743,65136681
741,65136682
742,65136682
743,65136682
741,65136758
742,65136758
743,65136758
741,65137121
742,65137121
743,65137121
741,65137726
742,65137726
743,65137726
741,65137733
742,65137733
743,65137733
741,65137737
742,65137737
743,65137737
741,65137773
742,65137773
743,65137773
741,65137843
742,65137843
743,65137843
741,65137868
742,65137868
743,65137868
741,65137869
742,65137869
743,65137869
741,65137870
742,65137870
743,65137870
741,65137967
742,65137967
743,65137967
741,65138023
742,65138023
743,65138023
741,65138047
742,65138047
743,65138047
741,65138051
742,65138051
743,65138051
741,65138067
742,65138067
743,65138067
741,65138122
742,65138122
743,65138122
741,65138463
742,65138463
743,65138463
741,65138468
742,65138468
743,65138468
741,65138469
742,65138469
743,65138469
741,65138477
742,65138477
743,65138477
741,65138486
742,65138486
743,65138486
741,65138488
742,65138488
743,65138488
741,65138491
742,65138491
743,65138491
741,65138493
742,65138493
743,65138493
741,65138496
742,65138496
743,65138496
741,65138497
742,65138497
743,65138497
741,65138515
742,65138515
743,65138515
741,65062468
742,65062468
743,65062468
741,65062469
742,65062469
743,65062469
741,65062470
742,65062470
743,65062470
741,65062471
742,65062471
743,65062471
741,65062472
742,65062472
743,65062472
741,65062473
742,65062473
743,65062473
741,65062474
742,65062474
743,65062474
741,65062475
742,65062475
743,65062475
741,65062477
742,65062477
743,65062477
741,65062478
742,65062478
743,65062478
741,65062479
742,65062479
743,65062479
741,65062480
742,65062480
743,65062480
741,65062481
742,65062481
743,65062481
741,65062482
742,65062482
743,65062482
741,65062497
742,65062497
743,65062497
741,65062500
742,65062500
743,65062500
741,65062507
742,65062507
743,65062507
741,65062510
742,65062510
743,65062510
741,65062520
742,65062520
743,65062520
741,65062521
742,65062521
743,65062521
741,65062524
742,65062524
743,65062524
741,65062530
742,65062530
743,65062530
741,65062538
742,65062538
743,65062538
741,65062543
742,65062543
743,65062543
741,65062550
742,65062550
743,65062550
741,65062552
742,65062552
743,65062552
741,65062810
742,65062810
743,65062810
741,65062811
742,65062811
743,65062811
741,65062969
742,65062969
743,65062969
741,65062970
742,65062970
743,65062970
741,65062971
742,65062971
743,65062971
741,65062972
742,65062972
743,65062972
741,65063153
742,65063153
743,65063153
741,65063155
742,65063155
743,65063155
741,65063156
742,65063156
743,65063156
741,65063157
742,65063157
743,65063157
741,65063158
742,65063158
743,65063158
741,65063159
742,65063159
743,65063159
741,65140906
742,65140906
743,65140906
741,65140911
742,65140911
743,65140911
741,65140918
742,65140918
743,65140918
741,65140934
742,65140934
743,65140934
741,65140936
742,65140936
743,65140936
741,65140938
742,65140938
743,65140938
741,65140941
742,65140941
743,65140941
741,65140944
742,65140944
743,65140944
741,65140945
742,65140945
743,65140945
741,65140946
742,65140946
743,65140946
741,65140948
742,65140948
743,65140948
741,65140951
742,65140951
743,65140951
741,65064434
742,65064434
743,65064434
741,65064436
742,65064436
743,65064436
741,65064439
742,65064439
743,65064439
741,65064440
742,65064440
743,65064440
741,65064442
742,65064442
743,65064442
741,65064444
742,65064444
743,65064444
741,65064446
742,65064446
743,65064446
741,65064448
742,65064448
743,65064448
741,65064450
742,65064450
743,65064450
741,65064453
742,65064453
743,65064453
741,65064455
742,65064455
743,65064455
741,65064456
742,65064456
743,65064456
741,65064458
742,65064458
743,65064458
741,65064460
742,65064460
743,65064460
741,65064462
742,65064462
743,65064462
741,65064464
742,65064464
743,65064464
741,65064466
742,65064466
743,65064466
741,65064468
742,65064468
743,65064468
741,65064470
742,65064470
743,65064470
741,65064473
742,65064473
743,65064473
741,65064476
742,65064476
743,65064476
741,65064477
742,65064477
743,65064477
741,65064478
742,65064478
743,65064478
741,65064480
742,65064480
743,65064480
741,65064482
742,65064482
743,65064482
741,65064484
742,65064484
743,65064484
741,65064487
742,65064487
743,65064487
741,65064488
742,65064488
743,65064488
741,65064489
742,65064489
743,65064489
741,65064491
742,65064491
743,65064491
741,65064494
742,65064494
743,65064494
741,65064497
742,65064497
743,65064497
741,65064710
742,65064710
743,65064710
741,65064712
742,65064712
743,65064712
741,65065063
742,65065063
743,65065063
741,65065072
742,65065072
743,65065072
741,65065073
742,65065073
743,65065073
741,65065236
742,65065236
743,65065236
741,65065237
742,65065237
743,65065237
741,65065239
742,65065239
743,65065239
741,65065240
742,65065240
743,65065240
741,65065242
742,65065242
743,65065242
741,65065284
742,65065284
743,65065284
741,65065285
742,65065285
743,65065285
741,65065286
742,65065286
743,65065286
741,65141116
742,65141116
743,65141116
741,65141124
742,65141124
743,65141124
741,65141126
742,65141126
743,65141126
741,65141129
742,65141129
743,65141129
741,65141133
742,65141133
743,65141133
741,65141139
742,65141139
743,65141139
741,65141550
742,65141550
743,65141550
741,65141551
742,65141551
743,65141551
741,65141553
742,65141553
743,65141553
741,65141555
742,65141555
743,65141555
741,65141558
742,65141558
743,65141558
741,65141560
742,65141560
743,65141560
741,65141561
742,65141561
743,65141561
89,66957420
93,66957420
89,67057731
93,67057731
89,67014194
93,67014194
89,67133393
93,67133393
89,67097011
93,67097011
89,67119890
93,67119890
89,67134853
93,67134853
89,64895077
93,64895077
89,64897047
93,64897047
89,64904482
93,64904482
89,64966548
93,64966548
89,64898379
93,64898379
89,64900387
93,64900387
8,64459729_1
66,64459729_2
8,64459729_2
66,64459729_3
66,64459773_1
57,64459773_2
57,64460320_1
39,64460320_2
19,64462664_1
201,64462664_2
19,64462665_1
201,64462665_2
32,64462773_1
23,64462773_2
10,64463632_1
16,64463632_2
66,64464008_1
57,64464008_2
66,64464008_2
57,64464008_3
21,65049915_1
21,65049915_2
23,65049939_1
22,65049939_2
39,65050062_1
38,65050062_2
39,65050065_1
38,65050065_2
39,65050066_1
39,65050066_2
39,65050067_1
39,65050067_2
39,65050068_1
39,65050068_2
39,65050070_1
39,65050070_2
39,65050072_1
39,65050072_2
36,65050613_1
34,65050613_2
34,65050738_1
32,65050738_2
37,65050745_1
36,65050745_2
38,65050791_1
37,65050791_2
32,66644125_1
23,66644125_2
10,66644949_1
16,66644949_2
8,66645286_1
66,66645286_2
8,66645286_2
66,66645286_3
66,66645323_1
57,66645323_2
66,66645323_2
57,66645323_3
66,66645327_1
57,66645327_2
57,66645839_1
39,66645839_2
19,66650781_1
201,66650781_2
19,66650782_1
201,66650782_2
21,67251043_1
21,67251043_2
23,67251070_1
22,67251070_2
39,67251190_1
38,67251190_2
39,67251193_1
38,67251193_2
39,67251194_1
39,67251194_2
39,67251195_1
39,67251195_2
39,67251196_1
39,67251196_2
39,67251198_1
39,67251198_2
39,67251200_1
39,67251200_2
37,67251569_1
36,67251569_2
38,67251615_1
37,67251615_2
36,67251840_1
34,67251840_2
34,67252079_1
32,67252079_2
CR-Franklin,EastSt-712463-1809
CR-Franklin,EastSt-712687-2804
CR-Franklin,EastSt-712688-2805
CR-Franklin,EastSt-712465-1811
CR-Franklin,EastSt-712683-2800
CR-Franklin,EastSt-712457-1803
CR-Franklin,EastSt-712694-2811
CR-Franklin,EastSt-712684-2801
CR-Franklin,EastSt-712692-2809
CR-Franklin,EastSt-712460-1806
CR-Kingston,EastSt-712612-2021
CR-Franklin,EastSt-712696-2813
CR-Franklin,EastSt-712467-1813
CR-Franklin,EastSt-712685-2802
CR-Franklin,EastSt-712458-1804
CR-Franklin,EastSt-712702-2819
CR-Franklin,EastSt-712454-1800
CR-Franklin,EastSt-712469-1815
CR-Franklin,EastSt-712691-2808
CR-Franklin,EastSt-712693-2810
CR-Franklin,EastSt-712697-2814
CR-Franklin,EastSt-712470-1816
CR-Franklin,EastSt-712461-1807
CR-Franklin,EastSt-712455-1801
CR-Franklin,EastSt-712456-1802
CR-Franklin,EastSt-712462-1808
CR-Kingston,EastSt-712384-1021
CR-Franklin,EastSt-712468-1814
CR-Franklin,EastSt-712700-2817
CR-Franklin,EastSt-712471-1817
CR-Franklin,EastSt-712690-2807
CR-Franklin,EastSt-712695-2812
CR-Franklin,EastSt-712689-2806
CR-Franklin,EastSt-712466-1812
CR-Franklin,EastSt-712699-2816
CR-Franklin,EastSt-712459-1805
CR-Franklin,EastSt-712473-1819
CR-Franklin,EastSt-712464-1810
CR-Franklin,EastSt-712686-2803
CR-Franklin,EastSt-712698-2815
CR-Fairmount,EastSt-714301-2704
CR-Fairmount,EastSt-714302-2702
CR-Fairmount,EastSt-714303-2700
CR-Fairmount,EastSt-714305-2707
CR-Fairmount,EastSt-714306-2712
CR-Fairmount,EastSt-714308-2713
CR-Fairmount,EastSt-714310-2715
CR-Fairmount,EastSt-714311-2714
CR-Fairmount,EastSt-714312-2716
CR-Fairmount,EastSt-714313-2717
CR-Fairmount,EastSt-714314-2711
CR-Fairmount,EastSt-714315-2703
CR-Fairmount,EastSt-714316-2710
CR-Fairmount,EastSt-714317-2708
CR-Fairmount,EastSt-714318-2719
CR-Fairmount,EastSt-714319-2706
CR-Fairmount,EastSt-714321-2705
CR-Fairmount,EastSt-714322-2701
CR-Fairmount,EastSt-714324-2709
CR-Fairmount,EastSt-714329-1700
CR-Fairmount,EastSt-714330-1701
CR-Fairmount,EastSt-714331-1719
CR-Fairmount,EastSt-714332-1703
CR-Fairmount,EastSt-714333-1705
CR-Fairmount,EastSt-714334-1709
CR-Fairmount,EastSt-714338-1714
CR-Fairmount,EastSt-714339-1713
CR-Fairmount,EastSt-714343-1707
CR-Fairmount,EastSt-714344-1711
CR-Fairmount,EastSt-714346-1717
CR-Fairmount,EastSt-714347-1706
CR-Fairmount,EastSt-714350-1715
CR-Fairmount,EastSt-714351-1702
CR-Fairmount,EastSt-714354-1710
CR-Fairmount,EastSt-714355-1716
CR-Fairmount,EastSt-714357-1708
CR-Fairmount,EastSt-714358-1704
CR-Fairmount,EastSt-714360-1712
CR-Kingston,SouthWKDYF24-704910-031
CR-Needham,SouthWKDYF24-697838-839
CR-Franklin,SouthWKDYF24-697836-837
CR-Franklin,SouthWKDYF24-697827-828
CR-Franklin,SouthWKDYF24-697871-892
CR-Franklin,SouthWKDYF24-697839-840
CR-Franklin,SouthWKDYF24-697843-862
CR-Franklin,SouthWKDYF24-706284-833
CR-Franklin,SouthWKDYF24-697833-834
CR-Needham,SouthWKDYF24-697840-841
CR-Franklin,SouthWKDYF24-697840-841
CR-Fairmount,SouthWKDYF24-697770-728
CR-Fairmount,SouthWKDYF24-697774-732
CR-Fairmount,SouthWKDYF24-697777-735
CR-Fairmount,SouthWKDYF24-697778-740
CR-Fairmount,SouthWKDYF24-697779-741
CR-Fairmount,SouthWKDYF24-697790-752
CR-Fairmount,SouthWKDYF24-697795-757
CR-Fairmount,SouthWKDYF24-697797-759
CR-Fairmount,SouthWKDYF24-697872-893
CR-Fairmount,SouthWKDYF24-710142-734
CR-Fairmount,SouthWKDYF24-710143-760
CR-Fairmount,SouthWKDYF24-710166-758
CR-Franklin,SouthWKNDF24-698069-1808
CR-Franklin,SouthWKNDF24-698067-1806
CR-Franklin,SouthWKNDF24-698562-2801
CR-Franklin,SouthWKNDF24-698573-2812
CR-Franklin,SouthWKNDF24-698065-1804
CR-Franklin,SouthWKNDF24-698071-1810
CR-Franklin,SouthWKNDF24-698075-1814
CR-Franklin,SouthWKNDF24-698079-1818
CR-Franklin,SouthWKNDF24-698567-2806
CR-Franklin,SouthWKNDF24-698574-2813
CR-Franklin,SouthWKNDF24-698577-2816
CR-Franklin,SouthWKNDF24-698576-2815
CR-Franklin,SouthWKNDF24-698073-1812
CR-Franklin,SouthWKNDF24-698062-1801
CR-Franklin,SouthWKNDF24-698072-1811
CR-Franklin,SouthWKNDF24-698564-2803
CR-Franklin,SouthWKNDF24-698078-1817
CR-Franklin,SouthWKNDF24-698571-2810
CR-Franklin,SouthWKNDF24-698575-2814
CR-Franklin,SouthWKNDF24-698068-1807
CR-Franklin,SouthWKNDF24-698064-1803
CR-Franklin,SouthWKNDF24-698561-2800
CR-Franklin,SouthWKNDF24-698572-2811
CR-Franklin,SouthWKNDF24-698070-1809
CR-Franklin,SouthWKNDF24-698076-1815
CR-Franklin,SouthWKNDF24-698063-1802
CR-Franklin,SouthWKNDF24-698066-1805
CR-Franklin,SouthWKNDF24-698563-2802
CR-Franklin,SouthWKNDF24-698570-2809
CR-Franklin,SouthWKNDF24-698580-2819
CR-Franklin,SouthWKNDF24-698074-1813
CR-Franklin,SouthWKNDF24-698568-2807
CR-Franklin,SouthWKNDF24-698578-2817
CR-Franklin,SouthWKNDF24-698566-2805
CR-Kingston,SouthWKNDF24-697971-1021
CR-Franklin,SouthWKNDF24-698569-2808
CR-Franklin,SouthWKNDF24-698565-2804
CR-Franklin,SouthWKNDF24-698579-2818
CR-Kingston,SouthWKNDF24-698471-2021
CR-Franklin,SouthWKNDF24-698077-1816
CR-Franklin,SouthWKNDF24-698080-1819
CR-Franklin,SouthWKNDF24-698061-1800
CR-Fairmount,SouthWKNDF24-698041-1700
CR-Fairmount,SouthWKNDF24-698042-1701
CR-Fairmount,SouthWKNDF24-698043-1702
CR-Fairmount,SouthWKNDF24-698044-1703
CR-Fairmount,SouthWKNDF24-698045-1704
CR-Fairmount,SouthWKNDF24-698046-1705
CR-Fairmount,SouthWKNDF24-698047-1706
CR-Fairmount,SouthWKNDF24-698048-1707
CR-Fairmount,SouthWKNDF24-698049-1708
CR-Fairmount,SouthWKNDF24-698050-1709
CR-Fairmount,SouthWKNDF24-698051-1710
CR-Fairmount,SouthWKNDF24-698052-1711
CR-Fairmount,SouthWKNDF24-698053-1712
CR-Fairmount,SouthWKNDF24-698054-1713
CR-Fairmount,SouthWKNDF24-698055-1714
CR-Fairmount,SouthWKNDF24-698056-1715
CR-Fairmount,SouthWKNDF24-698057-1716
CR-Fairmount,SouthWKNDF24-698058-1717
CR-Fairmount,SouthWKNDF24-698060-1719
CR-Fairmount,SouthWKNDF24-698541-2700
CR-Fairmount,SouthWKNDF24-698542-2701
CR-Fairmount,SouthWKNDF24-698543-2702
CR-Fairmount,SouthWKNDF24-698544-2703
CR-Fairmount,SouthWKNDF24-698545-2704
CR-Fairmount,SouthWKNDF24-698546-2705
CR-Fairmount,SouthWKNDF24-698547-2706
CR-Fairmount,SouthWKNDF24-698548-2707
CR-Fairmount,SouthWKNDF24-698549-2708
CR-Fairmount,SouthWKNDF24-698550-2709
CR-Fairmount,SouthWKNDF24-698551-2710
CR-Fairmount,SouthWKNDF24-698552-2711
CR-Fairmount,SouthWKNDF24-698553-2712
CR-Fairmount,SouthWKNDF24-698554-2713
CR-Fairmount,SouthWKNDF24-698555-2714
CR-Fairmount,SouthWKNDF24-698556-2715
CR-Fairmount,SouthWKNDF24-698557-2716
CR-Fairmount,SouthWKNDF24-698558-2717
CR-Fairmount,SouthWKNDF24-698560-2719
CR-Fairmount,SouthWKNDF24-710155-1718
CR-Fairmount,SouthWKNDF24-710157-2718
CR-Haverhill,NorthWKNDF24-696752-2201-HaverhillBradfordVanV1
CR-Haverhill,NorthWKNDF24-696754-2203-HaverhillBradfordVanV1
CR-Haverhill,NorthWKNDF24-696756-2205-HaverhillBradfordVanV1
CR-Haverhill,NorthWKNDF24-696758-2207-HaverhillBradfordVanV1
CR-Haverhill,NorthWKNDF24-696760-2209-HaverhillBradfordVanV1
CR-Haverhill,NorthWKNDF24-696762-2211-HaverhillBradfordVanV1
CR-Haverhill,NorthWKNDF24-696764-2213-HaverhillBradfordVanV1
CR-Haverhill,NorthWKNDF24-696766-2215-HaverhillBradfordVanV1
CR-Haverhill,NorthWKNDF24-696751-2200-HaverhillBradfordVanV1
CR-Haverhill,NorthWKNDF24-696753-2202-HaverhillBradfordVanV1
CR-Haverhill,NorthWKNDF24-696755-2204-HaverhillBradfordVanV1
CR-Haverhill,NorthWKNDF24-696757-2206-HaverhillBradfordVanV1
CR-Haverhill,NorthWKNDF24-696759-2208-HaverhillBradfordVanV1
CR-Haverhill,NorthWKNDF24-696761-2210-HaverhillBradfordVanV1
CR-Haverhill,NorthWKNDF24-696763-2212-HaverhillBradfordVanV1
CR-Haverhill,NorthWKNDF24-696765-2214-HaverhillBradfordVanV1
CR-Haverhill,NorthWKNDF24-696477-1201-HaverhillBradfordVanV1
CR-Haverhill,NorthWKNDF24-696479-1203-HaverhillBradfordVanV1
CR-Haverhill,NorthWKNDF24-696481-1205-HaverhillBradfordVanV1
CR-Haverhill,NorthWKNDF24-696483-1207-HaverhillBradfordVanV1
CR-Haverhill,NorthWKNDF24-696485-1209-HaverhillBradfordVanV1
CR-Haverhill,NorthWKNDF24-696487-1211-HaverhillBradfordVanV1
CR-Haverhill,NorthWKNDF24-696489-1213-HaverhillBradfordVanV1
CR-Haverhill,NorthWKNDF24-696493-1215-HaverhillBradfordVanV1
CR-Haverhill,NorthWKNDF24-696475-1200-HaverhillBradfordVanV1
CR-Haverhill,NorthWKNDF24-696478-1202-HaverhillBradfordVanV1
CR-Haverhill,NorthWKNDF24-696480-1204-HaverhillBradfordVanV1
CR-Haverhill,NorthWKNDF24-696482-1206-HaverhillBradfordVanV1
CR-Haverhill,NorthWKNDF24-696484-1208-HaverhillBradfordVanV1
CR-Haverhill,NorthWKNDF24-696486-1210-HaverhillBradfordVanV1
CR-Haverhill,NorthWKNDF24-696488-1212-HaverhillBradfordVanV1
CR-Haverhill,NorthWKNDF24-696490-1214-HaverhillBradfordVanV1
CR-Haverhill,NorthWKDYF24-696214-201-HaverhillBradfordVanV1
CR-Haverhill,NorthWKDYF24-696216-203-HaverhillBradfordVanV1
CR-Haverhill,NorthWKDYF24-696218-205-HaverhillBradfordVanV1
CR-Haverhill,NorthWKDYF24-696220-207-HaverhillBradfordVanV1
CR-Haverhill,NorthWKDYF24-696222-209-HaverhillBradfordVanV1
CR-Haverhill,NorthWKDYF24-696224-211-HaverhillBradfordVanV1
CR-Haverhill,NorthWKDYF24-696226-213-HaverhillBradfordVanV1
CR-Haverhill,NorthWKDYF24-696228-215-HaverhillBradfordVanV1
CR-Haverhill,NorthWKDYF24-696232-219-HaverhillBradfordVanV1
CR-Haverhill,NorthWKDYF24-696234-221-HaverhillBradfordVanV1
CR-Haverhill,NorthWKDYF24-696235-223-HaverhillBradfordVanV1
CR-Haverhill,NorthWKDYF24-696237-225-HaverhillBradfordVanV1
CR-Haverhill,NorthWKDYF24-696230-217-HaverhillBradfordVanV1
CR-Haverhill,NorthWKDYF24-696217-204-HaverhillBradfordVanV1
CR-Haverhill,NorthWKDYF24-696213-200-HaverhillBradfordVanV1
CR-Haverhill,NorthWKDYF24-696215-202-HaverhillBradfordVanV1
CR-Haverhill,NorthWKDYF24-696219-206-HaverhillBradfordVanV1
CR-Haverhill,NorthWKDYF24-696221-208-HaverhillBradfordVanV1
CR-Haverhill,NorthWKDYF24-696223-210-HaverhillBradfordVanV1
CR-Haverhill,NorthWKDYF24-696225-212-HaverhillBradfordVanV1
CR-Haverhill,NorthWKDYF24-696227-214-HaverhillBradfordVanV1
CR-Haverhill,NorthWKDYF24-696229-216-HaverhillBradfordVanV1
CR-Haverhill,NorthWKDYF24-696231-218-HaverhillBradfordVanV1
CR-Haverhill,NorthWKDYF24-696233-220-HaverhillBradfordVanV1
CR-Haverhill,NorthWKDYF24-696236-224-HaverhillBradfordVanV1
CR-Franklin,CR-EastSt-ForgeParkReadville-Saturday-0-07:22:00
CR-Franklin,CR-EastSt-ForgeParkReadville-Saturday-0-08:37:00
CR-Franklin,CR-EastSt-ForgeParkReadville-Saturday-0-09:22:00
CR-Franklin,CR-EastSt-ForgeParkReadville-Saturday-0-10:52:00
CR-Franklin,CR-EastSt-ForgeParkReadville-Saturday-0-11:37:00
CR-Franklin,CR-EastSt-ForgeParkReadville-Saturday-0-12:52:00
CR-Franklin,CR-EastSt-ForgeParkReadville-Saturday-0-13:52:00
CR-Franklin,CR-EastSt-ForgeParkReadville-Saturday-0-14:52:00
CR-Franklin,CR-EastSt-ForgeParkReadville-Saturday-0-16:22:00
CR-Franklin,CR-EastSt-ForgeParkReadville-Saturday-0-17:22:00
CR-Franklin,CR-EastSt-ForgeParkReadville-Saturday-0-18:22:00
CR-Franklin,CR-EastSt-ForgeParkReadville-Saturday-0-19:30:00
CR-Franklin,CR-EastSt-ForgeParkReadville-Saturday-0-20:30:00
CR-Franklin,CR-EastSt-ForgeParkReadville-Saturday-0-21:30:00
CR-Franklin,CR-EastSt-ForgeParkReadville-Saturday-0-22:30:00
CR-Franklin,CR-EastSt-ForgeParkReadville-Saturday-0-23:30:00
CR-Franklin,CR-EastSt-ForgeParkReadville-Saturday-0-24:30:00
CR-Franklin,CR-EastSt-ForgeParkReadville-Sunday-0-07:22:00
CR-Franklin,CR-EastSt-ForgeParkReadville-Sunday-0-08:37:00
CR-Franklin,CR-EastSt-ForgeParkReadville-Sunday-0-09:22:00
CR-Franklin,CR-EastSt-ForgeParkReadville-Sunday-0-10:52:00
CR-Franklin,CR-EastSt-ForgeParkReadville-Sunday-0-11:37:00
CR-Franklin,CR-EastSt-ForgeParkReadville-Sunday-0-12:52:00
CR-Franklin,CR-EastSt-ForgeParkReadville-Sunday-0-13:52:00
CR-Franklin,CR-EastSt-ForgeParkReadville-Sunday-0-14:52:00
CR-Franklin,CR-EastSt-ForgeParkReadville-Sunday-0-16:22:00
CR-Franklin,CR-EastSt-ForgeParkReadville-Sunday-0-17:22:00
CR-Franklin,CR-EastSt-ForgeParkReadville-Sunday-0-18:22:00
CR-Franklin,CR-EastSt-ForgeParkReadville-Sunday-0-19:30:00
CR-Franklin,CR-EastSt-ForgeParkReadville-Sunday-0-20:30:00
CR-Franklin,CR-EastSt-ForgeParkReadville-Sunday-0-21:30:00
CR-Franklin,CR-EastSt-ForgeParkReadville-Sunday-0-22:30:00
CR-Franklin,CR-EastSt-ForgeParkReadville-Sunday-0-23:30:00
CR-Franklin,CR-EastSt-ForgeParkReadville-Sunday-0-24:30:00
CR-Franklin,CR-EastSt-ForgeParkReadville-Saturday-1-04:50:00
CR-Franklin,CR-EastSt-ForgeParkReadville-Saturday-1-05:50:00
CR-Franklin,CR-EastSt-ForgeParkReadville-Saturday-1-06:50:00
CR-Franklin,CR-EastSt-ForgeParkReadville-Saturday-1-07:50:00
CR-Franklin,CR-EastSt-ForgeParkReadville-Saturday-1-09:05:00
CR-Franklin,CR-EastSt-ForgeParkReadville-Saturday-1-10:20:00
CR-Franklin,CR-EastSt-ForgeParkReadville-Saturday-1-11:05:00
CR-Franklin,CR-EastSt-ForgeParkReadville-Saturday-1-12:05:00
CR-Franklin,CR-EastSt-ForgeParkReadville-Saturday-1-13:05:00
CR-Franklin,CR-EastSt-ForgeParkReadville-Saturday-1-14:05:00
CR-Franklin,CR-EastSt-ForgeParkReadville-Saturday-1-15:05:00
CR-Franklin,CR-EastSt-ForgeParkReadville-Saturday-1-16:15:00
CR-Franklin,CR-EastSt-ForgeParkReadville-Saturday-1-17:15:00
CR-Franklin,CR-EastSt-ForgeParkReadville-Saturday-1-18:30:00
CR-Franklin,CR-EastSt-ForgeParkReadville-Saturday-1-19:30:00
CR-Franklin,CR-EastSt-ForgeParkReadville-Saturday-1-20:30:00
CR-Franklin,CR-EastSt-ForgeParkReadville-Saturday-1-21:30:00
CR-Franklin,CR-EastSt-ForgeParkReadville-Sunday-1-04:50:00
CR-Franklin,CR-EastSt-ForgeParkReadville-Sunday-1-05:50:00
CR-Franklin,CR-EastSt-ForgeParkReadville-Sunday-1-06:50:00
CR-Franklin,CR-EastSt-ForgeParkReadville-Sunday-1-07:50:00
CR-Franklin,CR-EastSt-ForgeParkReadville-Sunday-1-09:05:00
CR-Franklin,CR-EastSt-ForgeParkReadville-Sunday-1-10:20:00
CR-Franklin,CR-EastSt-ForgeParkReadville-Sunday-1-11:05:00
CR-Franklin,CR-EastSt-ForgeParkReadville-Sunday-1-12:05:00
CR-Franklin,CR-EastSt-ForgeParkReadville-Sunday-1-13:05:00
CR-Franklin,CR-EastSt-ForgeParkReadville-Sunday-1-14:05:00
CR-Franklin,CR-EastSt-ForgeParkReadville-Sunday-1-15:05:00
CR-Franklin,CR-EastSt-ForgeParkReadville-Sunday-1-16:15:00
CR-Franklin,CR-EastSt-ForgeParkReadville-Sunday-1-17:15:00
CR-Franklin,CR-EastSt-ForgeParkReadville-Sunday-1-18:30:00
CR-Franklin,CR-EastSt-ForgeParkReadville-Sunday-1-19:30:00
CR-Franklin,CR-EastSt-ForgeParkReadville-Sunday-1-20:30:00
CR-Franklin,CR-EastSt-ForgeParkReadville-Sunday-1-21:30:00
CR-Lowell,CR-LowellNorthStation-Express-Saturday-0-06:30:00
CR-Lowell,CR-LowellNorthStation-Express-Saturday-0-07:30:00
CR-Lowell,CR-LowellNorthStation-Express-Saturday-0-08:30:00
CR-Lowell,CR-LowellNorthStation-Express-Saturday-0-09:30:00
CR-Lowell,CR-LowellNorthStation-Express-Saturday-0-10:30:00
CR-Lowell,CR-LowellNorthStation-Express-Saturday-0-11:30:00
CR-Lowell,CR-LowellNorthStation-Express-Saturday-0-12:30:00
CR-Lowell,CR-LowellNorthStation-Express-Saturday-0-13:30:00
CR-Lowell,CR-LowellNorthStation-Express-Saturday-0-14:30:00
CR-Lowell,CR-LowellNorthStation-Express-Saturday-0-15:30:00
CR-Lowell,CR-LowellNorthStation-Express-Saturday-0-16:30:00
CR-Lowell,CR-LowellNorthStation-Express-Saturday-0-17:30:00
CR-Lowell,CR-LowellNorthStation-Express-Saturday-0-18:30:00
CR-Lowell,CR-LowellNorthStation-Express-Saturday-0-19:30:00
CR-Lowell,CR-LowellNorthStation-Express-Saturday-0-20:30:00
CR-Lowell,CR-LowellNorthStation-Express-Saturday-0-21:30:00
CR-Lowell,CR-LowellNorthStation-Express-Saturday-0-22:30:00
CR-Lowell,CR-LowellNorthStation-Express-Saturday-0-23:30:00
CR-Lowell,CR-LowellNorthStation-Express-Saturday-1-05:30:00
CR-Lowell,CR-LowellNorthStation-Express-Saturday-1-06:30:00
CR-Lowell,CR-LowellNorthStation-Express-Saturday-1-07:30:00
CR-Lowell,CR-LowellNorthStation-Express-Saturday-1-08:30:00
CR-Lowell,CR-LowellNorthStation-Express-Saturday-1-09:30:00
CR-Lowell,CR-LowellNorthStation-Express-Saturday-1-10:30:00
CR-Lowell,CR-LowellNorthStation-Express-Saturday-1-11:30:00
CR-Lowell,CR-LowellNorthStation-Express-Saturday-1-12:30:00
CR-Lowell,CR-LowellNorthStation-Express-Saturday-1-13:30:00
CR-Lowell,CR-LowellNorthStation-Express-Saturday-1-14:30:00
CR-Lowell,CR-LowellNorthStation-Express-Saturday-1-15:30:00
CR-Lowell,CR-LowellNorthStation-Express-Saturday-1-16:30:00
CR-Lowell,CR-LowellNorthStation-Express-Saturday-1-17:30:00
CR-Lowell,CR-LowellNorthStation-Express-Saturday-1-18:30:00
CR-Lowell,CR-LowellNorthStation-Express-Saturday-1-19:30:00
CR-Lowell,CR-LowellNorthStation-Express-Saturday-1-20:30:00
CR-Lowell,CR-LowellNorthStation-Express-Saturday-1-21:30:00
CR-Lowell,CR-LowellNorthStation-Express-Saturday-1-22:30:00
CR-Lowell,CR-LowellNorthStation-Wilmington-Saturday-0-06:10:00
CR-Lowell,CR-LowellNorthStation-Wilmington-Saturday-0-07:10:00
CR-Lowell,CR-LowellNorthStation-Wilmington-Saturday-0-08:10:00
CR-Lowell,CR-LowellNorthStation-Wilmington-Saturday-0-08:55:00
CR-Lowell,CR-LowellNorthStation-Wilmington-Saturday-0-09:55:00
CR-Lowell,CR-LowellNorthStation-Wilmington-Saturday-0-10:55:00
CR-Lowell,CR-LowellNorthStation-Wilmington-Saturday-0-11:55:00
CR-Lowell,CR-LowellNorthStation-Wilmington-Saturday-0-12:55:00
CR-Lowell,CR-LowellNorthStation-Wilmington-Saturday-0-13:55:00
CR-Lowell,CR-LowellNorthStation-Wilmington-Saturday-0-14:50:00
CR-Lowell,CR-LowellNorthStation-Wilmington-Saturday-0-15:50:00
CR-Lowell,CR-LowellNorthStation-Wilmington-Saturday-0-16:50:00
CR-Lowell,CR-LowellNorthStation-Wilmington-Saturday-0-18:00:00
CR-Lowell,CR-LowellNorthStation-Wilmington-Saturday-0-18:55:00
CR-Lowell,CR-LowellNorthStation-Wilmington-Saturday-0-19:55:00
CR-Lowell,CR-LowellNorthStation-Wilmington-Saturday-0-21:05:00
CR-Lowell,CR-LowellNorthStation-Wilmington-Saturday-0-22:05:00
CR-Lowell,CR-LowellNorthStation-Wilmington-Saturday-0-23:05:00
CR-Lowell,CR-LowellNorthStation-Wilmington-Saturday-0-23:55:00
CR-Lowell,CR-LowellNorthStation-Wilmington-Saturday-1-05:05:00
CR-Lowell,CR-LowellNorthStation-Wilmington-Saturday-1-06:05:00
CR-Lowell,CR-LowellNorthStation-Wilmington-Saturday-1-07:05:00
CR-Lowell,CR-LowellNorthStation-Wilmington-Saturday-1-08:05:00
CR-Lowell,CR-LowellNorthStation-Wilmington-Saturday-1-09:05:00
CR-Lowell,CR-LowellNorthStation-Wilmington-Saturday-1-10:05:00
CR-Lowell,CR-LowellNorthStation-Wilmington-Saturday-1-11:15:00
CR-Lowell,CR-LowellNorthStation-Wilmington-Saturday-1-12:15:00
CR-Lowell,CR-LowellNorthStation-Wilmington-Saturday-1-13:15:00
CR-Lowell,CR-LowellNorthStation-Wilmington-Saturday-1-14:15:00
CR-Lowell,CR-LowellNorthStation-Wilmington-Saturday-1-15:15:00
CR-Lowell,CR-LowellNorthStation-Wilmington-Saturday-1-16:15:00
CR-Lowell,CR-LowellNorthStation-Wilmington-Saturday-1-17:15:00
CR-Lowell,CR-LowellNorthStation-Wilmington-Saturday-1-18:15:00
CR-Lowell,CR-LowellNorthStation-Wilmington-Saturday-1-19:15:00
CR-Lowell,CR-LowellNorthStation-Wilmington-Saturday-1-20:05:00
CR-Lowell,CR-LowellNorthStation-Wilmington-Saturday-1-21:05:00
CR-Lowell,CR-LowellNorthStation-Wilmington-Saturday-1-22:05:00
CR-Lowell,CR-LowellNorthStation-Wilmington-Saturday-1-23:05:00
CR-Fitchburg,CR-WachusettNorthLeominster-Saturday-0-09:07:00
CR-Fitchburg,CR-WachusettNorthLeominster-Saturday-0-11:37:00
CR-Fitchburg,CR-WachusettNorthLeominster-Saturday-0-13:37:00
CR-Fitchburg,CR-WachusettNorthLeominster-Saturday-0-15:37:00
CR-Fitchburg,CR-WachusettNorthLeominster-Saturday-0-17:37:00
CR-Fitchburg,CR-WachusettNorthLeominster-Saturday-0-19:37:00
CR-Fitchburg,CR-WachusettNorthLeominster-Saturday-0-22:02:00
CR-Fitchburg,CR-WachusettNorthLeominster-Saturday-0-25:02:00
CR-Fitchburg,CR-WachusettNorthLeominster-Sunday-0-09:07:00
CR-Fitchburg,CR-WachusettNorthLeominster-Sunday-0-11:37:00
CR-Fitchburg,CR-WachusettNorthLeominster-Sunday-0-13:37:00
CR-Fitchburg,CR-WachusettNorthLeominster-Sunday-0-15:37:00
CR-Fitchburg,CR-WachusettNorthLeominster-Sunday-0-17:37:00
CR-Fitchburg,CR-WachusettNorthLeominster-Sunday-0-19:37:00
CR-Fitchburg,CR-WachusettNorthLeominster-Sunday-0-22:02:00
CR-Fitchburg,CR-WachusettNorthLeominster-Sunday-0-25:02:00
CR-Fitchburg,CR-WachusettNorthLeominster-Weekday-0-07:42:00
CR-Fitchburg,CR-WachusettNorthLeominster-Weekday-0-08:52:00
CR-Fitchburg,CR-WachusettNorthLeominster-Weekday-0-09:52:00
CR-Fitchburg,CR-WachusettNorthLeominster-Weekday-0-11:52:00
CR-Fitchburg,CR-WachusettNorthLeominster-Weekday-0-13:52:00
CR-Fitchburg,CR-WachusettNorthLeominster-Weekday-0-15:52:00
CR-Fitchburg,CR-WachusettNorthLeominster-Weekday-0-17:02:00
CR-Fitchburg,CR-WachusettNorthLeominster-Weekday-0-18:09:00
CR-Fitchburg,CR-WachusettNorthLeominster-Weekday-0-18:55:00
CR-Fitchburg,CR-WachusettNorthLeominster-Weekday-0-19:52:00
CR-Fitchburg,CR-WachusettNorthLeominster-Weekday-0-20:52:00
CR-Fitchburg,CR-WachusettNorthLeominster-Weekday-0-22:22:00
CR-Fitchburg,CR-WachusettNorthLeominster-Weekday-0-23:52:00
CR-Fitchburg,CR-WachusettNorthLeominster-Weekday-0-24:12:00
CR-Fitchburg,CR-WachusettNorthLeominster-Saturday-1-04:35:00
CR-Fitchburg,CR-WachusettNorthLeominster-Saturday-1-07:35:00
CR-Fitchburg,CR-WachusettNorthLeominster-Saturday-1-10:00:00
CR-Fitchburg,CR-WachusettNorthLeominster-Saturday-1-12:00:00
CR-Fitchburg,CR-WachusettNorthLeominster-Saturday-1-14:00:00
CR-Fitchburg,CR-WachusettNorthLeominster-Saturday-1-16:00:00
CR-Fitchburg,CR-WachusettNorthLeominster-Saturday-1-18:00:00
CR-Fitchburg,CR-WachusettNorthLeominster-Saturday-1-20:30:00
CR-Fitchburg,CR-WachusettNorthLeominster-Sunday-1-04:35:00
CR-Fitchburg,CR-WachusettNorthLeominster-Sunday-1-07:35:00
CR-Fitchburg,CR-WachusettNorthLeominster-Sunday-1-10:00:00
CR-Fitchburg,CR-WachusettNorthLeominster-Sunday-1-12:00:00
CR-Fitchburg,CR-WachusettNorthLeominster-Sunday-1-14:00:00
CR-Fitchburg,CR-WachusettNorthLeominster-Sunday-1-16:00:00
CR-Fitchburg,CR-WachusettNorthLeominster-Sunday-1-18:00:00
CR-Fitchburg,CR-WachusettNorthLeominster-Sunday-1-20:30:00
CR-Fitchburg,CR-WachusettNorthLeominster-Weekday-1-04:00:00
CR-Fitchburg,CR-WachusettNorthLeominster-Weekday-1-04:55:00
CR-Fitchburg,CR-WachusettNorthLeominster-Weekday-1-05:45:00
CR-Fitchburg,CR-WachusettNorthLeominster-Weekday-1-06:50:00
CR-Fitchburg,CR-WachusettNorthLeominster-Weekday-1-07:55:00
CR-Fitchburg,CR-WachusettNorthLeominster-Weekday-1-09:00:00
CR-Fitchburg,CR-WachusettNorthLeominster-Weekday-1-11:00:00
CR-Fitchburg,CR-WachusettNorthLeominster-Weekday-1-13:00:00
CR-Fitchburg,CR-WachusettNorthLeominster-Weekday-1-15:00:00
CR-Fitchburg,CR-WachusettNorthLeominster-Weekday-1-16:10:00
CR-Fitchburg,CR-WachusettNorthLeominster-Weekday-1-17:52:00
CR-Fitchburg,CR-WachusettNorthLeominster-Weekday-1-19:05:00
CR-Fitchburg,CR-WachusettNorthLeominster-Weekday-1-21:00:00
CR-Fitchburg,CR-WachusettNorthLeominster-Weekday-1-22:30:00
Green-E,Green-E-MedfordNorthStation-Saturday-76c1e-0-05:02:00
Green-E,Green-E-MedfordNorthStation-Saturday-76c1e-0-05:08:40
Green-E,Green-E-MedfordNorthStation-Saturday-76c1e-0-05:15:20
Green-E,Green-E-MedfordNorthStation-Saturday-76c1e-0-05:22:00
Green-E,Green-E-MedfordNorthStation-Saturday-76c1e-0-05:28:40
Green-E,Green-E-MedfordNorthStation-Saturday-76c1e-0-05:35:20
Green-E,Green-E-MedfordNorthStation-Saturday-76c1e-0-05:42:00
Green-E,Green-E-MedfordNorthStation-Saturday-76c1e-0-05:48:40
Green-E,Green-E-MedfordNorthStation-Saturday-76c1e-0-05:55:20
Green-E,Green-E-MedfordNorthStation-Saturday-76c1e-0-06:02:00
Green-E,Green-E-MedfordNorthStation-Saturday-76c1e-0-06:08:23
Green-E,Green-E-MedfordNorthStation-Saturday-76c1e-0-06:14:46
Green-E,Green-E-MedfordNorthStation-Saturday-76c1e-0-06:21:09
Green-E,Green-E-MedfordNorthStation-Saturday-76c1e-0-06:27:32
Green-E,Green-E-MedfordNorthStation-Saturday-76c1e-0-06:33:55
Green-E,Green-E-MedfordNorthStation-Saturday-76c1e-0-06:40:18
Green-E,Green-E-MedfordNorthStation-Saturday-76c1e-0-06:46:41
Green-E,Green-E-MedfordNorthStation-Saturday-76c1e-0-06:53:04
Green-E,Green-E-MedfordNorthStation-Saturday-76c1e-0-06:59:27
Green-E,Green-E-MedfordNorthStation-Saturday-76c1e-0-07:05:50
Green-E,Green-E-MedfordNorthStation-Saturday-76c1e-0-07:12:47
Green-E,Green-E-MedfordNorthStation-Saturday-76c1e-0-07:19:44
Green-E,Green-E-MedfordNorthStation-Saturday-76c1e-0-07:26:41
Green-E,Green-E-MedfordNorthStation-Saturday-76c1e-0-07:33:38
Green-E,Green-E-MedfordNorthStation-Saturday-76c1e-0-07:40:35
Green-E,Green-E-MedfordNorthStation-Saturday-76c1e-0-07:47:32
Green-E,Green-E-MedfordNorthStation-Saturday-76c1e-0-07:54:29
Green-E,Green-E-MedfordNorthStation-Saturday-76c1e-0-08:01:26
Green-E,Green-E-MedfordNorthStation-Saturday-76c1e-0-08:08:39
Green-E,Green-E-MedfordNorthStation-Saturday-76c1e-0-08:15:52
Green-E,Green-E-MedfordNorthStation-Saturday-76c1e-0-08:23:05
Green-E,Green-E-MedfordNorthStation-Saturday-76c1e-0-08:30:18
Green-E,Green-E-MedfordNorthStation-Saturday-76c1e-0-08:37:31
Green-E,Green-E-MedfordNorthStation-Saturday-76c1e-0-08:44:44
Green-E,Green-E-MedfordNorthStation-Saturday-76c1e-0-08:51:57
Green-E,Green-E-MedfordNorthStation-Saturday-76c1e-0-08:59:10
Green-E,Green-E-MedfordNorthStation-Saturday-76c1e-0-09:06:23
Green-E,Green-E-MedfordNorthStation-Saturday-76c1e-0-09:13:53
Green-E,Green-E-MedfordNorthStation-Saturday-76c1e-0-09:21:23
Green-E,Green-E-MedfordNorthStation-Saturday-76c1e-0-09:28:53
Green-E,Green-E-MedfordNorthStation-Saturday-76c1e-0-09:36:23
Green-E,Green-E-MedfordNorthStation-Saturday-76c1e-0-09:43:53
Green-E,Green-E-MedfordNorthStation-Saturday-76c1e-0-09:51:23
Green-E,Green-E-MedfordNorthStation-Saturday-76c1e-0-09:58:53
Green-E,Green-E-MedfordNorthStation-Saturday-76c1e-0-10:06:23
Green-E,Green-E-MedfordNorthStation-Saturday-76c1e-0-10:14:20
Green-E,Green-E-MedfordNorthStation-Saturday-76c1e-0-10:22:17
Green-E,Green-E-MedfordNorthStation-Saturday-76c1e-0-10:30:14
Green-E,Green-E-MedfordNorthStation-Saturday-76c1e-0-10:38:11
Green-E,Green-E-MedfordNorthStation-Saturday-76c1e-0-10:46:08
Green-E,Green-E-MedfordNorthStation-Saturday-76c1e-0-10:54:05
Green-E,Green-E-MedfordNorthStation-Saturday-76c1e-0-11:02:02
Green-E,Green-E-MedfordNorthStation-Saturday-76c1e-0-11:09:59
Green-E,Green-E-MedfordNorthStation-Saturday-76c1e-0-11:17:56
Green-E,Green-E-MedfordNorthStation-Saturday-76c1e-0-11:25:53
Green-E,Green-E-MedfordNorthStation-Saturday-76c1e-0-11:33:50
Green-E,Green-E-MedfordNorthStation-Saturday-76c1e-0-11:41:47
Green-E,Green-E-MedfordNorthStation-Saturday-76c1e-0-11:49:44
Green-E,Green-E-MedfordNorthStation-Saturday-76c1e-0-11:57:41
Green-E,Green-E-MedfordNorthStation-Saturday-76c1e-0-12:05:38
Green-E,Green-E-MedfordNorthStation-Saturday-76c1e-0-12:13:27
Green-E,Green-E-MedfordNorthStation-Saturday-76c1e-0-12:21:16
Green-E,Green-E-MedfordNorthStation-Saturday-76c1e-0-12:29:05
Green-E,Green-E-MedfordNorthStation-Saturday-76c1e-0-12:36:54
Green-E,Green-E-MedfordNorthStation-Saturday-76c1e-0-12:44:43
Green-E,Green-E-MedfordNorthStation-Saturday-76c1e-0-12:52:32
Green-E,Green-E-MedfordNorthStation-Saturday-76c1e-0-13:00:21
Green-E,Green-E-MedfordNorthStation-Saturday-76c1e-0-13:08:10
Green-E,Green-E-MedfordNorthStation-Saturday-76c1e-0-13:15:59
Green-E,Green-E-MedfordNorthStation-Saturday-76c1e-0-13:23:48
Green-E,Green-E-MedfordNorthStation-Saturday-76c1e-0-13:31:37
Green-E,Green-E-MedfordNorthStation-Saturday-76c1e-0-13:39:26
Green-E,Green-E-MedfordNorthStation-Saturday-76c1e-0-13:47:15
Green-E,Green-E-MedfordNorthStation-Saturday-76c1e-0-13:55:04
Green-E,Green-E-MedfordNorthStation-Saturday-76c1e-0-14:02:53
Green-E,Green-E-MedfordNorthStation-Saturday-76c1e-0-14:10:42
Green-E,Green-E-MedfordNorthStation-Saturday-76c1e-0-14:18:31
Green-E,Green-E-MedfordNorthStation-Saturday-76c1e-0-14:26:20
Green-E,Green-E-MedfordNorthStation-Saturday-76c1e-0-14:34:09
Green-E,Green-E-MedfordNorthStation-Saturday-76c1e-0-14:41:58
Green-E,Green-E-MedfordNorthStation-Saturday-76c1e-0-14:49:47
Green-E,Green-E-MedfordNorthStation-Saturday-76c1e-0-14:57:36
Green-E,Green-E-MedfordNorthStation-Saturday-76c1e-0-15:05:25
Green-E,Green-E-MedfordNorthStation-Saturday-76c1e-0-15:13:14
Green-E,Green-E-MedfordNorthStation-Saturday-76c1e-0-15:21:03
Green-E,Green-E-MedfordNorthStation-Saturday-76c1e-0-15:28:52
Green-E,Green-E-MedfordNorthStation-Saturday-76c1e-0-15:36:41
Green-E,Green-E-MedfordNorthStation-Saturday-76c1e-0-15:44:30
Green-E,Green-E-MedfordNorthStation-Saturday-76c1e-0-15:52:19
Green-E,Green-E-MedfordNorthStation-Saturday-76c1e-0-16:00:08
Green-E,Green-E-MedfordNorthStation-Saturday-76c1e-0-16:07:26
Green-E,Green-E-MedfordNorthStation-Saturday-76c1e-0-16:14:44
Green-E,Green-E-MedfordNorthStation-Saturday-76c1e-0-16:22:02
Green-E,Green-E-MedfordNorthStation-Saturday-76c1e-0-16:29:20
Green-E,Green-E-MedfordNorthStation-Saturday-76c1e-0-16:36:38
Green-E,Green-E-MedfordNorthStation-Saturday-76c1e-0-16:43:56
Green-E,Green-E-MedfordNorthStation-Saturday-76c1e-0-16:51:14
Green-E,Green-E-MedfordNorthStation-Saturday-76c1e-0-16:58:32
Green-E,Green-E-MedfordNorthStation-Saturday-76c1e-0-17:05:50
Green-E,Green-E-MedfordNorthStation-Saturday-76c1e-0-17:13:08
Green-E,Green-E-MedfordNorthStation-Saturday-76c1e-0-17:20:26
Green-E,Green-E-MedfordNorthStation-Saturday-76c1e-0-17:27:44
Green-E,Green-E-MedfordNorthStation-Saturday-76c1e-0-17:35:02
Green-E,Green-E-MedfordNorthStation-Saturday-76c1e-0-17:42:20
Green-E,Green-E-MedfordNorthStation-Saturday-76c1e-0-17:49:38
Green-E,Green-E-MedfordNorthStation-Saturday-76c1e-0-17:56:56
Green-E,Green-E-MedfordNorthStation-Saturday-76c1e-0-18:04:14
Green-E,Green-E-MedfordNorthStation-Saturday-76c1e-0-18:11:32
Green-E,Green-E-MedfordNorthStation-Saturday-76c1e-0-18:18:50
Green-E,Green-E-MedfordNorthStation-Saturday-76c1e-0-18:26:08
Green-E,Green-E-MedfordNorthStation-Saturday-76c1e-0-18:33:26
Green-E,Green-E-MedfordNorthStation-Saturday-76c1e-0-18:40:44
Green-E,Green-E-MedfordNorthStation-Saturday-76c1e-0-18:48:02
Green-E,Green-E-MedfordNorthStation-Saturday-76c1e-0-18:55:20
Green-E,Green-E-MedfordNorthStation-Saturday-76c1e-0-19:02:38
Green-E,Green-E-MedfordNorthStation-Saturday-76c1e-0-19:10:35
Green-E,Green-E-MedfordNorthStation-Saturday-76c1e-0-19:18:32
Green-E,Green-E-MedfordNorthStation-Saturday-76c1e-0-19:26:29
Green-E,Green-E-MedfordNorthStation-Saturday-76c1e-0-19:34:26
Green-E,Green-E-MedfordNorthStation-Saturday-76c1e-0-19:42:23
Green-E,Green-E-MedfordNorthStation-Saturday-76c1e-0-19:50:20
Green-E,Green-E-MedfordNorthStation-Saturday-76c1e-0-19:58:17
Green-E,Green-E-MedfordNorthStation-Saturday-76c1e-0-20:06:14
Green-E,Green-E-MedfordNorthStation-Saturday-76c1e-0-20:14:11
Green-E,Green-E-MedfordNorthStation-Saturday-76c1e-0-20:22:08
Green-E,Green-E-MedfordNorthStation-Saturday-76c1e-0-20:30:05
Green-E,Green-E-MedfordNorthStation-Saturday-76c1e-0-20:38:02
Green-E,Green-E-MedfordNorthStation-Saturday-76c1e-0-20:45:59
Green-E,Green-E-MedfordNorthStation-Saturday-76c1e-0-20:53:56
Green-E,Green-E-MedfordNorthStation-Saturday-76c1e-0-21:01:53
Green-E,Green-E-MedfordNorthStation-Saturday-76c1e-0-21:09:16
Green-E,Green-E-MedfordNorthStation-Saturday-76c1e-0-21:16:39
Green-E,Green-E-MedfordNorthStation-Saturday-76c1e-0-21:24:02
Green-E,Green-E-MedfordNorthStation-Saturday-76c1e-0-21:31:25
Green-E,Green-E-MedfordNorthStation-Saturday-76c1e-0-21:38:48
Green-E,Green-E-MedfordNorthStation-Saturday-76c1e-0-21:46:11
Green-E,Green-E-MedfordNorthStation-Saturday-76c1e-0-21:53:34
Green-E,Green-E-MedfordNorthStation-Saturday-76c1e-0-22:00:57
Green-E,Green-E-MedfordNorthStation-Saturday-76c1e-0-22:08:27
Green-E,Green-E-MedfordNorthStation-Saturday-76c1e-0-22:15:57
Green-E,Green-E-MedfordNorthStation-Saturday-76c1e-0-22:23:27
Green-E,Green-E-MedfordNorthStation-Saturday-76c1e-0-22:30:57
Green-E,Green-E-MedfordNorthStation-Saturday-76c1e-0-22:38:27
Green-E,Green-E-MedfordNorthStation-Saturday-76c1e-0-22:45:57
Green-E,Green-E-MedfordNorthStation-Saturday-76c1e-0-22:53:27
Green-E,Green-E-MedfordNorthStation-Saturday-76c1e-0-23:00:57
Green-E,Green-E-MedfordNorthStation-Saturday-76c1e-0-23:08:27
Green-E,Green-E-MedfordNorthStation-Saturday-76c1e-0-23:15:57
Green-E,Green-E-MedfordNorthStation-Saturday-76c1e-0-23:23:27
Green-E,Green-E-MedfordNorthStation-Saturday-76c1e-0-23:30:57
Green-E,Green-E-MedfordNorthStation-Saturday-76c1e-0-23:38:27
Green-E,Green-E-MedfordNorthStation-Saturday-76c1e-0-23:45:57
Green-E,Green-E-MedfordNorthStation-Saturday-76c1e-0-23:53:27
Green-E,Green-E-MedfordNorthStation-Saturday-76c1e-0-24:00:57
Green-E,Green-E-MedfordNorthStation-Saturday-76c1e-0-24:07:42
Green-E,Green-E-MedfordNorthStation-Saturday-76c1e-0-24:14:27
Green-E,Green-E-MedfordNorthStation-Saturday-76c1e-0-24:21:12
Green-E,Green-E-MedfordNorthStation-Saturday-76c1e-0-24:25:00
Green-E,Green-E-MedfordNorthStation-Saturday-76c1e-1-05:26:00
Green-E,Green-E-MedfordNorthStation-Saturday-76c1e-1-05:32:40
Green-E,Green-E-MedfordNorthStation-Saturday-76c1e-1-05:39:20
Green-E,Green-E-MedfordNorthStation-Saturday-76c1e-1-05:46:00
Green-E,Green-E-MedfordNorthStation-Saturday-76c1e-1-05:52:40
Green-E,Green-E-MedfordNorthStation-Saturday-76c1e-1-05:59:20
Green-E,Green-E-MedfordNorthStation-Saturday-76c1e-1-06:06:00
Green-E,Green-E-MedfordNorthStation-Saturday-76c1e-1-06:12:23
Green-E,Green-E-MedfordNorthStation-Saturday-76c1e-1-06:18:46
Green-E,Green-E-MedfordNorthStation-Saturday-76c1e-1-06:25:09
Green-E,Green-E-MedfordNorthStation-Saturday-76c1e-1-06:31:32
Green-E,Green-E-MedfordNorthStation-Saturday-76c1e-1-06:37:55
Green-E,Green-E-MedfordNorthStation-Saturday-76c1e-1-06:44:18
Green-E,Green-E-MedfordNorthStation-Saturday-76c1e-1-06:50:41
Green-E,Green-E-MedfordNorthStation-Saturday-76c1e-1-06:57:04
Green-E,Green-E-MedfordNorthStation-Saturday-76c1e-1-07:03:27
Green-E,Green-E-MedfordNorthStation-Saturday-76c1e-1-07:10:24
Green-E,Green-E-MedfordNorthStation-Saturday-76c1e-1-07:17:21
Green-E,Green-E-MedfordNorthStation-Saturday-76c1e-1-07:24:18
Green-E,Green-E-MedfordNorthStation-Saturday-76c1e-1-07:31:15
Green-E,Green-E-MedfordNorthStation-Saturday-76c1e-1-07:38:12
Green-E,Green-E-MedfordNorthStation-Saturday-76c1e-1-07:45:09
Green-E,Green-E-MedfordNorthStation-Saturday-76c1e-1-07:52:06
Green-E,Green-E-MedfordNorthStation-Saturday-76c1e-1-07:59:03
Green-E,Green-E-MedfordNorthStation-Saturday-76c1e-1-08:06:00
Green-E,Green-E-MedfordNorthStation-Saturday-76c1e-1-08:13:13
Green-E,Green-E-MedfordNorthStation-Saturday-76c1e-1-08:20:26
Green-E,Green-E-MedfordNorthStation-Saturday-76c1e-1-08:27:39
Green-E,Green-E-MedfordNorthStation-Saturday-76c1e-1-08:34:52
Green-E,Green-E-MedfordNorthStation-Saturday-76c1e-1-08:42:05
Green-E,Green-E-MedfordNorthStation-Saturday-76c1e-1-08:49:18
Green-E,Green-E-MedfordNorthStation-Saturday-76c1e-1-08:56:31
Green-E,Green-E-MedfordNorthStation-Saturday-76c1e-1-09:03:44
Green-E,Green-E-MedfordNorthStation-Saturday-76c1e-1-09:11:14
Green-E,Green-E-MedfordNorthStation-Saturday-76c1e-1-09:18:44
Green-E,Green-E-MedfordNorthStation-Saturday-76c1e-1-09:26:14
Green-E,Green-E-MedfordNorthStation-Saturday-76c1e-1-09:33:44
Green-E,Green-E-MedfordNorthStation-Saturday-76c1e-1-09:41:14
Green-E,Green-E-MedfordNorthStation-Saturday-76c1e-1-09:48:44
Green-E,Green-E-MedfordNorthStation-Saturday-76c1e-1-09:56:14
Green-E,Green-E-MedfordNorthStation-Saturday-76c1e-1-10:03:44
Green-E,Green-E-MedfordNorthStation-Saturday-76c1e-1-10:11:41
Green-E,Green-E-MedfordNorthStation-Saturday-76c1e-1-10:19:38
Green-E,Green-E-MedfordNorthStation-Saturday-76c1e-1-10:27:35
Green-E,Green-E-MedfordNorthStation-Saturday-76c1e-1-10:35:32
Green-E,Green-E-MedfordNorthStation-Saturday-76c1e-1-10:43:29
Green-E,Green-E-MedfordNorthStation-Saturday-76c1e-1-10:51:26
Green-E,Green-E-MedfordNorthStation-Saturday-76c1e-1-10:59:23
Green-E,Green-E-MedfordNorthStation-Saturday-76c1e-1-11:07:20
Green-E,Green-E-MedfordNorthStation-Saturday-76c1e-1-11:15:17
Green-E,Green-E-MedfordNorthStation-Saturday-76c1e-1-11:23:14
Green-E,Green-E-MedfordNorthStation-Saturday-76c1e-1-11:31:11
Green-E,Green-E-MedfordNorthStation-Saturday-76c1e-1-11:39:08
Green-E,Green-E-MedfordNorthStation-Saturday-76c1e-1-11:47:05
Green-E,Green-E-MedfordNorthStation-Saturday-76c1e-1-11:55:02
Green-E,Green-E-MedfordNorthStation-Saturday-76c1e-1-12:02:59
Green-E,Green-E-MedfordNorthStation-Saturday-76c1e-1-12:10:48
Green-E,Green-E-MedfordNorthStation-Saturday-76c1e-1-12:18:37
Green-E,Green-E-MedfordNorthStation-Saturday-76c1e-1-12:26:26
Green-E,Green-E-MedfordNorthStation-Saturday-76c1e-1-12:34:15
Green-E,Green-E-MedfordNorthStation-Saturday-76c1e-1-12:42:04
Green-E,Green-E-MedfordNorthStation-Saturday-76c1e-1-12:49:53
Green-E,Green-E-MedfordNorthStation-Saturday-76c1e-1-12:57:42
Green-E,Green-E-MedfordNorthStation-Saturday-76c1e-1-13:05:31
Green-E,Green-E-MedfordNorthStation-Saturday-76c1e-1-13:13:20
Green-E,Green-E-MedfordNorthStation-Saturday-76c1e-1-13:21:09
Green-E,Green-E-MedfordNorthStation-Saturday-76c1e-1-13:28:58
Green-E,Green-E-MedfordNorthStation-Saturday-76c1e-1-13:36:47
Green-E,Green-E-MedfordNorthStation-Saturday-76c1e-1-13:44:36
Green-E,Green-E-MedfordNorthStation-Saturday-76c1e-1-13:52:25
Green-E,Green-E-MedfordNorthStation-Saturday-76c1e-1-14:00:14
Green-E,Green-E-MedfordNorthStation-Saturday-76c1e-1-14:08:03
Green-E,Green-E-MedfordNorthStation-Saturday-76c1e-1-14:15:52
Green-E,Green-E-MedfordNorthStation-Saturday-76c1e-1-14:23:41
Green-E,Green-E-MedfordNorthStation-Saturday-76c1e-1-14:31:30
Green-E,Green-E-MedfordNorthStation-Saturday-76c1e-1-14:39:19
Green-E,Green-E-MedfordNorthStation-Saturday-76c1e-1-14:47:08
Green-E,Green-E-MedfordNorthStation-Saturday-76c1e-1-14:54:57
Green-E,Green-E-MedfordNorthStation-Saturday-76c1e-1-15:02:46
Green-E,Green-E-MedfordNorthStation-Saturday-76c1e-1-15:10:35
Green-E,Green-E-MedfordNorthStation-Saturday-76c1e-1-15:18:24
Green-E,Green-E-MedfordNorthStation-Saturday-76c1e-1-15:26:13
Green-E,Green-E-MedfordNorthStation-Saturday-76c1e-1-15:34:02
Green-E,Green-E-MedfordNorthStation-Saturday-76c1e-1-15:41:51
Green-E,Green-E-MedfordNorthStation-Saturday-76c1e-1-15:49:40
Green-E,Green-E-MedfordNorthStation-Saturday-76c1e-1-15:57:29
Green-E,Green-E-MedfordNorthStation-Saturday-76c1e-1-16:05:18
Green-E,Green-E-MedfordNorthStation-Saturday-76c1e-1-16:12:36
Green-E,Green-E-MedfordNorthStation-Saturday-76c1e-1-16:19:54
Green-E,Green-E-MedfordNorthStation-Saturday-76c1e-1-16:27:12
Green-E,Green-E-MedfordNorthStation-Saturday-76c1e-1-16:34:30
Green-E,Green-E-MedfordNorthStation-Saturday-76c1e-1-16:41:48
Green-E,Green-E-MedfordNorthStation-Saturday-76c1e-1-16:49:06
Green-E,Green-E-MedfordNorthStation-Saturday-76c1e-1-16:56:24
Green-E,Green-E-MedfordNorthStation-Saturday-76c1e-1-17:03:42
Green-E,Green-E-MedfordNorthStation-Saturday-76c1e-1-17:11:00
Green-E,Green-E-MedfordNorthStation-Saturday-76c1e-1-17:18:18
Green-E,Green-E-MedfordNorthStation-Saturday-76c1e-1-17:25:36
Green-E,Green-E-MedfordNorthStation-Saturday-76c1e-1-17:32:54
Green-E,Green-E-MedfordNorthStation-Saturday-76c1e-1-17:40:12
Green-E,Green-E-MedfordNorthStation-Saturday-76c1e-1-17:47:30
Green-E,Green-E-MedfordNorthStation-Saturday-76c1e-1-17:54:48
Green-E,Green-E-MedfordNorthStation-Saturday-76c1e-1-18:02:06
Green-E,Green-E-MedfordNorthStation-Saturday-76c1e-1-18:09:24
Green-E,Green-E-MedfordNorthStation-Saturday-76c1e-1-18:16:42
Green-E,Green-E-MedfordNorthStation-Saturday-76c1e-1-18:24:00
Green-E,Green-E-MedfordNorthStation-Saturday-76c1e-1-18:31:18
Green-E,Green-E-MedfordNorthStation-Saturday-76c1e-1-18:38:36
Green-E,Green-E-MedfordNorthStation-Saturday-76c1e-1-18:45:54
Green-E,Green-E-MedfordNorthStation-Saturday-76c1e-1-18:53:12
Green-E,Green-E-MedfordNorthStation-Saturday-76c1e-1-19:00:30
Green-E,Green-E-MedfordNorthStation-Saturday-76c1e-1-19:08:27
Green-E,Green-E-MedfordNorthStation-Saturday-76c1e-1-19:16:24
Green-E,Green-E-MedfordNorthStation-Saturday-76c1e-1-19:24:21
Green-E,Green-E-MedfordNorthStation-Saturday-76c1e-1-19:32:18
Green-E,Green-E-MedfordNorthStation-Saturday-76c1e-1-19:40:15
Green-E,Green-E-MedfordNorthStation-Saturday-76c1e-1-19:48:12
Green-E,Green-E-MedfordNorthStation-Saturday-76c1e-1-19:56:09
Green-E,Green-E-MedfordNorthStation-Saturday-76c1e-1-20:04:06
Green-E,Green-E-MedfordNorthStation-Saturday-76c1e-1-20:12:03
Green-E,Green-E-MedfordNorthStation-Saturday-76c1e-1-20:20:00
Green-E,Green-E-MedfordNorthStation-Saturday-76c1e-1-20:27:57
Green-E,Green-E-MedfordNorthStation-Saturday-76c1e-1-20:35:54
Green-E,Green-E-MedfordNorthStation-Saturday-76c1e-1-20:43:51
Green-E,Green-E-MedfordNorthStation-Saturday-76c1e-1-20:51:48
Green-E,Green-E-MedfordNorthStation-Saturday-76c1e-1-20:59:45
Green-E,Green-E-MedfordNorthStation-Saturday-76c1e-1-21:07:42
Green-E,Green-E-MedfordNorthStation-Saturday-76c1e-1-21:15:05
Green-E,Green-E-MedfordNorthStation-Saturday-76c1e-1-21:22:28
Green-E,Green-E-MedfordNorthStation-Saturday-76c1e-1-21:29:51
Green-E,Green-E-MedfordNorthStation-Saturday-76c1e-1-21:37:14
Green-E,Green-E-MedfordNorthStation-Saturday-76c1e-1-21:44:37
Green-E,Green-E-MedfordNorthStation-Saturday-76c1e-1-21:52:00
Green-E,Green-E-MedfordNorthStation-Saturday-76c1e-1-21:59:23
Green-E,Green-E-MedfordNorthStation-Saturday-76c1e-1-22:06:46
Green-E,Green-E-MedfordNorthStation-Saturday-76c1e-1-22:14:16
Green-E,Green-E-MedfordNorthStation-Saturday-76c1e-1-22:21:46
Green-E,Green-E-MedfordNorthStation-Saturday-76c1e-1-22:29:16
Green-E,Green-E-MedfordNorthStation-Saturday-76c1e-1-22:36:46
Green-E,Green-E-MedfordNorthStation-Saturday-76c1e-1-22:44:16
Green-E,Green-E-MedfordNorthStation-Saturday-76c1e-1-22:51:46
Green-E,Green-E-MedfordNorthStation-Saturday-76c1e-1-22:59:16
Green-E,Green-E-MedfordNorthStation-Saturday-76c1e-1-23:06:46
Green-E,Green-E-MedfordNorthStation-Saturday-76c1e-1-23:14:16
Green-E,Green-E-MedfordNorthStation-Saturday-76c1e-1-23:21:46
Green-E,Green-E-MedfordNorthStation-Saturday-76c1e-1-23:29:16
Green-E,Green-E-MedfordNorthStation-Saturday-76c1e-1-23:36:46
Green-E,Green-E-MedfordNorthStation-Saturday-76c1e-1-23:44:16
Green-E,Green-E-MedfordNorthStation-Saturday-76c1e-1-23:51:46
Green-E,Green-E-MedfordNorthStation-Saturday-76c1e-1-23:59:16
Green-E,Green-E-MedfordNorthStation-Saturday-76c1e-1-24:06:46
Green-E,Green-E-MedfordNorthStation-Saturday-76c1e-1-24:13:31
Green-E,Green-E-MedfordNorthStation-Saturday-76c1e-1-24:20:16
Green-E,Green-E-MedfordNorthStation-Saturday-76c1e-1-24:27:01
Green-E,Green-E-MedfordNorthStation-Saturday-76c1e-1-24:33:46
Green-E,Green-E-MedfordNorthStation-Saturday-76c1e-1-24:40:31
Green-E,Green-E-MedfordNorthStation-Saturday-76c1e-1-24:47:16
Green-E,Green-E-MedfordNorthStation-Saturday-76c1e-1-24:54:01
Green-E,Green-E-MedfordNorthStation-Saturday-76c1e-1-25:00:46
Green-E,Green-E-MedfordNorthStation-Saturday-76c1e-1-25:07:31
Green-E,Green-E-MedfordNorthStation-Saturday-76c1e-1-25:14:16
Green-E,Green-E-MedfordNorthStation-Saturday-76c1e-1-25:21:01
Green-E,Green-E-MedfordNorthStation-Saturday-76c1e-1-25:23:00
Green-E,Green-E-MedfordNorthStation-Sunday-76c1e-0-05:40:00
Green-E,Green-E-MedfordNorthStation-Sunday-76c1e-0-05:46:23
Green-E,Green-E-MedfordNorthStation-Sunday-76c1e-0-05:52:46
Green-E,Green-E-MedfordNorthStation-Sunday-76c1e-0-05:59:09
Green-E,Green-E-MedfordNorthStation-Sunday-76c1e-0-06:05:32
Green-E,Green-E-MedfordNorthStation-Sunday-76c1e-0-06:11:55
Green-E,Green-E-MedfordNorthStation-Sunday-76c1e-0-06:18:18
Green-E,Green-E-MedfordNorthStation-Sunday-76c1e-0-06:24:41
Green-E,Green-E-MedfordNorthStation-Sunday-76c1e-0-06:31:04
Green-E,Green-E-MedfordNorthStation-Sunday-76c1e-0-06:37:27
Green-E,Green-E-MedfordNorthStation-Sunday-76c1e-0-06:43:50
Green-E,Green-E-MedfordNorthStation-Sunday-76c1e-0-06:50:13
Green-E,Green-E-MedfordNorthStation-Sunday-76c1e-0-06:56:36
Green-E,Green-E-MedfordNorthStation-Sunday-76c1e-0-07:02:59
Green-E,Green-E-MedfordNorthStation-Sunday-76c1e-0-07:09:39
Green-E,Green-E-MedfordNorthStation-Sunday-76c1e-0-07:16:19
Green-E,Green-E-MedfordNorthStation-Sunday-76c1e-0-07:22:59
Green-E,Green-E-MedfordNorthStation-Sunday-76c1e-0-07:29:39
Green-E,Green-E-MedfordNorthStation-Sunday-76c1e-0-07:36:19
Green-E,Green-E-MedfordNorthStation-Sunday-76c1e-0-07:42:59
Green-E,Green-E-MedfordNorthStation-Sunday-76c1e-0-07:49:39
Green-E,Green-E-MedfordNorthStation-Sunday-76c1e-0-07:56:19
Green-E,Green-E-MedfordNorthStation-Sunday-76c1e-0-08:02:59
Green-E,Green-E-MedfordNorthStation-Sunday-76c1e-0-08:09:56
Green-E,Green-E-MedfordNorthStation-Sunday-76c1e-0-08:16:53
Green-E,Green-E-MedfordNorthStation-Sunday-76c1e-0-08:23:50
Green-E,Green-E-MedfordNorthStation-Sunday-76c1e-0-08:30:47
Green-E,Green-E-MedfordNorthStation-Sunday-76c1e-0-08:37:44
Green-E,Green-E-MedfordNorthStation-Sunday-76c1e-0-08:44:41
Green-E,Green-E-MedfordNorthStation-Sunday-76c1e-0-08:51:38
Green-E,Green-E-MedfordNorthStation-Sunday-76c1e-0-08:58:35
Green-E,Green-E-MedfordNorthStation-Sunday-76c1e-0-09:05:32
Green-E,Green-E-MedfordNorthStation-Sunday-76c1e-0-09:13:02
Green-E,Green-E-MedfordNorthStation-Sunday-76c1e-0-09:20:32
Green-E,Green-E-MedfordNorthStation-Sunday-76c1e-0-09:28:02
Green-E,Green-E-MedfordNorthStation-Sunday-76c1e-0-09:35:32
Green-E,Green-E-MedfordNorthStation-Sunday-76c1e-0-09:43:02
Green-E,Green-E-MedfordNorthStation-Sunday-76c1e-0-09:50:32
Green-E,Green-E-MedfordNorthStation-Sunday-76c1e-0-09:58:02
Green-E,Green-E-MedfordNorthStation-Sunday-76c1e-0-10:05:32
Green-E,Green-E-MedfordNorthStation-Sunday-76c1e-0-10:13:52
Green-E,Green-E-MedfordNorthStation-Sunday-76c1e-0-10:22:12
Green-E,Green-E-MedfordNorthStation-Sunday-76c1e-0-10:30:32
Green-E,Green-E-MedfordNorthStation-Sunday-76c1e-0-10:38:52
Green-E,Green-E-MedfordNorthStation-Sunday-76c1e-0-10:47:12
Green-E,Green-E-MedfordNorthStation-Sunday-76c1e-0-10:55:32
Green-E,Green-E-MedfordNorthStation-Sunday-76c1e-0-11:03:52
Green-E,Green-E-MedfordNorthStation-Sunday-76c1e-0-11:11:49
Green-E,Green-E-MedfordNorthStation-Sunday-76c1e-0-11:19:46
Green-E,Green-E-MedfordNorthStation-Sunday-76c1e-0-11:27:43
Green-E,Green-E-MedfordNorthStation-Sunday-76c1e-0-11:35:40
Green-E,Green-E-MedfordNorthStation-Sunday-76c1e-0-11:43:37
Green-E,Green-E-MedfordNorthStation-Sunday-76c1e-0-11:51:34
Green-E,Green-E-MedfordNorthStation-Sunday-76c1e-0-11:59:31
Green-E,Green-E-MedfordNorthStation-Sunday-76c1e-0-12:07:28
Green-E,Green-E-MedfordNorthStation-Sunday-76c1e-0-12:15:25
Green-E,Green-E-MedfordNorthStation-Sunday-76c1e-0-12:23:22
Green-E,Green-E-MedfordNorthStation-Sunday-76c1e-0-12:31:19
Green-E,Green-E-MedfordNorthStation-Sunday-76c1e-0-12:39:16
Green-E,Green-E-MedfordNorthStation-Sunday-76c1e-0-12:47:13
Green-E,Green-E-MedfordNorthStation-Sunday-76c1e-0-12:55:10
Green-E,Green-E-MedfordNorthStation-Sunday-76c1e-0-13:03:07
Green-E,Green-E-MedfordNorthStation-Sunday-76c1e-0-13:11:38
Green-E,Green-E-MedfordNorthStation-Sunday-76c1e-0-13:20:09
Green-E,Green-E-MedfordNorthStation-Sunday-76c1e-0-13:28:40
Green-E,Green-E-MedfordNorthStation-Sunday-76c1e-0-13:37:11
Green-E,Green-E-MedfordNorthStation-Sunday-76c1e-0-13:45:42
Green-E,Green-E-MedfordNorthStation-Sunday-76c1e-0-13:54:13
Green-E,Green-E-MedfordNorthStation-Sunday-76c1e-0-14:02:44
Green-E,Green-E-MedfordNorthStation-Sunday-76c1e-0-14:11:15
Green-E,Green-E-MedfordNorthStation-Sunday-76c1e-0-14:19:46
Green-E,Green-E-MedfordNorthStation-Sunday-76c1e-0-14:28:17
Green-E,Green-E-MedfordNorthStation-Sunday-76c1e-0-14:36:48
Green-E,Green-E-MedfordNorthStation-Sunday-76c1e-0-14:45:19
Green-E,Green-E-MedfordNorthStation-Sunday-76c1e-0-14:53:50
Green-E,Green-E-MedfordNorthStation-Sunday-76c1e-0-15:02:21
Green-E,Green-E-MedfordNorthStation-Sunday-76c1e-0-15:10:18
Green-E,Green-E-MedfordNorthStation-Sunday-76c1e-0-15:18:15
Green-E,Green-E-MedfordNorthStation-Sunday-76c1e-0-15:26:12
Green-E,Green-E-MedfordNorthStation-Sunday-76c1e-0-15:34:09
Green-E,Green-E-MedfordNorthStation-Sunday-76c1e-0-15:42:06
Green-E,Green-E-MedfordNorthStation-Sunday-76c1e-0-15:50:03
Green-E,Green-E-MedfordNorthStation-Sunday-76c1e-0-15:58:00
Green-E,Green-E-MedfordNorthStation-Sunday-76c1e-0-16:05:57
Green-E,Green-E-MedfordNorthStation-Sunday-76c1e-0-16:13:54
Green-E,Green-E-MedfordNorthStation-Sunday-76c1e-0-16:21:51
Green-E,Green-E-MedfordNorthStation-Sunday-76c1e-0-16:29:48
Green-E,Green-E-MedfordNorthStation-Sunday-76c1e-0-16:37:45
Green-E,Green-E-MedfordNorthStation-Sunday-76c1e-0-16:45:42
Green-E,Green-E-MedfordNorthStation-Sunday-76c1e-0-16:53:39
Green-E,Green-E-MedfordNorthStation-Sunday-76c1e-0-17:01:36
Green-E,Green-E-MedfordNorthStation-Sunday-76c1e-0-17:09:33
Green-E,Green-E-MedfordNorthStation-Sunday-76c1e-0-17:17:30
Green-E,Green-E-MedfordNorthStation-Sunday-76c1e-0-17:25:27
Green-E,Green-E-MedfordNorthStation-Sunday-76c1e-0-17:33:24
Green-E,Green-E-MedfordNorthStation-Sunday-76c1e-0-17:41:21
Green-E,Green-E-MedfordNorthStation-Sunday-76c1e-0-17:49:18
Green-E,Green-E-MedfordNorthStation-Sunday-76c1e-0-17:57:15
Green-E,Green-E-MedfordNorthStation-Sunday-76c1e-0-18:05:12
Green-E,Green-E-MedfordNorthStation-Sunday-76c1e-0-18:13:09
Green-E,Green-E-MedfordNorthStation-Sunday-76c1e-0-18:21:06
Green-E,Green-E-MedfordNorthStation-Sunday-76c1e-0-18:29:03
Green-E,Green-E-MedfordNorthStation-Sunday-76c1e-0-18:37:00
Green-E,Green-E-MedfordNorthStation-Sunday-76c1e-0-18:44:57
Green-E,Green-E-MedfordNorthStation-Sunday-76c1e-0-18:52:54
Green-E,Green-E-MedfordNorthStation-Sunday-76c1e-0-19:00:51
Green-E,Green-E-MedfordNorthStation-Sunday-76c1e-0-19:08:48
Green-E,Green-E-MedfordNorthStation-Sunday-76c1e-0-19:16:45
Green-E,Green-E-MedfordNorthStation-Sunday-76c1e-0-19:24:42
Green-E,Green-E-MedfordNorthStation-Sunday-76c1e-0-19:32:39
Green-E,Green-E-MedfordNorthStation-Sunday-76c1e-0-19:40:36
Green-E,Green-E-MedfordNorthStation-Sunday-76c1e-0-19:48:33
Green-E,Green-E-MedfordNorthStation-Sunday-76c1e-0-19:56:30
Green-E,Green-E-MedfordNorthStation-Sunday-76c1e-0-20:04:27
Green-E,Green-E-MedfordNorthStation-Sunday-76c1e-0-20:12:47
Green-E,Green-E-MedfordNorthStation-Sunday-76c1e-0-20:21:07
Green-E,Green-E-MedfordNorthStation-Sunday-76c1e-0-20:29:27
Green-E,Green-E-MedfordNorthStation-Sunday-76c1e-0-20:37:47
Green-E,Green-E-MedfordNorthStation-Sunday-76c1e-0-20:46:07
Green-E,Green-E-MedfordNorthStation-Sunday-76c1e-0-20:54:27
Green-E,Green-E-MedfordNorthStation-Sunday-76c1e-0-21:02:47
Green-E,Green-E-MedfordNorthStation-Sunday-76c1e-0-21:10:50
Green-E,Green-E-MedfordNorthStation-Sunday-76c1e-0-21:18:53
Green-E,Green-E-MedfordNorthStation-Sunday-76c1e-0-21:26:56
Green-E,Green-E-MedfordNorthStation-Sunday-76c1e-0-21:34:59
Green-E,Green-E-MedfordNorthStation-Sunday-76c1e-0-21:43:02
Green-E,Green-E-MedfordNorthStation-Sunday-76c1e-0-21:51:05
Green-E,Green-E-MedfordNorthStation-Sunday-76c1e-0-21:59:08
Green-E,Green-E-MedfordNorthStation-Sunday-76c1e-0-22:07:11
Green-E,Green-E-MedfordNorthStation-Sunday-76c1e-0-22:14:58
Green-E,Green-E-MedfordNorthStation-Sunday-76c1e-0-22:22:45
Green-E,Green-E-MedfordNorthStation-Sunday-76c1e-0-22:30:32
Green-E,Green-E-MedfordNorthStation-Sunday-76c1e-0-22:38:19
Green-E,Green-E-MedfordNorthStation-Sunday-76c1e-0-22:46:06
Green-E,Green-E-MedfordNorthStation-Sunday-76c1e-0-22:53:53
Green-E,Green-E-MedfordNorthStation-Sunday-76c1e-0-23:01:40
Green-E,Green-E-MedfordNorthStation-Sunday-76c1e-0-23:09:10
Green-E,Green-E-MedfordNorthStation-Sunday-76c1e-0-23:16:40
Green-E,Green-E-MedfordNorthStation-Sunday-76c1e-0-23:24:10
Green-E,Green-E-MedfordNorthStation-Sunday-76c1e-0-23:31:40
Green-E,Green-E-MedfordNorthStation-Sunday-76c1e-0-23:39:10
Green-E,Green-E-MedfordNorthStation-Sunday-76c1e-0-23:46:40
Green-E,Green-E-MedfordNorthStation-Sunday-76c1e-0-23:54:10
Green-E,Green-E-MedfordNorthStation-Sunday-76c1e-0-24:01:40
Green-E,Green-E-MedfordNorthStation-Sunday-76c1e-0-24:08:53
Green-E,Green-E-MedfordNorthStation-Sunday-76c1e-0-24:16:06
Green-E,Green-E-MedfordNorthStation-Sunday-76c1e-0-24:23:19
Green-E,Green-E-MedfordNorthStation-Sunday-76c1e-0-24:30:32
Green-E,Green-E-MedfordNorthStation-Sunday-76c1e-0-24:33:00
Green-E,Green-E-MedfordNorthStation-Sunday-76c1e-1-06:08:00
Green-E,Green-E-MedfordNorthStation-Sunday-76c1e-1-06:14:23
Green-E,Green-E-MedfordNorthStation-Sunday-76c1e-1-06:20:46
Green-E,Green-E-MedfordNorthStation-Sunday-76c1e-1-06:27:09
Green-E,Green-E-MedfordNorthStation-Sunday-76c1e-1-06:33:32
Green-E,Green-E-MedfordNorthStation-Sunday-76c1e-1-06:39:55
Green-E,Green-E-MedfordNorthStation-Sunday-76c1e-1-06:46:18
Green-E,Green-E-MedfordNorthStation-Sunday-76c1e-1-06:52:41
Green-E,Green-E-MedfordNorthStation-Sunday-76c1e-1-06:59:04
Green-E,Green-E-MedfordNorthStation-Sunday-76c1e-1-07:05:27
Green-E,Green-E-MedfordNorthStation-Sunday-76c1e-1-07:12:07
Green-E,Green-E-MedfordNorthStation-Sunday-76c1e-1-07:18:47
Green-E,Green-E-MedfordNorthStation-Sunday-76c1e-1-07:25:27
Green-E,Green-E-MedfordNorthStation-Sunday-76c1e-1-07:32:07
Green-E,Green-E-MedfordNorthStation-Sunday-76c1e-1-07:38:47
Green-E,Green-E-MedfordNorthStation-Sunday-76c1e-1-07:45:27
Green-E,Green-E-MedfordNorthStation-Sunday-76c1e-1-07:52:07
Green-E,Green-E-MedfordNorthStation-Sunday-76c1e-1-07:58:47
Green-E,Green-E-MedfordNorthStation-Sunday-76c1e-1-08:05:27
Green-E,Green-E-MedfordNorthStation-Sunday-76c1e-1-08:12:24
Green-E,Green-E-MedfordNorthStation-Sunday-76c1e-1-08:19:21
Green-E,Green-E-MedfordNorthStation-Sunday-76c1e-1-08:26:18
Green-E,Green-E-MedfordNorthStation-Sunday-76c1e-1-08:33:15
Green-E,Green-E-MedfordNorthStation-Sunday-76c1e-1-08:40:12
Green-E,Green-E-MedfordNorthStation-Sunday-76c1e-1-08:47:09
Green-E,Green-E-MedfordNorthStation-Sunday-76c1e-1-08:54:06
Green-E,Green-E-MedfordNorthStation-Sunday-76c1e-1-09:01:03
Green-E,Green-E-MedfordNorthStation-Sunday-76c1e-1-09:08:33
Green-E,Green-E-MedfordNorthStation-Sunday-76c1e-1-09:16:03
Green-E,Green-E-MedfordNorthStation-Sunday-76c1e-1-09:23:33
Green-E,Green-E-MedfordNorthStation-Sunday-76c1e-1-09:31:03
Green-E,Green-E-MedfordNorthStation-Sunday-76c1e-1-09:38:33
Green-E,Green-E-MedfordNorthStation-Sunday-76c1e-1-09:46:03
Green-E,Green-E-MedfordNorthStation-Sunday-76c1e-1-09:53:33
Green-E,Green-E-MedfordNorthStation-Sunday-76c1e-1-10:01:03
Green-E,Green-E-MedfordNorthStation-Sunday-76c1e-1-10:09:23
Green-E,Green-E-MedfordNorthStation-Sunday-76c1e-1-10:17:43
Green-E,Green-E-MedfordNorthStation-Sunday-76c1e-1-10:26:03
Green-E,Green-E-MedfordNorthStation-Sunday-76c1e-1-10:34:23
Green-E,Green-E-MedfordNorthStation-Sunday-76c1e-1-10:42:43
Green-E,Green-E-MedfordNorthStation-Sunday-76c1e-1-10:51:03
Green-E,Green-E-MedfordNorthStation-Sunday-76c1e-1-10:59:23
Green-E,Green-E-MedfordNorthStation-Sunday-76c1e-1-11:07:43
Green-E,Green-E-MedfordNorthStation-Sunday-76c1e-1-11:15:40
Green-E,Green-E-MedfordNorthStation-Sunday-76c1e-1-11:23:37
Green-E,Green-E-MedfordNorthStation-Sunday-76c1e-1-11:31:34
Green-E,Green-E-MedfordNorthStation-Sunday-76c1e-1-11:39:31
Green-E,Green-E-MedfordNorthStation-Sunday-76c1e-1-11:47:28
Green-E,Green-E-MedfordNorthStation-Sunday-76c1e-1-11:55:25
Green-E,Green-E-MedfordNorthStation-Sunday-76c1e-1-12:03:22
Green-E,Green-E-MedfordNorthStation-Sunday-76c1e-1-12:11:19
Green-E,Green-E-MedfordNorthStation-Sunday-76c1e-1-12:19:16
Green-E,Green-E-MedfordNorthStation-Sunday-76c1e-1-12:27:13
Green-E,Green-E-MedfordNorthStation-Sunday-76c1e-1-12:35:10
Green-E,Green-E-MedfordNorthStation-Sunday-76c1e-1-12:43:07
Green-E,Green-E-MedfordNorthStation-Sunday-76c1e-1-12:51:04
Green-E,Green-E-MedfordNorthStation-Sunday-76c1e-1-12:59:01
Green-E,Green-E-MedfordNorthStation-Sunday-76c1e-1-13:06:58
Green-E,Green-E-MedfordNorthStation-Sunday-76c1e-1-13:15:29
Green-E,Green-E-MedfordNorthStation-Sunday-76c1e-1-13:24:00
Green-E,Green-E-MedfordNorthStation-Sunday-76c1e-1-13:32:31
Green-E,Green-E-MedfordNorthStation-Sunday-76c1e-1-13:41:02
Green-E,Green-E-MedfordNorthStation-Sunday-76c1e-1-13:49:33
Green-E,Green-E-MedfordNorthStation-Sunday-76c1e-1-13:58:04
Green-E,Green-E-MedfordNorthStation-Sunday-76c1e-1-14:06:35
Green-E,Green-E-MedfordNorthStation-Sunday-76c1e-1-14:15:06
Green-E,Green-E-MedfordNorthStation-Sunday-76c1e-1-14:23:37
Green-E,Green-E-MedfordNorthStation-Sunday-76c1e-1-14:32:08
Green-E,Green-E-MedfordNorthStation-Sunday-76c1e-1-14:40:39
Green-E,Green-E-MedfordNorthStation-Sunday-76c1e-1-14:49:10
Green-E,Green-E-MedfordNorthStation-Sunday-76c1e-1-14:57:41
Green-E,Green-E-MedfordNorthStation-Sunday-76c1e-1-15:06:12
Green-E,Green-E-MedfordNorthStation-Sunday-76c1e-1-15:14:09
Green-E,Green-E-MedfordNorthStation-Sunday-76c1e-1-15:22:06
Green-E,Green-E-MedfordNorthStation-Sunday-76c1e-1-15:30:03
Green-E,Green-E-MedfordNorthStation-Sunday-76c1e-1-15:38:00
Green-E,Green-E-MedfordNorthStation-Sunday-76c1e-1-15:45:57
Green-E,Green-E-MedfordNorthStation-Sunday-76c1e-1-15:53:54
Green-E,Green-E-MedfordNorthStation-Sunday-76c1e-1-16:01:51
Green-E,Green-E-MedfordNorthStation-Sunday-76c1e-1-16:09:48
Green-E,Green-E-MedfordNorthStation-Sunday-76c1e-1-16:17:45
Green-E,Green-E-MedfordNorthStation-Sunday-76c1e-1-16:25:42
Green-E,Green-E-MedfordNorthStation-Sunday-76c1e-1-16:33:39
Green-E,Green-E-MedfordNorthStation-Sunday-76c1e-1-16:41:36
Green-E,Green-E-MedfordNorthStation-Sunday-76c1e-1-16:49:33
Green-E,Green-E-MedfordNorthStation-Sunday-76c1e-1-16:57:30
Green-E,Green-E-MedfordNorthStation-Sunday-76c1e-1-17:05:27
Green-E,Green-E-MedfordNorthStation-Sunday-76c1e-1-17:13:24
Green-E,Green-E-MedfordNorthStation-Sunday-76c1e-1-17:21:21
Green-E,Green-E-MedfordNorthStation-Sunday-76c1e-1-17:29:18
Green-E,Green-E-MedfordNorthStation-Sunday-76c1e-1-17:37:15
Green-E,Green-E-MedfordNorthStation-Sunday-76c1e-1-17:45:12
Green-E,Green-E-MedfordNorthStation-Sunday-76c1e-1-17:53:09
Green-E,Green-E-MedfordNorthStation-Sunday-76c1e-1-18:01:06
Green-E,Green-E-MedfordNorthStation-Sunday-76c1e-1-18:09:03
Green-E,Green-E-MedfordNorthStation-Sunday-76c1e-1-18:17:00
Green-E,Green-E-MedfordNorthStation-Sunday-76c1e-1-18:24:57
Green-E,Green-E-MedfordNorthStation-Sunday-76c1e-1-18:32:54
Green-E,Green-E-MedfordNorthStation-Sunday-76c1e-1-18:40:51
Green-E,Green-E-MedfordNorthStation-Sunday-76c1e-1-18:48:48
Green-E,Green-E-MedfordNorthStation-Sunday-76c1e-1-18:56:45
Green-E,Green-E-MedfordNorthStation-Sunday-76c1e-1-19:04:42
Green-E,Green-E-MedfordNorthStation-Sunday-76c1e-1-19:12:39
Green-E,Green-E-MedfordNorthStation-Sunday-76c1e-1-19:20:36
Green-E,Green-E-MedfordNorthStation-Sunday-76c1e-1-19:28:33
Green-E,Green-E-MedfordNorthStation-Sunday-76c1e-1-19:36:30
Green-E,Green-E-MedfordNorthStation-Sunday-76c1e-1-19:44:27
Green-E,Green-E-MedfordNorthStation-Sunday-76c1e-1-19:52:24
Green-E,Green-E-MedfordNorthStation-Sunday-76c1e-1-20:00:21
Green-E,Green-E-MedfordNorthStation-Sunday-76c1e-1-20:08:41
Green-E,Green-E-MedfordNorthStation-Sunday-76c1e-1-20:17:01
Green-E,Green-E-MedfordNorthStation-Sunday-76c1e-1-20:25:21
Green-E,Green-E-MedfordNorthStation-Sunday-76c1e-1-20:33:41
Green-E,Green-E-MedfordNorthStation-Sunday-76c1e-1-20:42:01
Green-E,Green-E-MedfordNorthStation-Sunday-76c1e-1-20:50:21
Green-E,Green-E-MedfordNorthStation-Sunday-76c1e-1-20:58:41
Green-E,Green-E-MedfordNorthStation-Sunday-76c1e-1-21:07:01
Green-E,Green-E-MedfordNorthStation-Sunday-76c1e-1-21:15:04
Green-E,Green-E-MedfordNorthStation-Sunday-76c1e-1-21:23:07
Green-E,Green-E-MedfordNorthStation-Sunday-76c1e-1-21:31:10
Green-E,Green-E-MedfordNorthStation-Sunday-76c1e-1-21:39:13
Green-E,Green-E-MedfordNorthStation-Sunday-76c1e-1-21:47:16
Green-E,Green-E-MedfordNorthStation-Sunday-76c1e-1-21:55:19
Green-E,Green-E-MedfordNorthStation-Sunday-76c1e-1-22:03:22
Green-E,Green-E-MedfordNorthStation-Sunday-76c1e-1-22:11:09
Green-E,Green-E-MedfordNorthStation-Sunday-76c1e-1-22:18:56
Green-E,Green-E-MedfordNorthStation-Sunday-76c1e-1-22:26:43
Green-E,Green-E-MedfordNorthStation-Sunday-76c1e-1-22:34:30
Green-E,Green-E-MedfordNorthStation-Sunday-76c1e-1-22:42:17
Green-E,Green-E-MedfordNorthStation-Sunday-76c1e-1-22:50:04
Green-E,Green-E-MedfordNorthStation-Sunday-76c1e-1-22:57:51
Green-E,Green-E-MedfordNorthStation-Sunday-76c1e-1-23:05:38
Green-E,Green-E-MedfordNorthStation-Sunday-76c1e-1-23:13:08
Green-E,Green-E-MedfordNorthStation-Sunday-76c1e-1-23:20:38
Green-E,Green-E-MedfordNorthStation-Sunday-76c1e-1-23:28:08
Green-E,Green-E-MedfordNorthStation-Sunday-76c1e-1-23:35:38
Green-E,Green-E-MedfordNorthStation-Sunday-76c1e-1-23:43:08
Green-E,Green-E-MedfordNorthStation-Sunday-76c1e-1-23:50:38
Green-E,Green-E-MedfordNorthStation-Sunday-76c1e-1-23:58:08
Green-E,Green-E-MedfordNorthStation-Sunday-76c1e-1-24:05:38
Green-E,Green-E-MedfordNorthStation-Sunday-76c1e-1-24:12:51
Green-E,Green-E-MedfordNorthStation-Sunday-76c1e-1-24:20:04
Green-E,Green-E-MedfordNorthStation-Sunday-76c1e-1-24:27:17
Green-E,Green-E-MedfordNorthStation-Sunday-76c1e-1-24:34:30
Green-E,Green-E-MedfordNorthStation-Sunday-76c1e-1-24:41:43
Green-E,Green-E-MedfordNorthStation-Sunday-76c1e-1-24:48:56
Green-E,Green-E-MedfordNorthStation-Sunday-76c1e-1-24:56:09
Green-E,Green-E-MedfordNorthStation-Sunday-76c1e-1-25:03:22
Green-E,Green-E-MedfordNorthStation-Sunday-76c1e-1-25:10:35
Green-E,Green-E-MedfordNorthStation-Sunday-76c1e-1-25:17:48
Green-E,Green-E-MedfordNorthStation-Sunday-76c1e-1-25:20:00
Green-E,Green-E-MedfordNorthStation-Weekday-76c1e-0-05:01:00
Green-E,Green-E-MedfordNorthStation-Weekday-76c1e-0-05:06:00
Green-E,Green-E-MedfordNorthStation-Weekday-76c1e-0-05:11:00
Green-E,Green-E-MedfordNorthStation-Weekday-76c1e-0-05:16:00
Green-E,Green-E-MedfordNorthStation-Weekday-76c1e-0-05:21:00
Green-E,Green-E-MedfordNorthStation-Weekday-76c1e-0-05:26:00
Green-E,Green-E-MedfordNorthStation-Weekday-76c1e-0-05:31:00
Green-E,Green-E-MedfordNorthStation-Weekday-76c1e-0-05:36:00
Green-E,Green-E-MedfordNorthStation-Weekday-76c1e-0-05:41:00
Green-E,Green-E-MedfordNorthStation-Weekday-76c1e-0-05:46:00
Green-E,Green-E-MedfordNorthStation-Weekday-76c1e-0-05:51:00
Green-E,Green-E-MedfordNorthStation-Weekday-76c1e-0-05:56:00
Green-E,Green-E-MedfordNorthStation-Weekday-76c1e-0-06:01:00
Green-E,Green-E-MedfordNorthStation-Weekday-76c1e-0-06:05:30
Green-E,Green-E-MedfordNorthStation-Weekday-76c1e-0-06:10:00
Green-E,Green-E-MedfordNorthStation-Weekday-76c1e-0-06:14:30
Green-E,Green-E-MedfordNorthStation-Weekday-76c1e-0-06:19:00
Green-E,Green-E-MedfordNorthStation-Weekday-76c1e-0-06:23:30
Green-E,Green-E-MedfordNorthStation-Weekday-76c1e-0-06:28:00
Green-E,Green-E-MedfordNorthStation-Weekday-76c1e-0-06:32:30
Green-E,Green-E-MedfordNorthStation-Weekday-76c1e-0-06:37:00
Green-E,Green-E-MedfordNorthStation-Weekday-76c1e-0-06:41:30
Green-E,Green-E-MedfordNorthStation-Weekday-76c1e-0-06:46:00
Green-E,Green-E-MedfordNorthStation-Weekday-76c1e-0-06:50:30
Green-E,Green-E-MedfordNorthStation-Weekday-76c1e-0-06:55:00
Green-E,Green-E-MedfordNorthStation-Weekday-76c1e-0-06:59:30
Green-E,Green-E-MedfordNorthStation-Weekday-76c1e-0-07:04:00
Green-E,Green-E-MedfordNorthStation-Weekday-76c1e-0-07:08:04
Green-E,Green-E-MedfordNorthStation-Weekday-76c1e-0-07:12:08
Green-E,Green-E-MedfordNorthStation-Weekday-76c1e-0-07:16:12
Green-E,Green-E-MedfordNorthStation-Weekday-76c1e-0-07:20:16
Green-E,Green-E-MedfordNorthStation-Weekday-76c1e-0-07:24:20
Green-E,Green-E-MedfordNorthStation-Weekday-76c1e-0-07:28:24
Green-E,Green-E-MedfordNorthStation-Weekday-76c1e-0-07:32:28
Green-E,Green-E-MedfordNorthStation-Weekday-76c1e-0-07:36:32
Green-E,Green-E-MedfordNorthStation-Weekday-76c1e-0-07:40:36
Green-E,Green-E-MedfordNorthStation-Weekday-76c1e-0-07:44:40
Green-E,Green-E-MedfordNorthStation-Weekday-76c1e-0-07:48:44
Green-E,Green-E-MedfordNorthStation-Weekday-76c1e-0-07:52:48
Green-E,Green-E-MedfordNorthStation-Weekday-76c1e-0-07:56:52
Green-E,Green-E-MedfordNorthStation-Weekday-76c1e-0-08:00:56
Green-E,Green-E-MedfordNorthStation-Weekday-76c1e-0-08:05:37
Green-E,Green-E-MedfordNorthStation-Weekday-76c1e-0-08:10:18
Green-E,Green-E-MedfordNorthStation-Weekday-76c1e-0-08:14:59
Green-E,Green-E-MedfordNorthStation-Weekday-76c1e-0-08:19:40
Green-E,Green-E-MedfordNorthStation-Weekday-76c1e-0-08:24:21
Green-E,Green-E-MedfordNorthStation-Weekday-76c1e-0-08:29:02
Green-E,Green-E-MedfordNorthStation-Weekday-76c1e-0-08:33:43
Green-E,Green-E-MedfordNorthStation-Weekday-76c1e-0-08:38:24
Green-E,Green-E-MedfordNorthStation-Weekday-76c1e-0-08:43:05
Green-E,Green-E-MedfordNorthStation-Weekday-76c1e-0-08:47:46
Green-E,Green-E-MedfordNorthStation-Weekday-76c1e-0-08:52:27
Green-E,Green-E-MedfordNorthStation-Weekday-76c1e-0-08:57:08
Green-E,Green-E-MedfordNorthStation-Weekday-76c1e-0-09:01:49
Green-E,Green-E-MedfordNorthStation-Weekday-76c1e-0-09:06:30
Green-E,Green-E-MedfordNorthStation-Weekday-76c1e-0-09:11:11
Green-E,Green-E-MedfordNorthStation-Weekday-76c1e-0-09:15:52
Green-E,Green-E-MedfordNorthStation-Weekday-76c1e-0-09:20:33
Green-E,Green-E-MedfordNorthStation-Weekday-76c1e-0-09:25:14
Green-E,Green-E-MedfordNorthStation-Weekday-76c1e-0-09:29:55
Green-E,Green-E-MedfordNorthStation-Weekday-76c1e-0-09:34:36
Green-E,Green-E-MedfordNorthStation-Weekday-76c1e-0-09:39:17
Green-E,Green-E-MedfordNorthStation-Weekday-76c1e-0-09:43:58
Green-E,Green-E-MedfordNorthStation-Weekday-76c1e-0-09:48:39
Green-E,Green-E-MedfordNorthStation-Weekday-76c1e-0-09:53:20
Green-E,Green-E-MedfordNorthStation-Weekday-76c1e-0-09:58:01
Green-E,Green-E-MedfordNorthStation-Weekday-76c1e-0-10:02:42
Green-E,Green-E-MedfordNorthStation-Weekday-76c1e-0-10:07:34
Green-E,Green-E-MedfordNorthStation-Weekday-76c1e-0-10:12:26
Green-E,Green-E-MedfordNorthStation-Weekday-76c1e-0-10:17:18
Green-E,Green-E-MedfordNorthStation-Weekday-76c1e-0-10:22:10
Green-E,Green-E-MedfordNorthStation-Weekday-76c1e-0-10:27:02
Green-E,Green-E-MedfordNorthStation-Weekday-76c1e-0-10:31:54
Green-E,Green-E-MedfordNorthStation-Weekday-76c1e-0-10:36:46
Green-E,Green-E-MedfordNorthStation-Weekday-76c1e-0-10:41:38
Green-E,Green-E-MedfordNorthStation-Weekday-76c1e-0-10:46:30
Green-E,Green-E-MedfordNorthStation-Weekday-76c1e-0-10:51:22
Green-E,Green-E-MedfordNorthStation-Weekday-76c1e-0-10:56:14
Green-E,Green-E-MedfordNorthStation-Weekday-76c1e-0-11:01:06
Green-E,Green-E-MedfordNorthStation-Weekday-76c1e-0-11:05:58
Green-E,Green-E-MedfordNorthStation-Weekday-76c1e-0-11:10:50
Green-E,Green-E-MedfordNorthStation-Weekday-76c1e-0-11:15:42
Green-E,Green-E-MedfordNorthStation-Weekday-76c1e-0-11:20:34
Green-E,Green-E-MedfordNorthStation-Weekday-76c1e-0-11:25:26
Green-E,Green-E-MedfordNorthStation-Weekday-76c1e-0-11:30:18
Green-E,Green-E-MedfordNorthStation-Weekday-76c1e-0-11:35:10
Green-E,Green-E-MedfordNorthStation-Weekday-76c1e-0-11:40:02
Green-E,Green-E-MedfordNorthStation-Weekday-76c1e-0-11:44:54
Green-E,Green-E-MedfordNorthStation-Weekday-76c1e-0-11:49:46
Green-E,Green-E-MedfordNorthStation-Weekday-76c1e-0-11:54:38
Green-E,Green-E-MedfordNorthStation-Weekday-76c1e-0-11:59:30
Green-E,Green-E-MedfordNorthStation-Weekday-76c1e-0-12:04:22
Green-E,Green-E-MedfordNorthStation-Weekday-76c1e-0-12:09:14
Green-E,Green-E-MedfordNorthStation-Weekday-76c1e-0-12:14:06
Green-E,Green-E-MedfordNorthStation-Weekday-76c1e-0-12:18:58
Green-E,Green-E-MedfordNorthStation-Weekday-76c1e-0-12:23:50
Green-E,Green-E-MedfordNorthStation-Weekday-76c1e-0-12:28:42
Green-E,Green-E-MedfordNorthStation-Weekday-76c1e-0-12:33:34
Green-E,Green-E-MedfordNorthStation-Weekday-76c1e-0-12:38:26
Green-E,Green-E-MedfordNorthStation-Weekday-76c1e-0-12:43:18
Green-E,Green-E-MedfordNorthStation-Weekday-76c1e-0-12:48:10
Green-E,Green-E-MedfordNorthStation-Weekday-76c1e-0-12:53:02
Green-E,Green-E-MedfordNorthStation-Weekday-76c1e-0-12:57:54
Green-E,Green-E-MedfordNorthStation-Weekday-76c1e-0-13:02:46
Green-E,Green-E-MedfordNorthStation-Weekday-76c1e-0-13:07:58
Green-E,Green-E-MedfordNorthStation-Weekday-76c1e-0-13:13:10
Green-E,Green-E-MedfordNorthStation-Weekday-76c1e-0-13:18:22
Green-E,Green-E-MedfordNorthStation-Weekday-76c1e-0-13:23:34
Green-E,Green-E-MedfordNorthStation-Weekday-76c1e-0-13:28:46
Green-E,Green-E-MedfordNorthStation-Weekday-76c1e-0-13:33:58
Green-E,Green-E-MedfordNorthStation-Weekday-76c1e-0-13:39:10
Green-E,Green-E-MedfordNorthStation-Weekday-76c1e-0-13:44:22
Green-E,Green-E-MedfordNorthStation-Weekday-76c1e-0-13:49:34
Green-E,Green-E-MedfordNorthStation-Weekday-76c1e-0-13:54:46
Green-E,Green-E-MedfordNorthStation-Weekday-76c1e-0-13:59:58
Green-E,Green-E-MedfordNorthStation-Weekday-76c1e-0-14:05:10
Green-E,Green-E-MedfordNorthStation-Weekday-76c1e-0-14:10:43
Green-E,Green-E-MedfordNorthStation-Weekday-76c1e-0-14:16:16
Green-E,Green-E-MedfordNorthStation-Weekday-76c1e-0-14:21:49
Green-E,Green-E-MedfordNorthStation-Weekday-76c1e-0-14:27:22
Green-E,Green-E-MedfordNorthStation-Weekday-76c1e-0-14:32:55
Green-E,Green-E-MedfordNorthStation-Weekday-76c1e-0-14:38:28
Green-E,Green-E-MedfordNorthStation-Weekday-76c1e-0-14:44:01
Green-E,Green-E-MedfordNorthStation-Weekday-76c1e-0-14:49:34
Green-E,Green-E-MedfordNorthStation-Weekday-76c1e-0-14:55:07
Green-E,Green-E-MedfordNorthStation-Weekday-76c1e-0-15:00:40
Green-E,Green-E-MedfordNorthStation-Weekday-76c1e-0-15:06:13
Green-E,Green-E-MedfordNorthStation-Weekday-76c1e-0-15:11:46
Green-E,Green-E-MedfordNorthStation-Weekday-76c1e-0-15:17:19
Green-E,Green-E-MedfordNorthStation-Weekday-76c1e-0-15:22:52
Green-E,Green-E-MedfordNorthStation-Weekday-76c1e-0-15:28:25
Green-E,Green-E-MedfordNorthStation-Weekday-76c1e-0-15:33:58
Green-E,Green-E-MedfordNorthStation-Weekday-76c1e-0-15:39:31
Green-E,Green-E-MedfordNorthStation-Weekday-76c1e-0-15:45:04
Green-E,Green-E-MedfordNorthStation-Weekday-76c1e-0-15:50:37
Green-E,Green-E-MedfordNorthStation-Weekday-76c1e-0-15:56:10
Green-E,Green-E-MedfordNorthStation-Weekday-76c1e-0-16:01:43
Green-E,Green-E-MedfordNorthStation-Weekday-76c1e-0-16:07:02
Green-E,Green-E-MedfordNorthStation-Weekday-76c1e-0-16:12:21
Green-E,Green-E-MedfordNorthStation-Weekday-76c1e-0-16:17:40
Green-E,Green-E-MedfordNorthStation-Weekday-76c1e-0-16:22:59
Green-E,Green-E-MedfordNorthStation-Weekday-76c1e-0-16:28:18
Green-E,Green-E-MedfordNorthStation-Weekday-76c1e-0-16:33:37
Green-E,Green-E-MedfordNorthStation-Weekday-76c1e-0-16:38:56
Green-E,Green-E-MedfordNorthStation-Weekday-76c1e-0-16:44:15
Green-E,Green-E-MedfordNorthStation-Weekday-76c1e-0-16:49:34
Green-E,Green-E-MedfordNorthStation-Weekday-76c1e-0-16:54:53
Green-E,Green-E-MedfordNorthStation-Weekday-76c1e-0-17:00:12
Green-E,Green-E-MedfordNorthStation-Weekday-76c1e-0-17:05:50
Green-E,Green-E-MedfordNorthStation-Weekday-76c1e-0-17:11:28
Green-E,Green-E-MedfordNorthStation-Weekday-76c1e-0-17:17:06
Green-E,Green-E-MedfordNorthStation-Weekday-76c1e-0-17:22:44
Green-E,Green-E-MedfordNorthStation-Weekday-76c1e-0-17:28:22
Green-E,Green-E-MedfordNorthStation-Weekday-76c1e-0-17:34:00
Green-E,Green-E-MedfordNorthStation-Weekday-76c1e-0-17:39:38
Green-E,Green-E-MedfordNorthStation-Weekday-76c1e-0-17:45:16
Green-E,Green-E-MedfordNorthStation-Weekday-76c1e-0-17:50:54
Green-E,Green-E-MedfordNorthStation-Weekday-76c1e-0-17:56:32
Green-E,Green-E-MedfordNorthStation-Weekday-76c1e-0-18:02:10
Green-E,Green-E-MedfordNorthStation-Weekday-76c1e-0-18:07:29
Green-E,Green-E-MedfordNorthStation-Weekday-76c1e-0-18:12:48
Green-E,Green-E-MedfordNorthStation-Weekday-76c1e-0-18:18:07
Green-E,Green-E-MedfordNorthStation-Weekday-76c1e-0-18:23:26
Green-E,Green-E-MedfordNorthStation-Weekday-76c1e-0-18:28:45
Green-E,Green-E-MedfordNorthStation-Weekday-76c1e-0-18:34:04
Green-E,Green-E-MedfordNorthStation-Weekday-76c1e-0-18:39:23
Green-E,Green-E-MedfordNorthStation-Weekday-76c1e-0-18:44:42
Green-E,Green-E-MedfordNorthStation-Weekday-76c1e-0-18:50:01
Green-E,Green-E-MedfordNorthStation-Weekday-76c1e-0-18:55:20
Green-E,Green-E-MedfordNorthStation-Weekday-76c1e-0-19:00:39
Green-E,Green-E-MedfordNorthStation-Weekday-76c1e-0-19:05:51
Green-E,Green-E-MedfordNorthStation-Weekday-76c1e-0-19:11:03
Green-E,Green-E-MedfordNorthStation-Weekday-76c1e-0-19:16:15
Green-E,Green-E-MedfordNorthStation-Weekday-76c1e-0-19:21:27
Green-E,Green-E-MedfordNorthStation-Weekday-76c1e-0-19:26:39
Green-E,Green-E-MedfordNorthStation-Weekday-76c1e-0-19:31:51
Green-E,Green-E-MedfordNorthStation-Weekday-76c1e-0-19:37:03
Green-E,Green-E-MedfordNorthStation-Weekday-76c1e-0-19:42:15
Green-E,Green-E-MedfordNorthStation-Weekday-76c1e-0-19:47:27
Green-E,Green-E-MedfordNorthStation-Weekday-76c1e-0-19:52:39
Green-E,Green-E-MedfordNorthStation-Weekday-76c1e-0-19:57:51
Green-E,Green-E-MedfordNorthStation-Weekday-76c1e-0-20:03:03
Green-E,Green-E-MedfordNorthStation-Weekday-76c1e-0-20:08:08
Green-E,Green-E-MedfordNorthStation-Weekday-76c1e-0-20:13:13
Green-E,Green-E-MedfordNorthStation-Weekday-76c1e-0-20:18:18
Green-E,Green-E-MedfordNorthStation-Weekday-76c1e-0-20:23:23
Green-E,Green-E-MedfordNorthStation-Weekday-76c1e-0-20:28:28
Green-E,Green-E-MedfordNorthStation-Weekday-76c1e-0-20:33:33
Green-E,Green-E-MedfordNorthStation-Weekday-76c1e-0-20:38:38
Green-E,Green-E-MedfordNorthStation-Weekday-76c1e-0-20:43:43
Green-E,Green-E-MedfordNorthStation-Weekday-76c1e-0-20:48:48
Green-E,Green-E-MedfordNorthStation-Weekday-76c1e-0-20:53:53
Green-E,Green-E-MedfordNorthStation-Weekday-76c1e-0-20:58:58
Green-E,Green-E-MedfordNorthStation-Weekday-76c1e-0-21:04:03
Green-E,Green-E-MedfordNorthStation-Weekday-76c1e-0-21:09:24
Green-E,Green-E-MedfordNorthStation-Weekday-76c1e-0-21:14:45
Green-E,Green-E-MedfordNorthStation-Weekday-76c1e-0-21:20:06
Green-E,Green-E-MedfordNorthStation-Weekday-76c1e-0-21:25:27
Green-E,Green-E-MedfordNorthStation-Weekday-76c1e-0-21:30:48
Green-E,Green-E-MedfordNorthStation-Weekday-76c1e-0-21:36:09
Green-E,Green-E-MedfordNorthStation-Weekday-76c1e-0-21:41:30
Green-E,Green-E-MedfordNorthStation-Weekday-76c1e-0-21:46:51
Green-E,Green-E-MedfordNorthStation-Weekday-76c1e-0-21:52:12
Green-E,Green-E-MedfordNorthStation-Weekday-76c1e-0-21:57:33
Green-E,Green-E-MedfordNorthStation-Weekday-76c1e-0-22:02:54
Green-E,Green-E-MedfordNorthStation-Weekday-76c1e-0-22:09:09
Green-E,Green-E-MedfordNorthStation-Weekday-76c1e-0-22:15:24
Green-E,Green-E-MedfordNorthStation-Weekday-76c1e-0-22:21:39
Green-E,Green-E-MedfordNorthStation-Weekday-76c1e-0-22:27:54
Green-E,Green-E-MedfordNorthStation-Weekday-76c1e-0-22:34:09
Green-E,Green-E-MedfordNorthStation-Weekday-76c1e-0-22:40:24
Green-E,Green-E-MedfordNorthStation-Weekday-76c1e-0-22:46:39
Green-E,Green-E-MedfordNorthStation-Weekday-76c1e-0-22:52:54
Green-E,Green-E-MedfordNorthStation-Weekday-76c1e-0-22:59:09
Green-E,Green-E-MedfordNorthStation-Weekday-76c1e-0-23:05:24
Green-E,Green-E-MedfordNorthStation-Weekday-76c1e-0-23:11:14
Green-E,Green-E-MedfordNorthStation-Weekday-76c1e-0-23:17:04
Green-E,Green-E-MedfordNorthStation-Weekday-76c1e-0-23:22:54
Green-E,Green-E-MedfordNorthStation-Weekday-76c1e-0-23:28:44
Green-E,Green-E-MedfordNorthStation-Weekday-76c1e-0-23:34:34
Green-E,Green-E-MedfordNorthStation-Weekday-76c1e-0-23:40:24
Green-E,Green-E-MedfordNorthStation-Weekday-76c1e-0-23:46:14
Green-E,Green-E-MedfordNorthStation-Weekday-76c1e-0-23:52:04
Green-E,Green-E-MedfordNorthStation-Weekday-76c1e-0-23:57:54
Green-E,Green-E-MedfordNorthStation-Weekday-76c1e-0-24:03:44
Green-E,Green-E-MedfordNorthStation-Weekday-76c1e-0-24:08:56
Green-E,Green-E-MedfordNorthStation-Weekday-76c1e-0-24:10:00
Green-E,Green-E-MedfordNorthStation-Weekday-76c1e-1-05:48:00
Green-E,Green-E-MedfordNorthStation-Weekday-76c1e-1-05:53:00
Green-E,Green-E-MedfordNorthStation-Weekday-76c1e-1-05:58:00
Green-E,Green-E-MedfordNorthStation-Weekday-76c1e-1-06:03:00
Green-E,Green-E-MedfordNorthStation-Weekday-76c1e-1-06:07:30
Green-E,Green-E-MedfordNorthStation-Weekday-76c1e-1-06:12:00
Green-E,Green-E-MedfordNorthStation-Weekday-76c1e-1-06:16:30
Green-E,Green-E-MedfordNorthStation-Weekday-76c1e-1-06:21:00
Green-E,Green-E-MedfordNorthStation-Weekday-76c1e-1-06:25:30
Green-E,Green-E-MedfordNorthStation-Weekday-76c1e-1-06:30:00
Green-E,Green-E-MedfordNorthStation-Weekday-76c1e-1-06:34:30
Green-E,Green-E-MedfordNorthStation-Weekday-76c1e-1-06:39:00
Green-E,Green-E-MedfordNorthStation-Weekday-76c1e-1-06:43:30
Green-E,Green-E-MedfordNorthStation-Weekday-76c1e-1-06:48:00
Green-E,Green-E-MedfordNorthStation-Weekday-76c1e-1-06:52:30
Green-E,Green-E-MedfordNorthStation-Weekday-76c1e-1-06:57:00
Green-E,Green-E-MedfordNorthStation-Weekday-76c1e-1-07:01:30
Green-E,Green-E-MedfordNorthStation-Weekday-76c1e-1-07:05:34
Green-E,Green-E-MedfordNorthStation-Weekday-76c1e-1-07:09:38
Green-E,Green-E-MedfordNorthStation-Weekday-76c1e-1-07:13:42
Green-E,Green-E-MedfordNorthStation-Weekday-76c1e-1-07:17:46
Green-E,Green-E-MedfordNorthStation-Weekday-76c1e-1-07:21:50
Green-E,Green-E-MedfordNorthStation-Weekday-76c1e-1-07:25:54
Green-E,Green-E-MedfordNorthStation-Weekday-76c1e-1-07:29:58
Green-E,Green-E-MedfordNorthStation-Weekday-76c1e-1-07:34:02
Green-E,Green-E-MedfordNorthStation-Weekday-76c1e-1-07:38:06
Green-E,Green-E-MedfordNorthStation-Weekday-76c1e-1-07:42:10
Green-E,Green-E-MedfordNorthStation-Weekday-76c1e-1-07:46:14
Green-E,Green-E-MedfordNorthStation-Weekday-76c1e-1-07:50:18
Green-E,Green-E-MedfordNorthStation-Weekday-76c1e-1-07:54:22
Green-E,Green-E-MedfordNorthStation-Weekday-76c1e-1-07:58:26
Green-E,Green-E-MedfordNorthStation-Weekday-76c1e-1-08:02:30
Green-E,Green-E-MedfordNorthStation-Weekday-76c1e-1-08:07:11
Green-E,Green-E-MedfordNorthStation-Weekday-76c1e-1-08:11:52
Green-E,Green-E-MedfordNorthStation-Weekday-76c1e-1-08:16:33
Green-E,Green-E-MedfordNorthStation-Weekday-76c1e-1-08:21:14
Green-E,Green-E-MedfordNorthStation-Weekday-76c1e-1-08:25:55
Green-E,Green-E-MedfordNorthStation-Weekday-76c1e-1-08:30:36
Green-E,Green-E-MedfordNorthStation-Weekday-76c1e-1-08:35:17
Green-E,Green-E-MedfordNorthStation-Weekday-76c1e-1-08:39:58
Green-E,Green-E-MedfordNorthStation-Weekday-76c1e-1-08:44:39
Green-E,Green-E-MedfordNorthStation-Weekday-76c1e-1-08:49:20
Green-E,Green-E-MedfordNorthStation-Weekday-76c1e-1-08:54:01
Green-E,Green-E-MedfordNorthStation-Weekday-76c1e-1-08:58:42
Green-E,Green-E-MedfordNorthStation-Weekday-76c1e-1-09:03:23
Green-E,Green-E-MedfordNorthStation-Weekday-76c1e-1-09:08:04
Green-E,Green-E-MedfordNorthStation-Weekday-76c1e-1-09:12:45
Green-E,Green-E-MedfordNorthStation-Weekday-76c1e-1-09:17:26
Green-E,Green-E-MedfordNorthStation-Weekday-76c1e-1-09:22:07
Green-E,Green-E-MedfordNorthStation-Weekday-76c1e-1-09:26:48
Green-E,Green-E-MedfordNorthStation-Weekday-76c1e-1-09:31:29
Green-E,Green-E-MedfordNorthStation-Weekday-76c1e-1-09:36:10
Green-E,Green-E-MedfordNorthStation-Weekday-76c1e-1-09:40:51
Green-E,Green-E-MedfordNorthStation-Weekday-76c1e-1-09:45:32
Green-E,Green-E-MedfordNorthStation-Weekday-76c1e-1-09:50:13
Green-E,Green-E-MedfordNorthStation-Weekday-76c1e-1-09:54:54
Green-E,Green-E-MedfordNorthStation-Weekday-76c1e-1-09:59:35
Green-E,Green-E-MedfordNorthStation-Weekday-76c1e-1-10:04:16
Green-E,Green-E-MedfordNorthStation-Weekday-76c1e-1-10:09:08
Green-E,Green-E-MedfordNorthStation-Weekday-76c1e-1-10:14:00
Green-E,Green-E-MedfordNorthStation-Weekday-76c1e-1-10:18:52
Green-E,Green-E-MedfordNorthStation-Weekday-76c1e-1-10:23:44
Green-E,Green-E-MedfordNorthStation-Weekday-76c1e-1-10:28:36
Green-E,Green-E-MedfordNorthStation-Weekday-76c1e-1-10:33:28
Green-E,Green-E-MedfordNorthStation-Weekday-76c1e-1-10:38:20
Green-E,Green-E-MedfordNorthStation-Weekday-76c1e-1-10:43:12
Green-E,Green-E-MedfordNorthStation-Weekday-76c1e-1-10:48:04
Green-E,Green-E-MedfordNorthStation-Weekday-76c1e-1-10:52:56
Green-E,Green-E-MedfordNorthStation-Weekday-76c1e-1-10:57:48
Green-E,Green-E-MedfordNorthStation-Weekday-76c1e-1-11:02:40
Green-E,Green-E-MedfordNorthStation-Weekday-76c1e-1-11:07:32
Green-E,Green-E-MedfordNorthStation-Weekday-76c1e-1-11:12:24
Green-E,Green-E-MedfordNorthStation-Weekday-76c1e-1-11:17:16
Green-E,Green-E-MedfordNorthStation-Weekday-76c1e-1-11:22:08
Green-E,Green-E-MedfordNorthStation-Weekday-76c1e-1-11:27:00
Green-E,Green-E-MedfordNorthStation-Weekday-76c1e-1-11:31:52
Green-E,Green-E-MedfordNorthStation-Weekday-76c1e-1-11:36:44
Green-E,Green-E-MedfordNorthStation-Weekday-76c1e-1-11:41:36
Green-E,Green-E-MedfordNorthStation-Weekday-76c1e-1-11:46:28
Green-E,Green-E-MedfordNorthStation-Weekday-76c1e-1-11:51:20
Green-E,Green-E-MedfordNorthStation-Weekday-76c1e-1-11:56:12
Green-E,Green-E-MedfordNorthStation-Weekday-76c1e-1-12:01:04
Green-E,Green-E-MedfordNorthStation-Weekday-76c1e-1-12:05:56
Green-E,Green-E-MedfordNorthStation-Weekday-76c1e-1-12:10:48
Green-E,Green-E-MedfordNorthStation-Weekday-76c1e-1-12:15:40
Green-E,Green-E-MedfordNorthStation-Weekday-76c1e-1-12:20:32
Green-E,Green-E-MedfordNorthStation-Weekday-76c1e-1-12:25:24
Green-E,Green-E-MedfordNorthStation-Weekday-76c1e-1-12:30:16
Green-E,Green-E-MedfordNorthStation-Weekday-76c1e-1-12:35:08
Green-E,Green-E-MedfordNorthStation-Weekday-76c1e-1-12:40:00
Green-E,Green-E-MedfordNorthStation-Weekday-76c1e-1-12:44:52
Green-E,Green-E-MedfordNorthStation-Weekday-76c1e-1-12:49:44
Green-E,Green-E-MedfordNorthStation-Weekday-76c1e-1-12:54:36
Green-E,Green-E-MedfordNorthStation-Weekday-76c1e-1-12:59:28
Green-E,Green-E-MedfordNorthStation-Weekday-76c1e-1-13:04:20
Green-E,Green-E-MedfordNorthStation-Weekday-76c1e-1-13:09:32
Green-E,Green-E-MedfordNorthStation-Weekday-76c1e-1-13:14:44
Green-E,Green-E-MedfordNorthStation-Weekday-76c1e-1-13:19:56
Green-E,Green-E-MedfordNorthStation-Weekday-76c1e-1-13:25:08
Green-E,Green-E-MedfordNorthStation-Weekday-76c1e-1-13:30:20
Green-E,Green-E-MedfordNorthStation-Weekday-76c1e-1-13:35:32
Green-E,Green-E-MedfordNorthStation-Weekday-76c1e-1-13:40:44
Green-E,Green-E-MedfordNorthStation-Weekday-76c1e-1-13:45:56
Green-E,Green-E-MedfordNorthStation-Weekday-76c1e-1-13:51:08
Green-E,Green-E-MedfordNorthStation-Weekday-76c1e-1-13:56:20
Green-E,Green-E-MedfordNorthStation-Weekday-76c1e-1-14:01:32
Green-E,Green-E-MedfordNorthStation-Weekday-76c1e-1-14:07:05
Green-E,Green-E-MedfordNorthStation-Weekday-76c1e-1-14:12:38
Green-E,Green-E-MedfordNorthStation-Weekday-76c1e-1-14:18:11
Green-E,Green-E-MedfordNorthStation-Weekday-76c1e-1-14:23:44
Green-E,Green-E-MedfordNorthStation-Weekday-76c1e-1-14:29:17
Green-E,Green-E-MedfordNorthStation-Weekday-76c1e-1-14:34:50
Green-E,Green-E-MedfordNorthStation-Weekday-76c1e-1-14:40:23
Green-E,Green-E-MedfordNorthStation-Weekday-76c1e-1-14:45:56
Green-E,Green-E-MedfordNorthStation-Weekday-76c1e-1-14:51:29
Green-E,Green-E-MedfordNorthStation-Weekday-76c1e-1-14:57:02
Green-E,Green-E-MedfordNorthStation-Weekday-76c1e-1-15:02:35
Green-E,Green-E-MedfordNorthStation-Weekday-76c1e-1-15:08:08
Green-E,Green-E-MedfordNorthStation-Weekday-76c1e-1-15:13:41
Green-E,Green-E-MedfordNorthStation-Weekday-76c1e-1-15:19:14
Green-E,Green-E-MedfordNorthStation-Weekday-76c1e-1-15:24:47
Green-E,Green-E-MedfordNorthStation-Weekday-76c1e-1-15:30:20
Green-E,Green-E-MedfordNorthStation-Weekday-76c1e-1-15:35:53
Green-E,Green-E-MedfordNorthStation-Weekday-76c1e-1-15:41:26
Green-E,Green-E-MedfordNorthStation-Weekday-76c1e-1-15:46:59
Green-E,Green-E-MedfordNorthStation-Weekday-76c1e-1-15:52:32
Green-E,Green-E-MedfordNorthStation-Weekday-76c1e-1-15:58:05
Green-E,Green-E-MedfordNorthStation-Weekday-76c1e-1-16:03:38
Green-E,Green-E-MedfordNorthStation-Weekday-76c1e-1-16:08:57
Green-E,Green-E-MedfordNorthStation-Weekday-76c1e-1-16:14:16
Green-E,Green-E-MedfordNorthStation-Weekday-76c1e-1-16:19:35
Green-E,Green-E-MedfordNorthStation-Weekday-76c1e-1-16:24:54
Green-E,Green-E-MedfordNorthStation-Weekday-76c1e-1-16:30:13
Green-E,Green-E-MedfordNorthStation-Weekday-76c1e-1-16:35:32
Green-E,Green-E-MedfordNorthStation-Weekday-76c1e-1-16:40:51
Green-E,Green-E-MedfordNorthStation-Weekday-76c1e-1-16:46:10
Green-E,Green-E-MedfordNorthStation-Weekday-76c1e-1-16:51:29
Green-E,Green-E-MedfordNorthStation-Weekday-76c1e-1-16:56:48
Green-E,Green-E-MedfordNorthStation-Weekday-76c1e-1-17:02:07
Green-E,Green-E-MedfordNorthStation-Weekday-76c1e-1-17:07:45
Green-E,Green-E-MedfordNorthStation-Weekday-76c1e-1-17:13:23
Green-E,Green-E-MedfordNorthStation-Weekday-76c1e-1-17:19:01
Green-E,Green-E-MedfordNorthStation-Weekday-76c1e-1-17:24:39
Green-E,Green-E-MedfordNorthStation-Weekday-76c1e-1-17:30:17
Green-E,Green-E-MedfordNorthStation-Weekday-76c1e-1-17:35:55
Green-E,Green-E-MedfordNorthStation-Weekday-76c1e-1-17:41:33
Green-E,Green-E-MedfordNorthStation-Weekday-76c1e-1-17:47:11
Green-E,Green-E-MedfordNorthStation-Weekday-76c1e-1-17:52:49
Green-E,Green-E-MedfordNorthStation-Weekday-76c1e-1-17:58:27
Green-E,Green-E-MedfordNorthStation-Weekday-76c1e-1-18:04:05
Green-E,Green-E-MedfordNorthStation-Weekday-76c1e-1-18:09:24
Green-E,Green-E-MedfordNorthStation-Weekday-76c1e-1-18:14:43
Green-E,Green-E-MedfordNorthStation-Weekday-76c1e-1-18:20:02
Green-E,Green-E-MedfordNorthStation-Weekday-76c1e-1-18:25:21
Green-E,Green-E-MedfordNorthStation-Weekday-76c1e-1-18:30:40
Green-E,Green-E-MedfordNorthStation-Weekday-76c1e-1-18:35:59
Green-E,Green-E-MedfordNorthStation-Weekday-76c1e-1-18:41:18
Green-E,Green-E-MedfordNorthStation-Weekday-76c1e-1-18:46:37
Green-E,Green-E-MedfordNorthStation-Weekday-76c1e-1-18:51:56
Green-E,Green-E-MedfordNorthStation-Weekday-76c1e-1-18:57:15
Green-E,Green-E-MedfordNorthStation-Weekday-76c1e-1-19:02:34
Green-E,Green-E-MedfordNorthStation-Weekday-76c1e-1-19:07:46
Green-E,Green-E-MedfordNorthStation-Weekday-76c1e-1-19:12:58
Green-E,Green-E-MedfordNorthStation-Weekday-76c1e-1-19:18:10
Green-E,Green-E-MedfordNorthStation-Weekday-76c1e-1-19:23:22
Green-E,Green-E-MedfordNorthStation-Weekday-76c1e-1-19:28:34
Green-E,Green-E-MedfordNorthStation-Weekday-76c1e-1-19:33:46
Green-E,Green-E-MedfordNorthStation-Weekday-76c1e-1-19:38:58
Green-E,Green-E-MedfordNorthStation-Weekday-76c1e-1-19:44:10
Green-E,Green-E-MedfordNorthStation-Weekday-76c1e-1-19:49:22
Green-E,Green-E-MedfordNorthStation-Weekday-76c1e-1-19:54:34
Green-E,Green-E-MedfordNorthStation-Weekday-76c1e-1-19:59:46
Green-E,Green-E-MedfordNorthStation-Weekday-76c1e-1-20:04:58
Green-E,Green-E-MedfordNorthStation-Weekday-76c1e-1-20:10:03
Green-E,Green-E-MedfordNorthStation-Weekday-76c1e-1-20:15:08
Green-E,Green-E-MedfordNorthStation-Weekday-76c1e-1-20:20:13
Green-E,Green-E-MedfordNorthStation-Weekday-76c1e-1-20:25:18
Green-E,Green-E-MedfordNorthStation-Weekday-76c1e-1-20:30:23
Green-E,Green-E-MedfordNorthStation-Weekday-76c1e-1-20:35:28
Green-E,Green-E-MedfordNorthStation-Weekday-76c1e-1-20:40:33
Green-E,Green-E-MedfordNorthStation-Weekday-76c1e-1-20:45:38
Green-E,Green-E-MedfordNorthStation-Weekday-76c1e-1-20:50:43
Green-E,Green-E-MedfordNorthStation-Weekday-76c1e-1-20:55:48
Green-E,Green-E-MedfordNorthStation-Weekday-76c1e-1-21:00:53
Green-E,Green-E-MedfordNorthStation-Weekday-76c1e-1-21:06:14
Green-E,Green-E-MedfordNorthStation-Weekday-76c1e-1-21:11:35
Green-E,Green-E-MedfordNorthStation-Weekday-76c1e-1-21:16:56
Green-E,Green-E-MedfordNorthStation-Weekday-76c1e-1-21:22:17
Green-E,Green-E-MedfordNorthStation-Weekday-76c1e-1-21:27:38
Green-E,Green-E-MedfordNorthStation-Weekday-76c1e-1-21:32:59
Green-E,Green-E-MedfordNorthStation-Weekday-76c1e-1-21:38:20
Green-E,Green-E-MedfordNorthStation-Weekday-76c1e-1-21:43:41
Green-E,Green-E-MedfordNorthStation-Weekday-76c1e-1-21:49:02
Green-E,Green-E-MedfordNorthStation-Weekday-76c1e-1-21:54:23
Green-E,Green-E-MedfordNorthStation-Weekday-76c1e-1-21:59:44
Green-E,Green-E-MedfordNorthStation-Weekday-76c1e-1-22:05:05
Green-E,Green-E-MedfordNorthStation-Weekday-76c1e-1-22:11:20
Green-E,Green-E-MedfordNorthStation-Weekday-76c1e-1-22:17:35
Green-E,Green-E-MedfordNorthStation-Weekday-76c1e-1-22:23:50
Green-E,Green-E-MedfordNorthStation-Weekday-76c1e-1-22:30:05
Green-E,Green-E-MedfordNorthStation-Weekday-76c1e-1-22:36:20
Green-E,Green-E-MedfordNorthStation-Weekday-76c1e-1-22:42:35
Green-E,Green-E-MedfordNorthStation-Weekday-76c1e-1-22:48:50
Green-E,Green-E-MedfordNorthStation-Weekday-76c1e-1-22:55:05
Green-E,Green-E-MedfordNorthStation-Weekday-76c1e-1-23:01:20
Green-E,Green-E-MedfordNorthStation-Weekday-76c1e-1-23:07:10
Green-E,Green-E-MedfordNorthStation-Weekday-76c1e-1-23:13:00
Green-E,Green-E-MedfordNorthStation-Weekday-76c1e-1-23:18:50
Green-E,Green-E-MedfordNorthStation-Weekday-76c1e-1-23:24:40
Green-E,Green-E-MedfordNorthStation-Weekday-76c1e-1-23:30:30
Green-E,Green-E-MedfordNorthStation-Weekday-76c1e-1-23:36:20
Green-E,Green-E-MedfordNorthStation-Weekday-76c1e-1-23:42:10
Green-E,Green-E-MedfordNorthStation-Weekday-76c1e-1-23:48:00
Green-E,Green-E-MedfordNorthStation-Weekday-76c1e-1-23:53:50
Green-E,Green-E-MedfordNorthStation-Weekday-76c1e-1-23:59:40
Green-E,Green-E-MedfordNorthStation-Weekday-76c1e-1-24:05:30
Green-E,Green-E-MedfordNorthStation-Weekday-76c1e-1-24:10:42
Green-E,Green-E-MedfordNorthStation-Weekday-76c1e-1-24:15:54
Green-E,Green-E-MedfordNorthStation-Weekday-76c1e-1-24:21:06
Green-E,Green-E-MedfordNorthStation-Weekday-76c1e-1-24:26:18
Green-E,Green-E-MedfordNorthStation-Weekday-76c1e-1-24:31:30
Green-E,Green-E-MedfordNorthStation-Weekday-76c1e-1-24:36:42
Green-E,Green-E-MedfordNorthStation-Weekday-76c1e-1-24:41:54
Green-E,Green-E-MedfordNorthStation-Weekday-76c1e-1-24:47:06
Green-E,Green-E-MedfordNorthStation-Weekday-76c1e-1-24:52:18
Green-E,Green-E-MedfordNorthStation-Weekday-76c1e-1-24:57:30
Green-E,Green-E-MedfordNorthStation-Weekday-76c1e-1-25:02:42
Green-E,Green-E-MedfordNorthStation-Weekday-76c1e-1-25:07:54
Green-E,Green-E-MedfordNorthStation-Weekday-76c1e-1-25:13:06
Green-E,Green-E-MedfordNorthStation-Weekday-76c1e-1-25:18:18
Green-E,Green-E-MedfordNorthStation-Weekday-76c1e-1-25:23:00
