from_stop_id,to_stop_id,transfer_type,min_transfer_time,min_walk_time,min_wheelchair_time,suggested_buffer_time,wheelchair_transfer,from_trip_id,to_trip_id
70020,70021,1,,,,,,64072650,64072611
70020,70021,1,,,,,,64072650,64166292
70020,70021,1,,,,,,64072650,64166660
70020,70021,1,,,,,,64166411,64072611
70020,70021,1,,,,,,64166411,64166292
70020,70021,1,,,,,,64166411,64166660
70020,70021,1,,,,,,64166571,64072611
70020,70021,1,,,,,,64166571,64166292
70020,70021,1,,,,,,64166571,64166660
70020,70077,1,,,,,,64072650,63655226
70020,70077,1,,,,,,64072650,63646424
70020,70077,1,,,,,,64072650,63919744
70020,70077,1,,,,,,64166411,63655226
70020,70077,1,,,,,,64166411,63646424
70020,70077,1,,,,,,64166411,63919744
70020,70077,1,,,,,,64166571,63655226
70020,70077,1,,,,,,64166571,63646424
70020,70077,1,,,,,,64166571,63919744
70020,70078,1,,,,,,64072650,63655291
70020,70078,1,,,,,,64072650,63646322
70020,70078,1,,,,,,64072650,63919761
70020,70078,1,,,,,,64166411,63655291
70020,70078,1,,,,,,64166411,63646322
70020,70078,1,,,,,,64166411,63919761
70020,70078,1,,,,,,64166571,63655291
70020,70078,1,,,,,,64166571,63646322
70020,70078,1,,,,,,64166571,63919761
70021,70020,1,,,,,,64072611,64072650
70021,70020,1,,,,,,64072611,64166411
70021,70020,1,,,,,,64072611,64166571
70021,70020,1,,,,,,64166292,64072650
70021,70020,1,,,,,,64166292,64166411
70021,70020,1,,,,,,64166292,64166571
70021,70020,1,,,,,,64166660,64072650
70021,70020,1,,,,,,64166660,64166411
70021,70020,1,,,,,,64166660,64166571
70021,70077,1,,,,,,64072611,63655226
70021,70077,1,,,,,,64072611,63646424
70021,70077,1,,,,,,64072611,63919744
70021,70077,1,,,,,,64166292,63655226
70021,70077,1,,,,,,64166292,63646424
70021,70077,1,,,,,,64166292,63919744
70021,70077,1,,,,,,64166660,63655226
70021,70077,1,,,,,,64166660,63646424
70021,70077,1,,,,,,64166660,63919744
70022,70041,1,,,,,,64072650,67270429
70022,70041,1,,,,,,64072650,67270686
70022,70041,1,,,,,,64072650,65198397
70022,70041,1,,,,,,64072650,65182370
70022,70041,1,,,,,,64166411,67270429
70022,70041,1,,,,,,64166411,67270686
70022,70041,1,,,,,,64166411,65198397
70022,70041,1,,,,,,64166411,65182370
70022,70041,1,,,,,,64166571,67270429
70022,70041,1,,,,,,64166571,67270686
70022,70041,1,,,,,,64166571,65198397
70022,70041,1,,,,,,64166571,65182370
70023,70042,1,,,,,,64072611,65198396
70023,70042,1,,,,,,64072611,65181906
70023,70042,1,,,,,,64072611,65182367
70023,70042,1,,,,,,64166292,65198396
70023,70042,1,,,,,,64166292,65181906
70023,70042,1,,,,,,64166292,65182367
70023,70042,1,,,,,,64166660,65198396
70023,70042,1,,,,,,64166660,65181906
70023,70042,1,,,,,,64166660,65182367
70039,70202,1,,,,,,67270429,64100893
70039,70202,1,,,,,,67270686,64100893
70039,70202,1,,,,,,65198397,64100893
70039,70202,1,,,,,,65182370,64100893
70041,70022,1,,,,,,67270429,64072650
70041,70022,1,,,,,,67270429,64166411
70041,70022,1,,,,,,67270429,64166571
70041,70022,1,,,,,,67270686,64072650
70041,70022,1,,,,,,67270686,64166411
70041,70022,1,,,,,,67270686,64166571
70041,70022,1,,,,,,65198397,64072650
70041,70022,1,,,,,,65198397,64166411
70041,70022,1,,,,,,65198397,64166571
70041,70022,1,,,,,,65182370,64072650
70041,70022,1,,,,,,65182370,64166411
70041,70022,1,,,,,,65182370,64166571
70042,70023,1,,,,,,65198396,64072611
70042,70023,1,,,,,,65198396,64166292
70042,70023,1,,,,,,65198396,64166660
70042,70023,1,,,,,,65181906,64072611
70042,70023,1,,,,,,65181906,64166292
70042,70023,1,,,,,,65181906,64166660
70042,70023,1,,,,,,65182367,64072611
70042,70023,1,,,,,,65182367,64166292
70042,70023,1,,,,,,65182367,64166660
70075,70076,1,,,,,,63655226,63655291
70075,70076,1,,,,,,63655226,63646322
70075,70076,1,,,,,,63655226,63919761
70075,70076,1,,,,,,63646424,63655291
70075,70076,1,,,,,,63646424,63646322
70075,70076,1,,,,,,63646424,63919761
70075,70076,1,,,,,,63919744,63655291
70075,70076,1,,,,,,63919744,63646322
70075,70076,1,,,,,,63919744,63919761
70075,70196,1,,,,,,63655226,64101155
70075,70196,1,,,,,,63646424,64101155
70075,70196,1,,,,,,63919744,64101155
70075,70197,1,,,,,,63655226,64100407
70075,70197,1,,,,,,63646424,64100407
70075,70197,1,,,,,,63919744,64100407
70075,70198,1,,,,,,63655226,64100893
70075,70198,1,,,,,,63646424,64100893
70075,70198,1,,,,,,63919744,64100893
70075,70200,1,,,,,,63655226,64100949
70075,70200,1,,,,,,63646424,64100949
70075,70200,1,,,,,,63919744,64100949
70075,70200,1,,,,,,63655226,64100708
70075,70200,1,,,,,,63646424,64100708
70075,70200,1,,,,,,63919744,64100708
70076,70075,1,,,,,,63655291,63655226
70076,70075,1,,,,,,63655291,63646424
70076,70075,1,,,,,,63655291,63919744
70076,70075,1,,,,,,63646322,63655226
70076,70075,1,,,,,,63646322,63646424
70076,70075,1,,,,,,63646322,63919744
70076,70075,1,,,,,,63919761,63655226
70076,70075,1,,,,,,63919761,63646424
70076,70075,1,,,,,,63919761,63919744
70076,70196,1,,,,,,63655291,64101155
70076,70196,1,,,,,,63646322,64101155
70076,70196,1,,,,,,63919761,64101155
70076,70197,1,,,,,,63655291,64100407
70076,70197,1,,,,,,63646322,64100407
70076,70197,1,,,,,,63919761,64100407
70076,70198,1,,,,,,63655291,64100893
70076,70198,1,,,,,,63646322,64100893
70076,70198,1,,,,,,63919761,64100893
70076,70200,1,,,,,,63655291,64100949
70076,70200,1,,,,,,63646322,64100949
70076,70200,1,,,,,,63919761,64100949
70076,70200,1,,,,,,63655291,64100708
70076,70200,1,,,,,,63646322,64100708
70076,70200,1,,,,,,63919761,64100708
70077,70020,1,,,,,,63655226,64072650
70077,70020,1,,,,,,63655226,64166411
70077,70020,1,,,,,,63655226,64166571
70077,70020,1,,,,,,63646424,64072650
70077,70020,1,,,,,,63646424,64166411
70077,70020,1,,,,,,63646424,64166571
70077,70020,1,,,,,,63919744,64072650
70077,70020,1,,,,,,63919744,64166411
70077,70020,1,,,,,,63919744,64166571
70077,70021,1,,,,,,63655226,64072611
70077,70021,1,,,,,,63655226,64166292
70077,70021,1,,,,,,63655226,64166660
70077,70021,1,,,,,,63646424,64072611
70077,70021,1,,,,,,63646424,64166292
70077,70021,1,,,,,,63646424,64166660
70077,70021,1,,,,,,63919744,64072611
70077,70021,1,,,,,,63919744,64166292
70077,70021,1,,,,,,63919744,64166660
70078,70020,1,,,,,,63655291,64072650
70078,70020,1,,,,,,63655291,64166411
70078,70020,1,,,,,,63655291,64166571
70078,70020,1,,,,,,63646322,64072650
70078,70020,1,,,,,,63646322,64166411
70078,70020,1,,,,,,63646322,64166571
70078,70020,1,,,,,,63919761,64072650
70078,70020,1,,,,,,63919761,64166411
70078,70020,1,,,,,,63919761,64166571
70093,70261,1,,,,,,63655226,66830438
70093,70261,1,,,,,,63655226,66831765
70093,70261,1,,,,,,63655226,66832974
70093,70261,1,,,,,,63655226,66832395
70093,70261,1,,,,,,63655226,66832590
70093,70261,1,,,,,,63655226,66832783
70093,70261,1,,,,,,63655226,64045451
70093,70261,1,,,,,,63655226,64045643
70093,70261,1,,,,,,63646424,66830438
70093,70261,1,,,,,,63646424,66831765
70093,70261,1,,,,,,63646424,66832974
70093,70261,1,,,,,,63646424,66832395
70093,70261,1,,,,,,63646424,66832590
70093,70261,1,,,,,,63646424,66832783
70093,70261,1,,,,,,63646424,64045451
70093,70261,1,,,,,,63646424,64045643
70093,70261,1,,,,,,63919744,66830438
70093,70261,1,,,,,,63919744,66831765
70093,70261,1,,,,,,63919744,66832974
70093,70261,1,,,,,,63919744,66832395
70093,70261,1,,,,,,63919744,66832590
70093,70261,1,,,,,,63919744,66832783
70093,70261,1,,,,,,63919744,64045451
70093,70261,1,,,,,,63919744,64045643
70196,70075,1,,,,,,64101155,63655226
70196,70075,1,,,,,,64101155,63646424
70196,70075,1,,,,,,64101155,63919744
70196,70076,1,,,,,,64101155,63655291
70196,70076,1,,,,,,64101155,63646322
70196,70076,1,,,,,,64101155,63919761
70196,70197,1,,,,,,64101155,64100407
70196,70198,1,,,,,,64101155,64100893
70196,70200,1,,,,,,64101155,64100949
70196,70200,1,,,,,,64101155,64100708
70197,70075,1,,,,,,64100407,63655226
70197,70075,1,,,,,,64100407,63646424
70197,70075,1,,,,,,64100407,63919744
70197,70076,1,,,,,,64100407,63655291
70197,70076,1,,,,,,64100407,63646322
70197,70076,1,,,,,,64100407,63919761
70197,70196,1,,,,,,64100407,64101155
70197,70198,1,,,,,,64100407,64100893
70197,70200,1,,,,,,64100407,64100949
70197,70200,1,,,,,,64100407,64100708
70198,70075,1,,,,,,64100893,63655226
70198,70075,1,,,,,,64100893,63646424
70198,70075,1,,,,,,64100893,63919744
70198,70076,1,,,,,,64100893,63655291
70198,70076,1,,,,,,64100893,63646322
70198,70076,1,,,,,,64100893,63919761
70198,70196,1,,,,,,64100893,64101155
70198,70197,1,,,,,,64100893,64100407
70198,70200,1,,,,,,64100893,64100949
70198,70200,1,,,,,,64100893,64100708
70200,70075,1,,,,,,64100949,63655226
70200,70075,1,,,,,,64100949,63646424
70200,70075,1,,,,,,64100949,63919744
70200,70075,1,,,,,,64100708,63655226
70200,70075,1,,,,,,64100708,63646424
70200,70075,1,,,,,,64100708,63919744
70200,70076,1,,,,,,64100949,63655291
70200,70076,1,,,,,,64100949,63646322
70200,70076,1,,,,,,64100949,63919761
70200,70076,1,,,,,,64100708,63655291
70200,70076,1,,,,,,64100708,63646322
70200,70076,1,,,,,,64100708,63919761
70200,70196,1,,,,,,64100949,64101155
70200,70196,1,,,,,,64100708,64101155
70200,70197,1,,,,,,64100949,64100407
70200,70197,1,,,,,,64100708,64100407
70200,70198,1,,,,,,64100949,64100893
70200,70198,1,,,,,,64100708,64100893
70200,70200,1,,,,,,64100949,64100708
70200,70200,1,,,,,,64100708,64100949
70202,70039,1,,,,,,64100893,67270429
70202,70039,1,,,,,,64100893,67270686
70202,70039,1,,,,,,64100893,65198397
70202,70039,1,,,,,,64100893,65182370
ER-0168-S,ER-0168-S,1,,,,,,NorthWKDYF24-706156-167,NorthWKDYF24-706178-127
FB-0095-04,NEC-2192-02,1,,,,,,EastSt-714317-2708,EastSt-712691-2808
FB-0095-04,NEC-2192-02,1,,,,,,EastSt-714354-1710,EastSt-712464-1810
FB-0095-04,NEC-2192-02,1,,,,,,EastSt-714319-2706,EastSt-712689-2806
FB-0095-04,NEC-2192-02,1,,,,,,EastSt-714301-2704,EastSt-712687-2804
FB-0095-04,NEC-2192-02,1,,,,,,EastSt-714351-1702,EastSt-712456-1802
FB-0095-04,NEC-2192-02,1,,,,,,EastSt-714329-1700,EastSt-712454-1800
FB-0095-04,NEC-2192-02,1,,,,,,EastSt-714358-1704,EastSt-712458-1804
FB-0095-04,NEC-2192-02,1,,,,,,EastSt-714302-2702,EastSt-712685-2802
FB-0095-04,NEC-2192-02,1,,,,,,EastSt-714360-1712,EastSt-712466-1812
FB-0095-04,NEC-2192-02,1,,,,,,EastSt-714357-1708,EastSt-712462-1808
FB-0095-04,NEC-2192-02,1,,,,,,EastSt-714316-2710,EastSt-712693-2810
FB-0095-04,NEC-2192-02,1,,,,,,EastSt-714347-1706,EastSt-712460-1806
FB-0095-04,NEC-2192-02,1,,,,,,EastSt-714303-2700,EastSt-712683-2800
FB-0095-04,NEC-2192-02,1,,,,,,EastSt-714312-2716,EastSt-712699-2816
FB-0095-04,NEC-2192-02,1,,,,,,EastSt-714311-2714,EastSt-712697-2814
FB-0095-04,NEC-2192-02,1,,,,,,EastSt-714306-2712,EastSt-712695-2812
FB-0095-04,NEC-2192-02,1,,,,,,EastSt-714355-1716,EastSt-712470-1816
FB-0095-04,NEC-2192-02,1,,,,,,EastSt-714338-1714,EastSt-712468-1814
FB-0095-04,NEC-2192-02,1,,,,,,SouthWKDYF24-697770-728,SouthWKDYF24-697833-834
FB-0095-04,NEC-2192-02,1,,,,,,SouthWKDYF24-697774-732,SouthWKDYF24-697871-892
FB-0095-04,NEC-2192-02,1,,,,,,SouthWKDYF24-710142-734,SouthWKDYF24-697839-840
FB-0095-04,NEC-2192-02,1,,,,,,SouthWKDYF24-697790-752,SouthWKDYF24-697827-828
FB-0095-04,NEC-2192-02,1,,,,,,SouthWKDYF24-697778-740,SouthWKDYF24-697843-862
FB-0095-04,NEC-2192-02,1,,,,,,SouthWKNDF24-698047-1706,SouthWKNDF24-698067-1806
FB-0095-04,NEC-2192-02,1,,,,,,SouthWKNDF24-698549-2708,SouthWKNDF24-698569-2808
FB-0095-04,NEC-2192-02,1,,,,,,SouthWKNDF24-710155-1718,SouthWKNDF24-698079-1818
FB-0095-04,NEC-2192-02,1,,,,,,SouthWKNDF24-698049-1708,SouthWKNDF24-698069-1808
FB-0095-04,NEC-2192-02,1,,,,,,SouthWKNDF24-698043-1702,SouthWKNDF24-698063-1802
FB-0095-04,NEC-2192-02,1,,,,,,SouthWKNDF24-698553-2712,SouthWKNDF24-698573-2812
FB-0095-04,NEC-2192-02,1,,,,,,SouthWKNDF24-698041-1700,SouthWKNDF24-698061-1800
FB-0095-04,NEC-2192-02,1,,,,,,SouthWKNDF24-698543-2702,SouthWKNDF24-698563-2802
FB-0095-04,NEC-2192-02,1,,,,,,SouthWKNDF24-698557-2716,SouthWKNDF24-698577-2816
FB-0095-04,NEC-2192-02,1,,,,,,SouthWKNDF24-698057-1716,SouthWKNDF24-698077-1816
FB-0095-04,NEC-2192-02,1,,,,,,SouthWKNDF24-698547-2706,SouthWKNDF24-698567-2806
FB-0095-04,NEC-2192-02,1,,,,,,SouthWKNDF24-698053-1712,SouthWKNDF24-698073-1812
FB-0095-04,NEC-2192-02,1,,,,,,SouthWKNDF24-698541-2700,SouthWKNDF24-698561-2800
FB-0095-04,NEC-2192-02,1,,,,,,SouthWKNDF24-710157-2718,SouthWKNDF24-698579-2818
FB-0095-04,NEC-2192-02,1,,,,,,SouthWKNDF24-698545-2704,SouthWKNDF24-698565-2804
FB-0095-04,NEC-2192-02,1,,,,,,SouthWKNDF24-698055-1714,SouthWKNDF24-698075-1814
FB-0095-04,NEC-2192-02,1,,,,,,SouthWKNDF24-698555-2714,SouthWKNDF24-698575-2814
FB-0095-04,NEC-2192-02,1,,,,,,SouthWKNDF24-698045-1704,SouthWKNDF24-698065-1804
FB-0095-04,NEC-2192-02,1,,,,,,SouthWKNDF24-698051-1710,SouthWKNDF24-698071-1810
FB-0095-04,NEC-2192-02,1,,,,,,SouthWKNDF24-698551-2710,SouthWKNDF24-698571-2810
MM-0109-S,MM-0109-S,1,,,,,,EastSt-712612-2021,EastSt-712620-2057
MM-0109-S,MM-0109-S,1,,,,,,EastSt-712384-1021,EastSt-712392-1057
MM-0109-S,MM-0109-S,1,,,,,,SouthWKDYF24-704910-031,SouthWKDYF24-704936-067
MM-0109-S,MM-0109-S,1,,,,,,SouthWKNDF24-697971-1021,SouthWKNDF24-697988-1057
MM-0109-S,MM-0109-S,1,,,,,,SouthWKNDF24-698471-2021,SouthWKNDF24-698488-2057
NEC-2192-03,FB-0095-04,1,,,,,,EastSt-712465-1811,EastSt-714344-1711
NEC-2192-03,FB-0095-04,1,,,,,,EastSt-712686-2803,EastSt-714315-2703
NEC-2192-03,FB-0095-04,1,,,,,,EastSt-712700-2817,EastSt-714313-2717
NEC-2192-03,FB-0095-04,1,,,,,,EastSt-712463-1809,EastSt-714334-1709
NEC-2192-03,FB-0095-04,1,,,,,,EastSt-712471-1817,EastSt-714346-1717
NEC-2192-03,FB-0095-04,1,,,,,,EastSt-712467-1813,EastSt-714339-1713
NEC-2192-03,FB-0095-04,1,,,,,,EastSt-712698-2815,EastSt-714310-2715
NEC-2192-03,FB-0095-04,1,,,,,,EastSt-712688-2805,EastSt-714321-2705
NEC-2192-03,FB-0095-04,1,,,,,,EastSt-712459-1805,EastSt-714333-1705
NEC-2192-03,FB-0095-04,1,,,,,,EastSt-712690-2807,EastSt-714305-2707
NEC-2192-03,FB-0095-04,1,,,,,,EastSt-712692-2809,EastSt-714324-2709
NEC-2192-03,FB-0095-04,1,,,,,,EastSt-712469-1815,EastSt-714350-1715
NEC-2192-03,FB-0095-04,1,,,,,,EastSt-712696-2813,EastSt-714308-2713
NEC-2192-03,FB-0095-04,1,,,,,,EastSt-712461-1807,EastSt-714343-1707
NEC-2192-03,FB-0095-04,1,,,,,,EastSt-712457-1803,EastSt-714332-1703
NEC-2192-03,FB-0095-04,1,,,,,,EastSt-712702-2819,EastSt-714318-2719
NEC-2192-03,FB-0095-04,1,,,,,,EastSt-712455-1801,EastSt-714330-1701
NEC-2192-03,FB-0095-04,1,,,,,,EastSt-712684-2801,EastSt-714322-2701
NEC-2192-03,FB-0095-04,1,,,,,,EastSt-712694-2811,EastSt-714314-2711
NEC-2192-03,FB-0095-04,1,,,,,,EastSt-712473-1819,EastSt-714331-1719
NEC-2192-03,FB-0095-04,1,,,,,,SouthWKDYF24-697836-837,SouthWKDYF24-697797-759
NEC-2192-03,FB-0095-04,1,,,,,,SouthWKDYF24-697840-841,SouthWKDYF24-697777-735
NEC-2192-03,FB-0095-04,1,,,,,,SouthWKDYF24-706284-833,SouthWKDYF24-697795-757
NEC-2192-03,FB-0095-04,1,,,,,,SouthWKNDF24-698062-1801,SouthWKNDF24-698042-1701
NEC-2192-03,FB-0095-04,1,,,,,,SouthWKNDF24-698080-1819,SouthWKNDF24-698060-1719
NEC-2192-03,FB-0095-04,1,,,,,,SouthWKNDF24-698578-2817,SouthWKNDF24-698558-2717
NEC-2192-03,FB-0095-04,1,,,,,,SouthWKNDF24-698078-1817,SouthWKNDF24-698058-1717
NEC-2192-03,FB-0095-04,1,,,,,,SouthWKNDF24-698076-1815,SouthWKNDF24-698056-1715
NEC-2192-03,FB-0095-04,1,,,,,,SouthWKNDF24-698568-2807,SouthWKNDF24-698548-2707
NEC-2192-03,FB-0095-04,1,,,,,,SouthWKNDF24-698576-2815,SouthWKNDF24-698556-2715
NEC-2192-03,FB-0095-04,1,,,,,,SouthWKNDF24-698072-1811,SouthWKNDF24-698052-1711
NEC-2192-03,FB-0095-04,1,,,,,,SouthWKNDF24-698070-1809,SouthWKNDF24-698050-1709
NEC-2192-03,FB-0095-04,1,,,,,,SouthWKNDF24-698064-1803,SouthWKNDF24-698044-1703
NEC-2192-03,FB-0095-04,1,,,,,,SouthWKNDF24-698068-1807,SouthWKNDF24-698048-1707
NEC-2192-03,FB-0095-04,1,,,,,,SouthWKNDF24-698580-2819,SouthWKNDF24-698560-2719
NEC-2192-03,FB-0095-04,1,,,,,,SouthWKNDF24-698066-1805,SouthWKNDF24-698046-1705
NEC-2192-03,FB-0095-04,1,,,,,,SouthWKNDF24-698562-2801,SouthWKNDF24-698542-2701
NEC-2192-03,FB-0095-04,1,,,,,,SouthWKNDF24-698074-1813,SouthWKNDF24-698054-1713
NEC-2192-03,FB-0095-04,1,,,,,,SouthWKNDF24-698570-2809,SouthWKNDF24-698550-2709
NEC-2192-03,FB-0095-04,1,,,,,,SouthWKNDF24-698574-2813,SouthWKNDF24-698554-2713
NEC-2192-03,FB-0095-04,1,,,,,,SouthWKNDF24-698572-2811,SouthWKNDF24-698552-2711
NEC-2192-03,FB-0095-04,1,,,,,,SouthWKNDF24-698566-2805,SouthWKNDF24-698546-2705
NEC-2192-03,FB-0095-04,1,,,,,,SouthWKNDF24-698564-2803,SouthWKNDF24-698544-2703
NEC-2237-03,NEC-2237-05,1,,,,,,SouthWKDYF24-697838-839,SouthWKDYF24-697750-633
NEC-2237-03,NEC-2237-05,1,,,,,,SouthWKDYF24-697840-841,SouthWKDYF24-697751-635
WR-0325-01,WR-0325-B,1,,,,,,NorthWKDYF24-696214-201-HaverhillBradfordVan,NorthWKDYF24-696214-201-HaverhillBradfordVanV1
WR-0325-01,WR-0325-B,1,,,,,,NorthWKDYF24-696216-203-HaverhillBradfordVan,NorthWKDYF24-696216-203-HaverhillBradfordVanV1
WR-0325-01,WR-0325-B,1,,,,,,NorthWKDYF24-696218-205-HaverhillBradfordVan,NorthWKDYF24-696218-205-HaverhillBradfordVanV1
WR-0325-01,WR-0325-B,1,,,,,,NorthWKDYF24-696220-207-HaverhillBradfordVan,NorthWKDYF24-696220-207-HaverhillBradfordVanV1
WR-0325-01,WR-0325-B,1,,,,,,NorthWKDYF24-696222-209-HaverhillBradfordVan,NorthWKDYF24-696222-209-HaverhillBradfordVanV1
WR-0325-01,WR-0325-B,1,,,,,,NorthWKDYF24-696224-211-HaverhillBradfordVan,NorthWKDYF24-696224-211-HaverhillBradfordVanV1
WR-0325-01,WR-0325-B,1,,,,,,NorthWKDYF24-696226-213-HaverhillBradfordVan,NorthWKDYF24-696226-213-HaverhillBradfordVanV1
WR-0325-01,WR-0325-B,1,,,,,,NorthWKDYF24-696228-215-HaverhillBradfordVan,NorthWKDYF24-696228-215-HaverhillBradfordVanV1
WR-0325-01,WR-0325-B,1,,,,,,NorthWKDYF24-696232-219-HaverhillBradfordVan,NorthWKDYF24-696232-219-HaverhillBradfordVanV1
WR-0325-01,WR-0325-B,1,,,,,,NorthWKDYF24-696234-221-HaverhillBradfordVan,NorthWKDYF24-696234-221-HaverhillBradfordVanV1
WR-0325-01,WR-0325-B,1,,,,,,NorthWKDYF24-696235-223-HaverhillBradfordVan,NorthWKDYF24-696235-223-HaverhillBradfordVanV1
WR-0325-01,WR-0325-B,1,,,,,,NorthWKDYF24-696237-225-HaverhillBradfordVan,NorthWKDYF24-696237-225-HaverhillBradfordVanV1
WR-0325-01,WR-0325-B,1,,,,,,NorthWKDYF24-696230-217-HaverhillBradfordVan,NorthWKDYF24-696230-217-HaverhillBradfordVanV1
WR-0325-01,WR-0325-B,1,,,,,,NorthWKNDF24-696477-1201-HaverhillBradfordVan,NorthWKNDF24-696477-1201-HaverhillBradfordVanV1
WR-0325-01,WR-0325-B,1,,,,,,NorthWKNDF24-696479-1203-HaverhillBradfordVan,NorthWKNDF24-696479-1203-HaverhillBradfordVanV1
WR-0325-01,WR-0325-B,1,,,,,,NorthWKNDF24-696481-1205-HaverhillBradfordVan,NorthWKNDF24-696481-1205-HaverhillBradfordVanV1
WR-0325-01,WR-0325-B,1,,,,,,NorthWKNDF24-696483-1207-HaverhillBradfordVan,NorthWKNDF24-696483-1207-HaverhillBradfordVanV1
WR-0325-01,WR-0325-B,1,,,,,,NorthWKNDF24-696485-1209-HaverhillBradfordVan,NorthWKNDF24-696485-1209-HaverhillBradfordVanV1
WR-0325-01,WR-0325-B,1,,,,,,NorthWKNDF24-696487-1211-HaverhillBradfordVan,NorthWKNDF24-696487-1211-HaverhillBradfordVanV1
WR-0325-01,WR-0325-B,1,,,,,,NorthWKNDF24-696489-1213-HaverhillBradfordVan,NorthWKNDF24-696489-1213-HaverhillBradfordVanV1
WR-0325-01,WR-0325-B,1,,,,,,NorthWKNDF24-696493-1215-HaverhillBradfordVan,NorthWKNDF24-696493-1215-HaverhillBradfordVanV1
WR-0325-01,WR-0325-B,1,,,,,,NorthWKNDF24-696752-2201-HaverhillBradfordVan,NorthWKNDF24-696752-2201-HaverhillBradfordVanV1
WR-0325-01,WR-0325-B,1,,,,,,NorthWKNDF24-696754-2203-HaverhillBradfordVan,NorthWKNDF24-696754-2203-HaverhillBradfordVanV1
WR-0325-01,WR-0325-B,1,,,,,,NorthWKNDF24-696756-2205-HaverhillBradfordVan,NorthWKNDF24-696756-2205-HaverhillBradfordVanV1
WR-0325-01,WR-0325-B,1,,,,,,NorthWKNDF24-696758-2207-HaverhillBradfordVan,NorthWKNDF24-696758-2207-HaverhillBradfordVanV1
WR-0325-01,WR-0325-B,1,,,,,,NorthWKNDF24-696760-2209-HaverhillBradfordVan,NorthWKNDF24-696760-2209-HaverhillBradfordVanV1
WR-0325-01,WR-0325-B,1,,,,,,NorthWKNDF24-696762-2211-HaverhillBradfordVan,NorthWKNDF24-696762-2211-HaverhillBradfordVanV1
WR-0325-01,WR-0325-B,1,,,,,,NorthWKNDF24-696764-2213-HaverhillBradfordVan,NorthWKNDF24-696764-2213-HaverhillBradfordVanV1
WR-0325-01,WR-0325-B,1,,,,,,NorthWKNDF24-696766-2215-HaverhillBradfordVan,NorthWKNDF24-696766-2215-HaverhillBradfordVanV1
WR-0325-B,WR-0325-01,1,,,,,,NorthWKDYF24-696217-204-HaverhillBradfordVanV1,NorthWKDYF24-696217-204-HaverhillBradfordVan
WR-0325-B,WR-0325-01,1,,,,,,NorthWKDYF24-696213-200-HaverhillBradfordVanV1,NorthWKDYF24-696213-200-HaverhillBradfordVan
WR-0325-B,WR-0325-01,1,,,,,,NorthWKDYF24-696215-202-HaverhillBradfordVanV1,NorthWKDYF24-696215-202-HaverhillBradfordVan
WR-0325-B,WR-0325-01,1,,,,,,NorthWKDYF24-696219-206-HaverhillBradfordVanV1,NorthWKDYF24-696219-206-HaverhillBradfordVan
WR-0325-B,WR-0325-01,1,,,,,,NorthWKDYF24-696221-208-HaverhillBradfordVanV1,NorthWKDYF24-696221-208-HaverhillBradfordVan
WR-0325-B,WR-0325-01,1,,,,,,NorthWKDYF24-696223-210-HaverhillBradfordVanV1,NorthWKDYF24-696223-210-HaverhillBradfordVan
WR-0325-B,WR-0325-01,1,,,,,,NorthWKDYF24-696225-212-HaverhillBradfordVanV1,NorthWKDYF24-696225-212-HaverhillBradfordVan
WR-0325-B,WR-0325-01,1,,,,,,NorthWKDYF24-696227-214-HaverhillBradfordVanV1,NorthWKDYF24-696227-214-HaverhillBradfordVan
WR-0325-B,WR-0325-01,1,,,,,,NorthWKDYF24-696229-216-HaverhillBradfordVanV1,NorthWKDYF24-696229-216-HaverhillBradfordVan
WR-0325-B,WR-0325-01,1,,,,,,NorthWKDYF24-696231-218-HaverhillBradfordVanV1,NorthWKDYF24-696231-218-HaverhillBradfordVan
WR-0325-B,WR-0325-01,1,,,,,,NorthWKDYF24-696233-220-HaverhillBradfordVanV1,NorthWKDYF24-696233-220-HaverhillBradfordVan
WR-0325-B,WR-0325-01,1,,,,,,NorthWKDYF24-696236-224-HaverhillBradfordVanV1,NorthWKDYF24-696236-224-HaverhillBradfordVan
WR-0325-B,WR-0325-01,1,,,,,,NorthWKNDF24-696475-1200-HaverhillBradfordVanV1,NorthWKNDF24-696475-1200-HaverhillBradfordVan
WR-0325-B,WR-0325-01,1,,,,,,NorthWKNDF24-696478-1202-HaverhillBradfordVanV1,NorthWKNDF24-696478-1202-HaverhillBradfordVan
WR-0325-B,WR-0325-01,1,,,,,,NorthWKNDF24-696480-1204-HaverhillBradfordVanV1,NorthWKNDF24-696480-1204-HaverhillBradfordVan
WR-0325-B,WR-0325-01,1,,,,,,NorthWKNDF24-696482-1206-HaverhillBradfordVanV1,NorthWKNDF24-696482-1206-HaverhillBradfordVan
WR-0325-B,WR-0325-01,1,,,,,,NorthWKNDF24-696484-1208-HaverhillBradfordVanV1,NorthWKNDF24-696484-1208-HaverhillBradfordVan
WR-0325-B,WR-0325-01,1,,,,,,NorthWKNDF24-696486-1210-HaverhillBradfordVanV1,NorthWKNDF24-696486-1210-HaverhillBradfordVan
WR-0325-B,WR-0325-01,1,,,,,,NorthWKNDF24-696488-1212-HaverhillBradfordVanV1,NorthWKNDF24-696488-1212-HaverhillBradfordVan
WR-0325-B,WR-0325-01,1,,,,,,NorthWKNDF24-696490-1214-HaverhillBradfordVanV1,NorthWKNDF24-696490-1214-HaverhillBradfordVan
WR-0325-B,WR-0325-01,1,,,,,,NorthWKNDF24-696751-2200-HaverhillBradfordVanV1,NorthWKNDF24-696751-2200-HaverhillBradfordVan
WR-0325-B,WR-0325-01,1,,,,,,NorthWKNDF24-696753-2202-HaverhillBradfordVanV1,NorthWKNDF24-696753-2202-HaverhillBradfordVan
WR-0325-B,WR-0325-01,1,,,,,,NorthWKNDF24-696755-2204-HaverhillBradfordVanV1,NorthWKNDF24-696755-2204-HaverhillBradfordVan
WR-0325-B,WR-0325-01,1,,,,,,NorthWKNDF24-696757-2206-HaverhillBradfordVanV1,NorthWKNDF24-696757-2206-HaverhillBradfordVan
WR-0325-B,WR-0325-01,1,,,,,,NorthWKNDF24-696759-2208-HaverhillBradfordVanV1,NorthWKNDF24-696759-2208-HaverhillBradfordVan
WR-0325-B,WR-0325-01,1,,,,,,NorthWKNDF24-696761-2210-HaverhillBradfordVanV1,NorthWKNDF24-696761-2210-HaverhillBradfordVan
WR-0325-B,WR-0325-01,1,,,,,,NorthWKNDF24-696763-2212-HaverhillBradfordVanV1,NorthWKNDF24-696763-2212-HaverhillBradfordVan
WR-0325-B,WR-0325-01,1,,,,,,NorthWKNDF24-696765-2214-HaverhillBradfordVanV1,NorthWKNDF24-696765-2214-HaverhillBradfordVan
10642,70001,2,133,73,148,60,1,,
10642,875,2,225,105,190,120,1,,
10642,Forest Hills-01,2,133,73,148,60,1,,
10642,Forest Hills-02,2,133,73,148,60,1,,
10642,NEC-2237,2,454,154,259,300,1,,
10642,NEC-2237-03,2,454,154,259,300,1,,
10642,NEC-2237-05,2,454,154,259,300,1,,
11384,176,2,178,58,75,120,1,,
11384,23391,2,196,76,99,120,1,,
11384,70014,2,136,76,131,60,1,,
11384,70015,2,136,76,131,60,1,,
11384,NEC-2276,2,338,38,49,300,1,,
11384,NEC-2276-01,2,371,71,144,300,1,,
11384,NEC-2276-02,2,370,70,167,300,1,,
11384,NEC-2276-03,2,371,71,144,300,1,,
11384,WML-0012-05,2,443,143,233,300,1,,
11384,WML-0012-07,2,443,143,233,300,1,,
11531,70006,2,115,55,126,60,1,,
11531,70007,2,115,55,126,60,1,,
121,70085,2,255,195,299,60,1,,
121,70086,2,255,195,299,60,1,,
121,70095,2,251,191,294,60,1,,
121,70096,2,251,191,294,60,1,,
121,MM-0023-S,2,388,88,114,300,1,,
1222,1258,2,230,110,142,120,1,,
1222,1323,2,223,103,133,120,1,,
1222,1357,2,207,87,113,120,1,,
1222,70008,2,212,152,243,60,1,,
1222,70009,2,212,152,243,60,1,,
1258,1222,2,230,110,142,120,1,,
1258,1323,2,180,60,77,120,1,,
1258,1357,2,164,44,57,120,1,,
1258,70008,2,168,108,187,60,1,,
1258,70009,2,168,108,187,60,1,,
13,70083,2,145,85,169,60,1,,
13,70084,2,143,83,167,60,1,,
1323,1222,2,223,103,133,120,1,,
1323,1258,2,180,60,77,120,1,,
1323,1357,2,157,37,48,120,1,,
1323,70008,2,161,101,178,60,1,,
1323,70009,2,161,101,178,60,1,,
1357,1222,2,207,87,113,120,1,,
1357,1258,2,164,44,57,120,1,,
1357,1323,2,157,37,48,120,1,,
1357,70008,2,145,85,158,60,1,,
1357,70009,2,145,85,158,60,1,,
141,70061,2,204,144,241,60,1,,
141,9070061,2,167,47,60,120,1,,
141,Alewife-01,2,204,144,241,60,1,,
141,Alewife-02,2,204,144,241,60,1,,
150,151,2,143,23,29,120,1,,
150,70081,2,112,52,138,60,1,,
150,70082,2,112,52,138,60,1,,
151,150,2,143,23,29,120,1,,
151,70081,2,121,61,150,60,1,,
151,70082,2,121,61,150,60,1,,
15795,15796,2,162,42,54,120,1,,
15795,15797,2,147,27,35,120,1,,
15795,15798,2,163,43,55,120,1,,
15795,15799,2,183,63,81,120,1,,
15795,15800,2,203,83,108,120,1,,
15795,70059,2,142,82,103,60,1,,
15795,70060,2,249,189,269,60,1,,
15796,15795,2,162,42,54,120,1,,
15796,15797,2,141,21,27,120,1,,
15796,15798,2,157,37,48,120,1,,
15796,15799,2,177,57,74,120,1,,
15796,15800,2,197,77,100,120,1,,
15796,70059,2,136,76,96,60,1,,
15796,70060,2,243,183,261,60,1,,
15797,15795,2,147,27,35,120,1,,
15797,15796,2,141,21,27,120,1,,
15797,15798,2,142,22,28,120,1,,
15797,15799,2,162,42,55,120,1,,
15797,15800,2,183,63,81,120,1,,
15797,70059,2,121,61,77,60,1,,
15797,70060,2,228,168,242,60,1,,
15798,15795,2,163,43,55,120,1,,
15798,15796,2,157,37,48,120,1,,
15798,15797,2,142,22,28,120,1,,
15798,15799,2,178,58,75,120,1,,
15798,15800,2,198,78,101,120,1,,
15798,70059,2,137,77,97,60,1,,
15798,70060,2,244,184,263,60,1,,
15799,15795,2,183,63,81,120,1,,
15799,15796,2,177,57,74,120,1,,
15799,15797,2,162,42,55,120,1,,
15799,15798,2,178,58,75,120,1,,
15799,15800,2,219,99,128,120,1,,
15799,70059,2,158,98,123,60,1,,
15799,70060,2,264,204,289,60,1,,
15800,15795,2,203,83,108,120,1,,
15800,15796,2,197,77,100,120,1,,
15800,15797,2,183,63,81,120,1,,
15800,15798,2,198,78,101,120,1,,
15800,15799,2,219,99,128,120,1,,
15800,70059,2,178,118,150,60,1,,
15800,70060,2,284,224,315,60,1,,
15880,5879,2,179,59,161,120,1,,
15880,5880,2,179,59,161,120,1,,
15880,70051,2,106,46,140,60,1,,
15880,70052,2,80,20,24,60,1,,
176,11384,2,178,58,75,120,1,,
176,23391,2,236,116,150,120,1,,
176,70014,2,172,112,178,60,1,,
176,70015,2,172,112,178,60,1,,
176,NEC-2276,2,359,59,76,300,1,,
176,NEC-2276-01,2,406,106,189,300,1,,
176,NEC-2276-02,2,392,92,195,300,1,,
176,NEC-2276-03,2,406,106,189,300,1,,
176,WML-0012-05,2,486,186,289,300,1,,
176,WML-0012-07,2,486,186,289,300,1,,
17861,17862,2,160,40,111,120,1,,
17861,17863,2,172,52,127,120,1,,
17861,70010,2,116,56,145,60,1,,
17861,70011,2,116,56,145,60,1,,
17861,NEC-2265,2,325,25,32,300,1,,
17861,NEC-2265-01,2,353,53,118,300,1,,
17861,NEC-2265-02,2,457,157,263,300,1,,
17861,NEC-2265-03,2,353,53,118,300,1,,
17862,17861,2,160,40,111,120,1,,
17862,17863,2,132,12,15,120,1,,
17862,70010,2,116,56,205,60,1,,
17862,70011,2,116,56,205,60,1,,
17862,NEC-2265,2,330,30,99,300,1,,
17862,NEC-2265-01,2,332,32,152,300,1,,
17862,NEC-2265-02,2,431,131,169,300,1,,
17862,NEC-2265-03,2,332,32,152,300,1,,
17863,17861,2,172,52,127,120,1,,
17863,17862,2,132,12,15,120,1,,
17863,70010,2,127,67,220,60,1,,
17863,70011,2,127,67,220,60,1,,
17863,NEC-2265,2,342,42,114,300,1,,
17863,NEC-2265-01,2,344,44,161,300,1,,
17863,NEC-2265-02,2,442,142,184,300,1,,
17863,NEC-2265-03,2,344,44,161,300,1,,
185,18511,2,146,26,34,120,1,,
185,70275,2,155,35,42,120,1,,
185,70276,2,153,33,40,120,1,,
18511,185,2,146,26,34,120,1,,
18511,70275,2,177,57,71,120,1,,
18511,70276,2,149,29,35,120,1,,
187,188,2,172,52,67,120,1,,
187,70012,2,130,70,135,60,1,,
187,70013,2,130,70,135,60,1,,
188,187,2,172,52,67,120,1,,
188,70012,2,134,74,141,60,1,,
188,70013,2,134,74,141,60,1,,
2076,20761,2,225,105,136,120,1,,
2076,70067,2,192,132,168,60,1,,
2076,70068,2,198,138,176,60,1,,
2076,76121,2,280,160,207,120,1,,
2076,76122,2,280,160,207,120,1,,
2076,76123,2,280,160,207,120,1,,
2076,76124,2,280,160,207,120,1,,
2076,76125,2,280,160,207,120,1,,
2076,76126,2,280,160,207,120,1,,
2076,76127,2,185,65,85,120,1,,
20761,2076,2,224,104,135,120,1,,
20761,70067,2,203,143,183,60,1,,
20761,70068,2,209,149,190,60,1,,
20761,76121,2,180,60,78,120,1,,
20761,76122,2,180,60,78,120,1,,
20761,76123,2,180,60,78,120,1,,
20761,76124,2,180,60,78,120,1,,
20761,76125,2,180,60,78,120,1,,
20761,76126,2,180,60,78,120,1,,
20761,76127,2,289,169,219,120,1,,
21917,21918,2,167,47,61,120,1,,
21917,70174,2,267,147,187,120,1,,
21917,70175,2,269,149,189,120,1,,
21918,21917,2,167,47,61,120,1,,
21918,70174,2,243,123,156,120,1,,
21918,70175,2,295,175,224,120,1,,
23391,11384,2,196,76,99,120,1,,
23391,176,2,236,116,150,120,1,,
23391,70014,2,159,99,162,60,1,,
23391,70015,2,159,99,162,60,1,,
23391,NEC-2276,2,363,63,82,300,1,,
23391,NEC-2276-01,2,343,43,108,300,1,,
23391,NEC-2276-02,2,383,83,183,300,1,,
23391,NEC-2276-03,2,343,43,108,300,1,,
23391,WML-0012-05,2,481,181,282,300,1,,
23391,WML-0012-07,2,481,181,282,300,1,,
29001,29002,2,136,16,21,120,1,,
29001,29003,2,145,25,33,120,1,,
29001,29004,2,155,35,45,120,1,,
29001,29005,2,164,44,57,120,1,,
29001,29006,2,174,54,70,120,1,,
29001,29007,2,237,117,141,120,1,,
29001,29008,2,231,111,134,120,1,,
29001,29009,2,241,121,147,120,1,,
29001,29010,2,250,130,158,120,1,,
29001,29011,2,248,128,156,120,1,,
29001,29012,2,256,136,165,120,1,,
29001,29013,2,266,146,179,120,1,,
29001,29014,2,275,155,190,120,1,,
29001,70030,2,136,76,135,60,1,,
29001,70031,2,136,76,135,60,1,,
29002,29001,2,136,16,21,120,1,,
29002,29003,2,130,10,13,120,1,,
29002,29004,2,139,19,25,120,1,,
29002,29005,2,148,28,37,120,1,,
29002,29006,2,158,38,49,120,1,,
29002,29007,2,216,96,124,120,1,,
29002,29008,2,210,90,116,120,1,,
29002,29009,2,220,100,129,120,1,,
29002,29010,2,229,109,141,120,1,,
29002,29011,2,227,107,139,120,1,,
29002,29012,2,235,115,148,120,1,,
29002,29013,2,245,125,162,120,1,,
29002,29014,2,254,134,173,120,1,,
29002,70030,2,133,73,129,60,1,,
29002,70031,2,133,73,129,60,1,,
29003,29001,2,145,25,33,120,1,,
29003,29002,2,130,10,13,120,1,,
29003,29004,2,130,10,13,120,1,,
29003,29005,2,139,19,24,120,1,,
29003,29006,2,149,29,37,120,1,,
29003,29007,2,206,86,112,120,1,,
29003,29008,2,201,81,104,120,1,,
29003,29009,2,211,91,117,120,1,,
29003,29010,2,220,100,129,120,1,,
29003,29011,2,218,98,127,120,1,,
29003,29012,2,225,105,136,120,1,,
29003,29013,2,236,116,149,120,1,,
29003,29014,2,245,125,161,120,1,,
29003,70030,2,131,71,126,60,1,,
29003,70031,2,131,71,126,60,1,,
29004,29001,2,155,35,45,120,1,,
29004,29002,2,139,19,25,120,1,,
29004,29003,2,130,10,13,120,1,,
29004,29005,2,129,9,11,120,1,,
29004,29006,2,139,19,24,120,1,,
29004,29007,2,196,76,99,120,1,,
29004,29008,2,191,71,91,120,1,,
29004,29009,2,201,81,104,120,1,,
29004,29010,2,210,90,116,120,1,,
29004,29011,2,208,88,114,120,1,,
29004,29012,2,215,95,123,120,1,,
29004,29013,2,226,106,136,120,1,,
29004,29014,2,235,115,148,120,1,,
29004,70030,2,128,68,135,60,1,,
29004,70031,2,128,68,135,60,1,,
29005,29001,2,164,44,57,120,1,,
29005,29002,2,148,28,37,120,1,,
29005,29003,2,139,19,24,120,1,,
29005,29004,2,129,9,11,120,1,,
29005,29006,2,130,10,13,120,1,,
29005,29007,2,188,68,88,120,1,,
29005,29008,2,182,62,80,120,1,,
29005,29009,2,192,72,93,120,1,,
29005,29010,2,201,81,105,120,1,,
29005,29011,2,199,79,103,120,1,,
29005,29012,2,207,87,112,120,1,,
29005,29013,2,217,97,126,120,1,,
29005,29014,2,226,106,137,120,1,,
29005,70030,2,137,77,135,60,1,,
29005,70031,2,137,77,135,60,1,,
29006,29001,2,174,54,70,120,1,,
29006,29002,2,158,38,49,120,1,,
29006,29003,2,149,29,37,120,1,,
29006,29004,2,139,19,24,120,1,,
29006,29005,2,130,10,13,120,1,,
29006,29007,2,178,58,75,120,1,,
29006,29008,2,172,52,67,120,1,,
29006,29009,2,182,62,80,120,1,,
29006,29010,2,191,71,92,120,1,,
29006,29011,2,189,69,90,120,1,,
29006,29012,2,197,77,99,120,1,,
29006,29013,2,207,87,113,120,1,,
29006,29014,2,216,96,124,120,1,,
29006,70030,2,146,86,135,60,1,,
29006,70031,2,146,86,135,60,1,,
29007,29001,2,234,114,138,120,1,,
29007,29002,2,214,94,121,120,1,,
29007,29003,2,204,84,109,120,1,,
29007,29004,2,194,74,96,120,1,,
29007,29005,2,186,66,85,120,1,,
29007,29006,2,176,56,72,120,1,,
29007,29008,2,135,15,20,120,1,,
29007,29009,2,146,26,33,120,1,,
29007,29010,2,155,35,45,120,1,,
29007,29011,2,143,23,29,120,1,,
29007,29012,2,150,30,38,120,1,,
29007,29013,2,160,40,51,120,1,,
29007,29014,2,169,49,63,120,1,,
29007,70030,2,202,142,207,60,1,,
29007,70031,2,202,142,207,60,1,,
29008,29001,2,229,109,131,120,1,,
29008,29002,2,208,88,114,120,1,,
29008,29003,2,199,79,102,120,1,,
29008,29004,2,189,69,89,120,1,,
29008,29005,2,180,60,78,120,1,,
29008,29006,2,170,50,65,120,1,,
29008,29007,2,135,15,20,120,1,,
29008,29009,2,131,11,14,120,1,,
29008,29010,2,140,20,25,120,1,,
29008,29011,2,148,28,36,120,1,,
29008,29012,2,154,34,44,120,1,,
29008,29013,2,164,44,57,120,1,,
29008,29014,2,173,53,69,120,1,,
29008,70030,2,196,136,200,60,1,,
29008,70031,2,196,136,200,60,1,,
29009,29001,2,239,119,144,120,1,,
29009,29002,2,218,98,127,120,1,,
29009,29003,2,209,89,115,120,1,,
29009,29004,2,199,79,102,120,1,,
29009,29005,2,190,70,91,120,1,,
29009,29006,2,180,60,78,120,1,,
29009,29007,2,146,26,33,120,1,,
29009,29008,2,131,11,14,120,1,,
29009,29010,2,129,9,12,120,1,,
29009,29011,2,158,38,49,120,1,,
29009,29012,2,165,45,58,120,1,,
29009,29013,2,175,55,71,120,1,,
29009,29014,2,184,64,83,120,1,,
29009,70030,2,206,146,213,60,1,,
29009,70031,2,206,146,213,60,1,,
29010,29001,2,248,128,156,120,1,,
29010,29002,2,227,107,139,120,1,,
29010,29003,2,218,98,126,120,1,,
29010,29004,2,208,88,113,120,1,,
29010,29005,2,199,79,102,120,1,,
29010,29006,2,189,69,89,120,1,,
29010,29007,2,155,35,45,120,1,,
29010,29008,2,140,20,25,120,1,,
29010,29009,2,129,9,12,120,1,,
29010,29011,2,167,47,61,120,1,,
29010,29012,2,174,54,70,120,1,,
29010,29013,2,184,64,83,120,1,,
29010,29014,2,193,73,95,120,1,,
29010,70030,2,216,156,225,60,1,,
29010,70031,2,216,156,225,60,1,,
29011,29001,2,246,126,153,120,1,,
29011,29002,2,225,105,136,120,1,,
29011,29003,2,216,96,124,120,1,,
29011,29004,2,206,86,111,120,1,,
29011,29005,2,197,77,100,120,1,,
29011,29006,2,187,67,87,120,1,,
29011,29007,2,143,23,29,120,1,,
29011,29008,2,148,28,36,120,1,,
29011,29009,2,158,38,49,120,1,,
29011,29010,2,167,47,61,120,1,,
29011,29012,2,135,15,19,120,1,,
29011,29013,2,145,25,33,120,1,,
29011,29014,2,154,34,45,120,1,,
29011,70030,2,214,154,222,60,1,,
29011,70031,2,214,154,222,60,1,,
29012,29001,2,253,133,163,120,1,,
29012,29002,2,233,113,146,120,1,,
29012,29003,2,223,103,133,120,1,,
29012,29004,2,213,93,120,120,1,,
29012,29005,2,205,85,110,120,1,,
29012,29006,2,195,75,97,120,1,,
29012,29007,2,150,30,38,120,1,,
29012,29008,2,154,34,44,120,1,,
29012,29009,2,165,45,58,120,1,,
29012,29010,2,174,54,70,120,1,,
29012,29011,2,135,15,19,120,1,,
29012,29013,2,131,11,14,120,1,,
29012,29014,2,140,20,26,120,1,,
29012,70030,2,221,161,232,60,1,,
29012,70031,2,221,161,232,60,1,,
29013,29001,2,264,144,176,120,1,,
29013,29002,2,243,123,159,120,1,,
29013,29003,2,233,113,147,120,1,,
29013,29004,2,223,103,134,120,1,,
29013,29005,2,215,95,123,120,1,,
29013,29006,2,205,85,110,120,1,,
29013,29007,2,160,40,51,120,1,,
29013,29008,2,164,44,57,120,1,,
29013,29009,2,175,55,71,120,1,,
29013,29010,2,184,64,83,120,1,,
29013,29011,2,145,25,33,120,1,,
29013,29012,2,131,11,14,120,1,,
29013,29014,2,129,9,12,120,1,,
29013,70030,2,231,171,245,60,1,,
29013,70031,2,231,171,245,60,1,,
29014,29001,2,273,153,188,120,1,,
29014,29002,2,252,132,171,120,1,,
29014,29003,2,243,123,159,120,1,,
29014,29004,2,233,113,146,120,1,,
29014,29005,2,224,104,135,120,1,,
29014,29006,2,214,94,122,120,1,,
29014,29007,2,169,49,63,120,1,,
29014,29008,2,173,53,69,120,1,,
29014,29009,2,184,64,83,120,1,,
29014,29010,2,193,73,95,120,1,,
29014,29011,2,154,34,45,120,1,,
29014,29012,2,140,20,26,120,1,,
29014,29013,2,129,9,12,120,1,,
29014,70030,2,240,180,257,60,1,,
29014,70031,2,240,180,257,60,1,,
3125,70097,2,192,132,208,60,1,,
3125,70098,2,192,132,208,60,1,,
32000,32001,2,174,54,,120,2,,
32000,32002,2,184,64,,120,2,,
32000,32003,2,194,74,,120,2,,
32000,32004,2,203,83,,120,2,,
32000,32005,2,213,93,,120,2,,
32000,70101,2,124,64,,60,2,,
32000,70102,2,124,64,,60,2,,
32000,MM-0079-S,2,364,64,,300,2,,
32001,32000,2,177,57,,120,2,,
32001,32002,2,150,30,39,120,1,,
32001,32003,2,160,40,52,120,1,,
32001,32004,2,169,49,63,120,1,,
32001,32005,2,179,59,76,120,1,,
32001,70101,2,101,41,114,60,1,,
32001,70102,2,101,41,114,60,1,,
32001,MM-0079-S,2,360,60,142,300,1,,
32002,32000,2,187,67,,120,2,,
32002,32001,2,150,30,39,120,1,,
32002,32003,2,170,50,65,120,1,,
32002,32004,2,179,59,76,120,1,,
32002,32005,2,189,69,89,120,1,,
32002,70101,2,111,51,127,60,1,,
32002,70102,2,111,51,127,60,1,,
32002,MM-0079-S,2,370,70,155,300,1,,
32003,32000,2,197,77,,120,2,,
32003,32001,2,160,40,52,120,1,,
32003,32002,2,170,50,65,120,1,,
32003,32004,2,189,69,89,120,1,,
32003,32005,2,199,79,102,120,1,,
32003,70101,2,121,61,140,60,1,,
32003,70102,2,121,61,140,60,1,,
32003,MM-0079-S,2,380,80,167,300,1,,
32004,32000,2,206,86,,120,2,,
32004,32001,2,169,49,63,120,1,,
32004,32002,2,179,59,76,120,1,,
32004,32003,2,189,69,89,120,1,,
32004,32005,2,208,88,114,120,1,,
32004,70101,2,130,70,152,60,1,,
32004,70102,2,130,70,152,60,1,,
32004,MM-0079-S,2,389,89,179,300,1,,
32005,32000,2,216,96,,120,2,,
32005,32001,2,179,59,76,120,1,,
32005,32002,2,189,69,89,120,1,,
32005,32003,2,199,79,102,120,1,,
32005,32004,2,208,88,114,120,1,,
32005,70101,2,140,80,165,60,1,,
32005,70102,2,140,80,165,60,1,,
32005,MM-0079-S,2,399,99,192,300,1,,
323,70089,2,111,51,129,60,1,,
323,70090,2,109,49,126,60,1,,
334,70093,2,115,55,100,60,1,,
334,70094,2,144,84,138,60,1,,
334,70261,2,208,88,111,120,1,,
38155,70160,2,277,157,200,120,1,,
38155,70161,2,282,162,207,120,1,,
38671,70105,2,111,51,101,60,1,,
38671,Braintree-01,2,111,51,101,60,1,,
38671,Braintree-02,2,111,51,101,60,1,,
38671,MM-0109,2,545,245,317,300,1,,
38671,MM-0109-CS,2,545,245,317,300,1,,
38671,MM-0109-S,2,545,245,317,300,1,,
41031,70103,2,112,52,117,60,1,,
41031,70104,2,120,60,127,60,1,,
4510,70039,2,152,92,203,60,1,,
4510,70040,2,152,92,203,60,1,,
4510,70201,2,190,70,129,120,1,,
4510,70202,2,191,71,131,120,1,,
4510,Government Center-Brattle,2,190,70,129,120,1,,
49002,6565,2,178,58,75,120,1,,
49002,70016,2,121,61,154,60,1,,
49002,70017,2,131,71,167,60,1,,
5072,5327,2,225,105,136,120,1,,
5072,53270,2,216,96,124,120,1,,
5072,70034,2,134,74,141,60,1,,
5072,70035,2,134,74,141,60,1,,
5072,WR-0045-S,2,369,69,146,300,1,,
5104,70063,2,165,105,259,60,1,,
5104,70064,2,165,105,259,60,1,,
5271,52710,2,213,93,120,120,1,,
5271,52711,2,194,74,95,120,1,,
5271,52712,2,179,59,76,120,1,,
5271,52713,2,166,46,60,120,1,,
5271,52714,2,204,84,109,120,1,,
5271,52715,2,190,70,91,120,1,,
5271,52716,2,178,58,76,120,1,,
5271,52720,2,157,37,48,120,1,,
5271,70032,2,202,142,227,60,1,,
5271,70033,2,202,142,227,60,1,,
52710,5271,2,213,93,120,120,1,,
52710,52711,2,225,105,136,120,1,,
52710,52712,2,210,90,117,120,1,,
52710,52713,2,198,78,101,120,1,,
52710,52714,2,236,116,150,120,1,,
52710,52715,2,222,102,132,120,1,,
52710,52716,2,210,90,116,120,1,,
52710,52720,2,189,69,89,120,1,,
52710,70032,2,234,174,268,60,1,,
52710,70033,2,234,174,268,60,1,,
52711,5271,2,194,74,95,120,1,,
52711,52710,2,225,105,136,120,1,,
52711,52712,2,191,71,92,120,1,,
52711,52713,2,179,59,76,120,1,,
52711,52714,2,217,97,125,120,1,,
52711,52715,2,203,83,107,120,1,,
52711,52716,2,191,71,92,120,1,,
52711,52720,2,170,50,65,120,1,,
52711,70032,2,215,155,244,60,1,,
52711,70033,2,215,155,244,60,1,,
52712,5271,2,179,59,76,120,1,,
52712,52710,2,210,90,117,120,1,,
52712,52711,2,191,71,92,120,1,,
52712,52713,2,164,44,57,120,1,,
52712,52714,2,202,82,106,120,1,,
52712,52715,2,188,68,88,120,1,,
52712,52716,2,176,56,73,120,1,,
52712,52720,2,155,35,46,120,1,,
52712,70032,2,200,140,224,60,1,,
52712,70033,2,200,140,224,60,1,,
52713,5271,2,166,46,60,120,1,,
52713,52710,2,198,78,101,120,1,,
52713,52711,2,179,59,76,120,1,,
52713,52712,2,164,44,57,120,1,,
52713,52714,2,189,69,90,120,1,,
52713,52715,2,175,55,72,120,1,,
52713,52716,2,164,44,56,120,1,,
52713,52720,2,143,23,29,120,1,,
52713,70032,2,188,128,208,60,1,,
52713,70033,2,188,128,208,60,1,,
52714,5271,2,204,84,109,120,1,,
52714,52710,2,236,116,150,120,1,,
52714,52711,2,217,97,125,120,1,,
52714,52712,2,202,82,106,120,1,,
52714,52713,2,189,69,90,120,1,,
52714,52715,2,213,93,121,120,1,,
52714,52716,2,201,81,105,120,1,,
52714,52720,2,181,61,78,120,1,,
52714,70032,2,225,165,257,60,1,,
52714,70033,2,225,165,257,60,1,,
52715,5271,2,190,70,91,120,1,,
52715,52710,2,222,102,132,120,1,,
52715,52711,2,203,83,107,120,1,,
52715,52712,2,188,68,88,120,1,,
52715,52713,2,175,55,72,120,1,,
52715,52714,2,213,93,121,120,1,,
52715,52716,2,188,68,87,120,1,,
52715,52720,2,167,47,60,120,1,,
52715,70032,2,212,152,239,60,1,,
52715,70033,2,212,152,239,60,1,,
52716,5271,2,178,58,76,120,1,,
52716,52710,2,210,90,116,120,1,,
52716,52711,2,191,71,92,120,1,,
52716,52712,2,176,56,73,120,1,,
52716,52713,2,164,44,56,120,1,,
52716,52714,2,201,81,105,120,1,,
52716,52715,2,188,68,87,120,1,,
52716,52720,2,155,35,45,120,1,,
52716,70032,2,200,140,224,60,1,,
52716,70033,2,200,140,224,60,1,,
52720,5271,2,157,37,48,120,1,,
52720,52710,2,189,69,89,120,1,,
52720,52711,2,170,50,65,120,1,,
52720,52712,2,155,35,46,120,1,,
52720,52713,2,143,23,29,120,1,,
52720,52714,2,181,61,78,120,1,,
52720,52715,2,167,47,60,120,1,,
52720,52716,2,155,35,45,120,1,,
52720,70032,2,179,119,197,60,1,,
52720,70033,2,179,119,197,60,1,,
5327,5072,2,226,106,137,120,1,,
5327,53270,2,167,47,61,120,1,,
5327,70034,2,158,98,171,60,1,,
5327,70035,2,158,98,171,60,1,,
5327,WR-0045-S,2,382,82,162,300,1,,
53270,5072,2,217,97,125,120,1,,
53270,5327,2,167,47,61,120,1,,
53270,70034,2,149,89,160,60,1,,
53270,70035,2,149,89,160,60,1,,
53270,WR-0045-S,2,373,73,150,300,1,,
5666,70049,2,116,56,69,60,1,,
5666,70050,2,158,98,200,60,1,,
5740,57400,2,156,36,46,120,1,,
5740,70045,2,131,71,129,60,1,,
5740,70046,2,131,71,129,60,1,,
57400,5740,2,156,36,46,120,1,,
57400,70045,2,131,71,129,60,1,,
57400,70046,2,131,71,129,60,1,,
5810,5819,2,210,90,116,120,1,,
5810,70055,2,106,46,116,60,1,,
5810,70056,2,106,46,116,60,1,,
5819,5810,2,210,90,116,120,1,,
5819,70055,2,164,104,192,60,1,,
5819,70056,2,164,104,192,60,1,,
5879,15880,2,200,80,188,120,1,,
5879,5880,2,138,18,23,120,1,,
5879,70051,2,107,47,58,60,1,,
5879,70052,2,132,72,174,60,1,,
5880,15880,2,182,62,165,120,1,,
5880,5879,2,138,18,23,120,1,,
5880,70051,2,89,29,34,60,1,,
5880,70052,2,114,54,151,60,1,,
6565,49002,2,178,58,75,120,1,,
6565,70016,2,157,97,200,60,1,,
6565,70017,2,168,108,214,60,1,,
70001,10642,2,195,75,153,120,1,,
70001,875,2,207,87,223,120,1,,
70001,Forest Hills-01,2,71,11,14,60,1,,
70001,Forest Hills-02,2,71,11,14,60,1,,
70001,NEC-2237,2,367,127,280,240,1,,
70001,NEC-2237-03,2,367,127,280,240,1,,
70001,NEC-2237-05,2,367,127,280,240,1,,
70002,70003,2,116,56,72,60,1,,
70003,70002,2,116,56,72,60,1,,
70004,70005,2,117,57,74,60,1,,
70005,70004,2,116,56,72,60,1,,
70006,11531,2,165,45,116,120,1,,
70006,70007,2,115,55,72,60,1,,
70007,11531,2,165,45,116,120,1,,
70007,70006,2,115,55,72,60,1,,
70008,1222,2,262,142,233,120,1,,
70008,1258,2,218,98,177,120,1,,
70008,1323,2,211,91,168,120,1,,
70008,1357,2,195,75,148,120,1,,
70008,70009,2,148,88,114,60,1,,
70009,1222,2,262,142,233,120,1,,
70009,1258,2,218,98,177,120,1,,
70009,1323,2,211,91,168,120,1,,
70009,1357,2,195,75,148,120,1,,
70009,70008,2,148,88,114,60,1,,
70010,17861,2,167,47,137,120,1,,
70010,17862,2,167,47,197,120,1,,
70010,17863,2,179,59,212,120,1,,
70010,70011,2,75,15,19,60,1,,
70010,NEC-2265,2,284,44,133,240,1,,
70010,NEC-2265-01,2,291,51,192,240,1,,
70010,NEC-2265-02,2,404,164,349,240,1,,
70010,NEC-2265-03,2,291,51,192,240,1,,
70011,17861,2,167,47,137,120,1,,
70011,17862,2,167,47,197,120,1,,
70011,17863,2,179,59,212,120,1,,
70011,70010,2,75,15,19,60,1,,
70011,NEC-2265,2,284,44,133,240,1,,
70011,NEC-2265-01,2,291,51,192,240,1,,
70011,NEC-2265-02,2,404,164,349,240,1,,
70011,NEC-2265-03,2,291,51,192,240,1,,
70012,187,2,219,99,176,120,1,,
70012,188,2,224,104,182,120,1,,
70012,70013,2,125,65,84,60,1,,
70013,187,2,219,99,176,120,1,,
70013,188,2,224,104,182,120,1,,
70013,70012,2,125,65,84,60,1,,
70014,11384,2,181,61,115,120,1,,
70014,176,2,217,97,162,120,1,,
70014,23391,2,205,85,146,120,1,,
70014,70015,2,74,14,18,60,1,,
70014,NEC-2276,2,290,50,101,240,1,,
70014,NEC-2276-01,2,314,74,184,240,1,,
70014,NEC-2276-02,2,315,75,209,240,1,,
70014,NEC-2276-03,2,314,74,184,240,1,,
70014,WML-0012-05,2,406,166,299,240,1,,
70014,WML-0012-07,2,406,166,299,240,1,,
70015,11384,2,181,61,115,120,1,,
70015,176,2,217,97,162,120,1,,
70015,23391,2,205,85,146,120,1,,
70015,70014,2,74,14,18,60,1,,
70015,NEC-2276,2,290,50,101,240,1,,
70015,NEC-2276-01,2,314,74,184,240,1,,
70015,NEC-2276-02,2,315,75,209,240,1,,
70015,NEC-2276-03,2,314,74,184,240,1,,
70015,WML-0012-05,2,406,166,299,240,1,,
70015,WML-0012-07,2,406,166,299,240,1,,
70016,49002,2,207,87,190,120,1,,
70016,6565,2,243,123,237,120,1,,
70016,70017,2,156,96,208,60,1,,
70017,49002,2,217,97,204,120,1,,
70017,6565,2,254,134,251,120,1,,
70017,70016,2,156,96,208,60,1,,
70020,70021,2,138,78,,60,2,,
70020,70075,2,285,180,299,105,1,,
70020,70076,2,285,180,299,105,1,,
70020,70077,2,175,115,,60,2,,
70020,70078,2,171,111,,60,2,,
70020,70196,2,323,233,418,90,1,,
70020,70197,2,335,245,397,90,1,,
70020,70198,2,323,233,418,90,1,,
70020,70199,2,335,245,397,90,1,,
70020,70200,2,291,201,260,90,1,,
70020,71199,2,297,207,268,90,1,,
70021,70020,2,140,80,,60,2,,
70021,70075,2,322,217,,105,2,,
70021,70076,2,322,217,,105,2,,
70021,70077,2,204,144,341,60,1,,
70021,70078,2,145,85,159,60,1,,
70021,70196,2,361,271,,90,2,,
70021,70197,2,372,282,,90,2,,
70021,70198,2,361,271,,90,2,,
70021,70199,2,372,282,,90,2,,
70021,70200,2,328,238,,90,2,,
70021,71199,2,334,244,,90,2,,
70022,70023,2,181,121,205,60,1,,
70022,70041,2,249,189,293,60,1,,
70022,70042,2,201,141,183,60,1,,
70023,70022,2,168,108,188,60,1,,
70023,70041,2,128,68,88,60,1,,
70023,70042,2,93,33,91,60,1,,
70024,70025,2,100,40,172,60,1,,
70024,70203,2,169,79,212,90,1,,
70024,70204,2,169,79,212,90,1,,
70025,70024,2,90,30,158,60,1,,
70025,70203,2,170,80,214,90,1,,
70025,70204,2,170,80,214,90,1,,
70026,70027,2,114,54,165,60,1,,
70026,70205,2,112,22,69,90,1,,
70026,70206,2,102,12,15,90,1,,
70026,BNT-0000,2,480,240,300,240,1,,
70026,BNT-0000-01,2,480,240,300,240,1,,
70026,BNT-0000-02,2,480,240,300,240,1,,
70026,BNT-0000-03,2,480,240,300,240,1,,
70026,BNT-0000-04,2,480,240,300,240,1,,
70026,BNT-0000-05,2,480,240,300,240,1,,
70026,BNT-0000-06,2,480,240,300,240,1,,
70026,BNT-0000-07,2,480,240,300,240,1,,
70026,BNT-0000-08,2,480,240,300,240,1,,
70026,BNT-0000-09,2,480,240,300,240,1,,
70026,BNT-0000-10,2,480,240,300,240,1,,
70026,BNT-0000-B2,2,410,290,465,120,1,,
70027,70026,2,113,53,165,60,1,,
70027,70205,2,119,29,93,90,1,,
70027,70206,2,141,51,162,90,1,,
70027,BNT-0000,2,480,240,300,240,1,,
70027,BNT-0000-01,2,480,240,300,240,1,,
70027,BNT-0000-02,2,480,240,300,240,1,,
70027,BNT-0000-03,2,480,240,300,240,1,,
70027,BNT-0000-04,2,480,240,300,240,1,,
70027,BNT-0000-05,2,480,240,300,240,1,,
70027,BNT-0000-06,2,480,240,300,240,1,,
70027,BNT-0000-07,2,480,240,300,240,1,,
70027,BNT-0000-08,2,480,240,300,240,1,,
70027,BNT-0000-09,2,480,240,300,240,1,,
70027,BNT-0000-10,2,480,240,300,240,1,,
70027,BNT-0000-B2,2,383,263,446,120,1,,
70028,70029,2,101,41,52,60,1,,
70029,70028,2,101,41,52,60,1,,
70030,29001,2,188,68,127,120,1,,
70030,29002,2,184,64,121,120,1,,
70030,29003,2,182,62,118,120,1,,
70030,29004,2,179,59,127,120,1,,
70030,29005,2,188,68,127,120,1,,
70030,29006,2,198,78,127,120,1,,
70030,29007,2,256,136,202,120,1,,
70030,29008,2,250,130,195,120,1,,
70030,29009,2,260,140,207,120,1,,
70030,29010,2,269,149,219,120,1,,
70030,29011,2,267,147,217,120,1,,
70030,29012,2,274,154,226,120,1,,
70030,29013,2,285,165,240,120,1,,
70030,29014,2,294,174,251,120,1,,
70030,70031,2,66,6,8,60,1,,
70031,29001,2,188,68,127,120,1,,
70031,29002,2,184,64,121,120,1,,
70031,29003,2,182,62,118,120,1,,
70031,29004,2,179,59,127,120,1,,
70031,29005,2,188,68,127,120,1,,
70031,29006,2,198,78,127,120,1,,
70031,29007,2,256,136,202,120,1,,
70031,29008,2,250,130,195,120,1,,
70031,29009,2,260,140,207,120,1,,
70031,29010,2,269,149,219,120,1,,
70031,29011,2,267,147,217,120,1,,
70031,29012,2,274,154,226,120,1,,
70031,29013,2,285,165,240,120,1,,
70031,29014,2,294,174,251,120,1,,
70031,70030,2,66,6,8,60,1,,
70032,5271,2,283,163,257,120,1,,
70032,52710,2,314,194,298,120,1,,
70032,52711,2,295,175,273,120,1,,
70032,52712,2,281,161,254,120,1,,
70032,52713,2,268,148,238,120,1,,
70032,52714,2,306,186,287,120,1,,
70032,52715,2,292,172,269,120,1,,
70032,52716,2,280,160,253,120,1,,
70032,52720,2,259,139,226,120,1,,
70032,70033,2,65,5,6,60,1,,
70033,5271,2,283,163,257,120,1,,
70033,52710,2,314,194,298,120,1,,
70033,52711,2,295,175,273,120,1,,
70033,52712,2,281,161,254,120,1,,
70033,52713,2,268,148,238,120,1,,
70033,52714,2,306,186,287,120,1,,
70033,52715,2,292,172,269,120,1,,
70033,52716,2,280,160,253,120,1,,
70033,52720,2,259,139,226,120,1,,
70033,70032,2,65,5,6,60,1,,
70034,5072,2,176,56,121,120,1,,
70034,5327,2,199,79,151,120,1,,
70034,53270,2,190,70,139,120,1,,
70034,70035,2,76,16,21,60,1,,
70034,WR-0045-S,2,284,44,161,240,1,,
70035,5072,2,176,56,121,120,1,,
70035,5327,2,199,79,151,120,1,,
70035,53270,2,190,70,139,120,1,,
70035,70034,2,76,16,21,60,1,,
70035,WR-0045-S,2,284,44,161,240,1,,
70036,9328,2,233,113,234,120,1,,
70036,Oak Grove-01,2,65,5,6,60,1,,
70036,Oak Grove-02,2,65,5,6,60,1,,
70036,WR-0053-S,2,350,110,230,240,1,,
70038,70838,2,82,22,28,60,1,,
70039,4510,2,217,97,212,120,1,,
70039,70040,2,69,9,12,60,1,,
70039,70201,2,138,48,106,90,1,,
70039,70202,2,124,34,88,90,1,,
70039,Government Center-Brattle,2,138,48,106,90,1,,
70040,4510,2,217,97,212,120,1,,
70040,70039,2,69,9,12,60,1,,
70040,70201,2,138,48,106,90,1,,
70040,70202,2,124,34,88,90,1,,
70040,Government Center-Brattle,2,138,48,106,90,1,,
70041,70022,2,244,184,285,60,1,,
70041,70023,2,136,76,98,60,1,,
70041,70042,2,169,109,189,60,1,,
70042,70022,2,215,155,200,60,1,,
70042,70023,2,117,57,134,60,1,,
70042,70041,2,185,125,222,60,1,,
70043,70044,2,127,67,187,60,1,,
70044,70043,2,127,67,187,60,1,,
70045,5740,2,196,76,139,120,1,,
70045,57400,2,196,76,139,120,1,,
70045,70046,2,92,32,42,60,1,,
70046,5740,2,196,76,139,120,1,,
70046,57400,2,196,76,139,120,1,,
70046,70045,2,92,32,42,60,1,,
70047,70048,2,114,54,189,60,1,,
70047,7096,2,200,80,224,120,1,,
70047,7097,2,189,69,210,120,1,,
70048,70047,2,108,48,182,60,1,,
70048,7096,2,166,46,60,120,1,,
70048,7097,2,155,35,45,120,1,,
70049,5666,2,167,47,60,120,1,,
70049,70050,2,113,53,145,60,1,,
70050,5666,2,210,90,192,120,1,,
70050,70049,2,113,53,144,60,1,,
70051,15880,2,170,50,149,120,1,,
70051,5879,2,149,29,38,120,1,,
70051,5880,2,149,29,38,120,1,,
70051,70052,2,85,25,116,60,1,,
70052,15880,2,145,25,32,120,1,,
70052,5879,2,169,49,147,120,1,,
70052,5880,2,169,49,147,120,1,,
70052,70051,2,85,25,116,60,1,,
70053,70054,2,250,190,245,60,1,,
70054,70053,2,243,183,237,60,1,,
70055,5810,2,171,51,126,120,1,,
70055,5819,2,230,110,202,120,1,,
70055,70056,2,92,32,162,60,1,,
70056,5810,2,171,51,126,120,1,,
70056,5819,2,230,110,202,120,1,,
70056,70055,2,92,32,162,60,1,,
70057,70058,2,83,23,110,60,1,,
70058,70057,2,81,21,107,60,1,,
70059,15795,2,192,72,93,120,1,,
70059,15796,2,186,66,86,120,1,,
70059,15797,2,171,51,67,120,1,,
70059,15798,2,187,67,87,120,1,,
70059,15799,2,208,88,113,120,1,,
70059,15800,2,228,108,140,120,1,,
70060,15795,2,303,183,264,120,1,,
70060,15796,2,297,177,257,120,1,,
70060,15797,2,282,162,238,120,1,,
70060,15798,2,298,178,258,120,1,,
70060,15799,2,318,198,284,120,1,,
70060,15800,2,338,218,311,120,1,,
70061,141,2,297,177,287,120,1,,
70061,9070061,2,326,206,325,120,1,,
70061,Alewife-01,2,100,40,20,60,1,,
70061,Alewife-02,2,100,40,20,60,1,,
70063,5104,2,215,95,249,120,1,,
70063,70064,2,67,7,10,60,1,,
70064,5104,2,215,95,249,120,1,,
70064,70063,2,67,7,10,60,1,,
70065,70066,2,85,25,84,60,1,,
70065,FR-0034,2,326,86,235,240,1,,
70065,FR-0034-01,2,326,86,236,240,1,,
70065,FR-0034-02,2,326,86,236,240,1,,
70066,70065,2,85,25,84,60,1,,
70066,FR-0034,2,326,86,277,240,1,,
70066,FR-0034-01,2,326,86,278,240,1,,
70066,FR-0034-02,2,326,86,278,240,1,,
70067,2076,2,287,167,217,120,1,,
70067,20761,2,300,180,232,120,1,,
70067,70068,2,224,164,212,60,1,,
70067,76121,2,355,235,304,120,1,,
70067,76122,2,355,235,304,120,1,,
70067,76123,2,355,235,304,120,1,,
70067,76124,2,355,235,304,120,1,,
70067,76125,2,355,235,304,120,1,,
70067,76126,2,355,235,304,120,1,,
70067,76127,2,353,233,301,120,1,,
70068,2076,2,271,151,196,120,1,,
70068,20761,2,283,163,211,120,1,,
70068,70067,2,202,142,184,60,1,,
70068,76121,2,338,218,283,120,1,,
70068,76122,2,338,218,283,120,1,,
70068,76123,2,338,218,283,120,1,,
70068,76124,2,338,218,283,120,1,,
70068,76125,2,338,218,283,120,1,,
70068,76126,2,338,218,283,120,1,,
70068,76127,2,337,217,280,120,1,,
70073,70074,2,186,126,268,60,1,,
70074,70073,2,186,126,268,60,1,,
70075,70020,2,295,190,312,105,1,,
70075,70021,2,327,222,,105,2,,
70075,70076,2,63,3,4,60,1,,
70075,70077,2,360,255,,105,2,,
70075,70078,2,360,255,,105,2,,
70075,70196,2,152,62,130,90,1,,
70075,70197,2,184,94,171,90,1,,
70075,70198,2,152,62,130,90,1,,
70075,70199,2,184,94,171,90,1,,
70075,70200,2,178,88,180,90,1,,
70075,71199,2,184,94,187,90,1,,
70076,70020,2,295,190,312,105,1,,
70076,70021,2,327,222,,105,2,,
70076,70075,2,63,3,4,60,1,,
70076,70077,2,360,255,,105,2,,
70076,70078,2,360,255,,105,2,,
70076,70196,2,152,62,130,90,1,,
70076,70197,2,184,94,171,90,1,,
70076,70198,2,152,62,130,90,1,,
70076,70199,2,184,94,171,90,1,,
70076,70200,2,178,88,180,90,1,,
70076,71199,2,184,94,187,90,1,,
70077,70020,2,174,114,,60,2,,
70077,70021,2,195,135,329,60,1,,
70077,70075,2,349,244,,105,2,,
70077,70076,2,349,244,,105,2,,
70077,70078,2,106,46,164,60,1,,
70077,70196,2,387,297,,90,2,,
70077,70197,2,399,309,,90,2,,
70077,70198,2,387,297,,90,2,,
70077,70199,2,399,309,,90,2,,
70077,70200,2,355,265,,90,2,,
70077,71199,2,361,271,,90,2,,
70078,70020,2,170,110,,60,2,,
70078,70021,2,149,89,165,60,1,,
70078,70075,2,352,247,,105,2,,
70078,70076,2,352,247,,105,2,,
70078,70077,2,120,60,181,60,1,,
70078,70196,2,391,301,,90,2,,
70078,70197,2,402,312,,90,2,,
70078,70198,2,391,301,,90,2,,
70078,70199,2,402,312,,90,2,,
70078,70200,2,358,268,,90,2,,
70078,71199,2,364,274,,90,2,,
70079,70080,2,98,38,169,60,1,,
70079,74611,2,131,11,74,120,1,,
70079,74617,2,159,39,171,120,1,,
70079,NEC-2287,2,412,172,336,240,1,,
70079,NEC-2287-01,2,426,186,355,240,1,,
70079,NEC-2287-02,2,412,172,336,240,1,,
70079,NEC-2287-03,2,412,172,336,240,1,,
70079,NEC-2287-04,2,401,161,323,240,1,,
70079,NEC-2287-05,2,401,161,323,240,1,,
70079,NEC-2287-06,2,398,158,318,240,1,,
70079,NEC-2287-07,2,398,158,318,240,1,,
70079,NEC-2287-08,2,394,154,314,240,1,,
70079,NEC-2287-09,2,394,154,314,240,1,,
70079,NEC-2287-10,2,396,156,315,240,1,,
70079,NEC-2287-11,2,430,190,360,240,1,,
70079,NEC-2287-12,2,435,195,366,240,1,,
70079,NEC-2287-13,2,453,213,390,240,1,,
70080,70079,2,95,35,165,60,1,,
70080,74611,2,147,27,95,120,1,,
70080,74617,2,162,42,114,120,1,,
70080,NEC-2287,2,433,193,424,240,1,,
70080,NEC-2287-01,2,448,208,443,240,1,,
70080,NEC-2287-02,2,433,193,424,240,1,,
70080,NEC-2287-03,2,433,193,424,240,1,,
70080,NEC-2287-04,2,423,183,410,240,1,,
70080,NEC-2287-05,2,423,183,410,240,1,,
70080,NEC-2287-06,2,419,179,405,240,1,,
70080,NEC-2287-07,2,419,179,405,240,1,,
70080,NEC-2287-08,2,416,176,401,240,1,,
70080,NEC-2287-09,2,416,176,401,240,1,,
70080,NEC-2287-10,2,417,177,403,240,1,,
70080,NEC-2287-11,2,452,212,448,240,1,,
70080,NEC-2287-12,2,456,216,454,240,1,,
70080,NEC-2287-13,2,475,235,478,240,1,,
70081,150,2,202,82,181,120,1,,
70081,151,2,212,92,192,120,1,,
70081,70082,2,64,4,6,60,1,,
70082,150,2,202,82,181,120,1,,
70082,151,2,212,92,192,120,1,,
70082,70081,2,64,4,6,60,1,,
70083,13,2,210,90,178,120,1,,
70083,70084,2,146,86,171,60,1,,
70084,13,2,200,80,166,120,1,,
70084,70083,2,138,78,160,60,1,,
70085,121,2,300,180,283,120,1,,
70085,70086,2,66,6,8,60,1,,
70085,70095,2,88,28,136,60,1,,
70085,70096,2,88,28,136,60,1,,
70085,MM-0023-S,2,453,213,326,240,1,,
70086,121,2,300,180,283,120,1,,
70086,70085,2,66,6,8,60,1,,
70086,70095,2,88,28,136,60,1,,
70086,70096,2,88,28,136,60,1,,
70086,MM-0023-S,2,453,213,326,240,1,,
70087,70088,2,66,6,8,60,1,,
70088,70087,2,66,6,8,60,1,,
70089,323,2,174,54,136,120,1,,
70089,70090,2,97,37,180,60,1,,
70090,323,2,172,52,134,120,1,,
70090,70089,2,97,37,180,60,1,,
70091,70092,2,97,37,170,60,1,,
70092,70091,2,97,37,170,60,1,,
70093,334,2,165,45,90,120,1,,
70093,70261,2,213,123,191,90,1,,
70094,334,2,194,74,128,120,1,,
70094,70093,2,179,119,218,60,1,,
70094,70261,2,144,54,102,90,1,,
70095,121,2,297,177,279,120,1,,
70095,70085,2,88,28,136,60,1,,
70095,70086,2,88,28,136,60,1,,
70095,70096,2,66,6,8,60,1,,
70095,MM-0023-S,2,450,210,321,240,1,,
70096,121,2,297,177,279,120,1,,
70096,70085,2,88,28,136,60,1,,
70096,70086,2,88,28,136,60,1,,
70096,70095,2,66,6,8,60,1,,
70096,MM-0023-S,2,450,210,321,240,1,,
70097,3125,2,201,81,144,120,1,,
70097,70098,2,65,5,7,60,1,,
70098,3125,2,201,81,144,120,1,,
70098,70097,2,65,5,7,60,1,,
70099,70100,2,67,7,9,60,1,,
70100,70099,2,68,8,10,60,1,,
70101,32000,2,216,96,,120,2,,
70101,32001,2,191,71,140,120,1,,
70101,32002,2,201,81,153,120,1,,
70101,32003,2,211,91,166,120,1,,
70101,32004,2,220,100,178,120,1,,
70101,32005,2,230,110,191,120,1,,
70101,70102,2,89,29,38,60,1,,
70101,MM-0079-S,2,339,99,240,240,1,,
70102,32000,2,216,96,,120,2,,
70102,32001,2,191,71,140,120,1,,
70102,32002,2,201,81,153,120,1,,
70102,32003,2,211,91,166,120,1,,
70102,32004,2,220,100,178,120,1,,
70102,32005,2,230,110,191,120,1,,
70102,70101,2,89,29,38,60,1,,
70102,MM-0079-S,2,339,99,240,240,1,,
70103,41031,2,164,44,109,120,1,,
70103,70104,2,78,18,23,60,1,,
70104,41031,2,171,51,118,120,1,,
70104,70103,2,77,17,23,60,1,,
70105,38671,2,161,41,90,120,1,,
70105,Braintree-01,2,73,13,16,60,1,,
70105,Braintree-02,2,73,13,16,60,1,,
70105,MM-0109,2,480,240,348,240,1,,
70105,MM-0109-CS,2,480,240,348,240,1,,
70105,MM-0109-S,2,480,240,348,240,1,,
70150,70151,2,162,42,,120,2,,
70150,71150,2,134,14,,120,2,,
70150,71151,2,162,42,,120,2,,
70150,899,2,170,50,,120,2,,
70151,70150,2,162,42,,120,2,,
70151,71150,2,162,42,,120,2,,
70151,71151,2,128,8,,120,2,,
70151,899,2,165,45,,120,2,,
70152,70153,2,177,57,,120,2,,
70152,79,2,236,116,,120,2,,
70152,93,2,186,66,,120,2,,
70153,70152,2,177,57,,120,2,,
70153,79,2,237,117,,120,2,,
70153,93,2,187,67,,120,2,,
70156,70157,2,164,44,165,120,1,,
70157,70156,2,166,46,167,120,1,,
70160,38155,2,264,144,186,120,1,,
70160,70161,2,178,58,74,120,1,,
70161,38155,2,269,149,193,120,1,,
70161,70160,2,178,58,74,120,1,,
70162,70163,2,185,65,84,120,1,,
70163,70162,2,185,65,84,120,1,,
70164,70165,2,178,58,76,120,1,,
70165,70164,2,178,58,76,120,1,,
70166,70167,2,172,52,67,120,1,,
70167,70166,2,172,52,67,120,1,,
70168,70169,2,155,35,45,120,1,,
70168,8155,2,254,134,174,120,1,,
70168,8203,2,254,134,174,120,1,,
70169,70168,2,155,35,45,120,1,,
70169,8155,2,223,103,133,120,1,,
70169,8203,2,223,103,133,120,1,,
70170,70171,2,172,52,67,120,1,,
70171,70170,2,172,52,67,120,1,,
70172,70173,2,163,43,56,120,1,,
70173,70172,2,163,43,56,120,1,,
70174,21917,2,262,142,184,120,1,,
70174,21918,2,238,118,153,120,1,,
70174,70175,2,182,62,80,120,1,,
70175,21917,2,261,141,183,120,1,,
70175,21918,2,290,170,220,120,1,,
70175,70174,2,182,62,80,120,1,,
70176,70177,2,186,66,85,120,1,,
70177,70176,2,186,66,85,120,1,,
70178,70179,2,192,72,94,120,1,,
70179,70178,2,192,72,94,120,1,,
70180,70181,2,169,49,63,120,1,,
70181,70180,2,169,49,63,120,1,,
70182,70183,2,165,45,58,120,1,,
70183,70182,2,165,45,58,120,1,,
70186,70187,2,183,63,81,120,1,,
70187,70186,2,183,63,81,120,1,,
70196,70020,2,289,199,373,90,1,,
70196,70021,2,321,231,,90,2,,
70196,70075,2,130,40,102,90,1,,
70196,70076,2,130,40,102,90,1,,
70196,70077,2,354,264,,90,2,,
70196,70078,2,354,264,,90,2,,
70196,70197,2,154,34,44,120,1,,
70196,70198,2,124,4,6,120,1,,
70196,70199,2,154,34,44,120,1,,
70196,70200,2,186,66,165,120,1,,
70196,71199,2,191,71,172,120,1,,
70197,70020,2,301,211,352,90,1,,
70197,70021,2,333,243,,90,2,,
70197,70075,2,154,64,132,90,1,,
70197,70076,2,154,64,132,90,1,,
70197,70077,2,366,276,,90,2,,
70197,70078,2,366,276,,90,2,,
70197,70196,2,154,34,44,120,1,,
70197,70198,2,154,34,44,120,1,,
70197,70199,2,124,4,6,120,1,,
70197,70200,2,170,50,144,120,1,,
70197,71199,2,176,56,152,120,1,,
70198,70020,2,289,199,373,90,1,,
70198,70021,2,321,231,,90,2,,
70198,70075,2,130,40,102,90,1,,
70198,70076,2,130,40,102,90,1,,
70198,70077,2,354,264,,90,2,,
70198,70078,2,354,264,,90,2,,
70198,70196,2,124,4,6,120,1,,
70198,70197,2,154,34,44,120,1,,
70198,70199,2,154,34,44,120,1,,
70198,70200,2,186,66,165,120,1,,
70198,71199,2,191,71,172,120,1,,
70199,70020,2,301,211,352,90,1,,
70199,70021,2,333,243,,90,2,,
70199,70075,2,154,64,132,90,1,,
70199,70076,2,154,64,132,90,1,,
70199,70077,2,366,276,,90,2,,
70199,70078,2,366,276,,90,2,,
70199,70196,2,154,34,44,120,1,,
70199,70197,2,124,4,6,120,1,,
70199,70198,2,154,34,44,120,1,,
70199,70200,2,170,50,144,120,1,,
70199,71199,2,176,56,152,120,1,,
70200,70020,2,257,167,216,90,1,,
70200,70021,2,289,199,,90,2,,
70200,70075,2,133,43,122,90,1,,
70200,70076,2,133,43,122,90,1,,
70200,70077,2,322,232,,90,2,,
70200,70078,2,322,232,,90,2,,
70200,70196,2,186,66,165,120,1,,
70200,70197,2,170,50,144,120,1,,
70200,70198,2,186,66,165,120,1,,
70200,70199,2,170,50,144,120,1,,
70200,71199,2,126,6,8,120,1,,
70201,4510,2,177,57,116,120,1,,
70201,70039,2,126,36,91,90,1,,
70201,70040,2,126,36,91,90,1,,
70201,70202,2,144,24,31,120,1,,
70201,Government Center-Brattle,2,147,27,35,120,1,,
70202,4510,2,184,64,124,120,1,,
70202,70039,2,112,22,72,90,1,,
70202,70040,2,112,22,72,90,1,,
70202,70201,2,144,24,31,120,1,,
70202,Government Center-Brattle,2,141,21,27,120,1,,
70203,70024,2,134,44,167,90,1,,
70203,70025,2,150,60,188,90,1,,
70203,70204,2,169,49,64,120,1,,
70204,70024,2,134,44,167,90,1,,
70204,70025,2,150,60,188,90,1,,
70204,70203,2,169,49,64,120,1,,
70205,70026,2,115,25,72,90,1,,
70205,70027,2,121,31,96,90,1,,
70205,70206,2,143,23,69,120,1,,
70205,BNT-0000,2,480,240,300,240,1,,
70205,BNT-0000-01,2,480,240,300,240,1,,
70205,BNT-0000-02,2,480,240,300,240,1,,
70205,BNT-0000-03,2,480,240,300,240,1,,
70205,BNT-0000-04,2,480,240,300,240,1,,
70205,BNT-0000-05,2,480,240,300,240,1,,
70205,BNT-0000-06,2,480,240,300,240,1,,
70205,BNT-0000-07,2,480,240,300,240,1,,
70205,BNT-0000-08,2,480,240,300,240,1,,
70205,BNT-0000-09,2,480,240,300,240,1,,
70205,BNT-0000-10,2,480,240,300,240,1,,
70205,BNT-0000-B2,2,387,267,396,120,1,,
70206,70026,2,104,14,18,90,1,,
70206,70027,2,132,42,150,90,1,,
70206,70205,2,131,11,54,120,1,,
70206,BNT-0000,2,480,240,300,240,1,,
70206,BNT-0000-01,2,480,240,300,240,1,,
70206,BNT-0000-02,2,480,240,300,240,1,,
70206,BNT-0000-03,2,480,240,300,240,1,,
70206,BNT-0000-04,2,480,240,300,240,1,,
70206,BNT-0000-05,2,480,240,300,240,1,,
70206,BNT-0000-06,2,480,240,300,240,1,,
70206,BNT-0000-07,2,480,240,300,240,1,,
70206,BNT-0000-08,2,480,240,300,240,1,,
70206,BNT-0000-09,2,480,240,300,240,1,,
70206,BNT-0000-10,2,480,240,300,240,1,,
70206,BNT-0000-B2,2,398,278,449,120,1,,
70207,70208,2,141,21,107,120,1,,
70208,70207,2,141,21,107,120,1,,
70239,70240,2,184,64,179,120,1,,
70240,70239,2,184,64,179,120,1,,
70261,334,2,198,78,101,120,1,,
70261,70093,2,213,123,191,90,1,,
70261,70094,2,144,54,102,90,1,,
70263,70264,2,143,23,30,120,1,,
70264,70263,2,143,23,30,120,1,,
70265,70266,2,135,15,20,120,1,,
70266,70265,2,135,15,20,120,1,,
70267,70268,2,134,14,18,120,1,,
70268,70267,2,134,14,18,120,1,,
70271,70272,2,137,17,22,120,1,,
70272,70271,2,137,17,22,120,1,,
70275,185,2,145,25,32,120,1,,
70275,18511,2,167,47,61,120,1,,
70275,70276,2,167,47,61,120,1,,
70276,185,2,143,23,30,120,1,,
70276,18511,2,139,19,25,120,1,,
70276,70275,2,167,47,61,120,1,,
70278,70279,2,85,25,32,60,1,,
70279,70278,2,85,25,32,60,1,,
70500,70501,2,215,95,171,120,1,,
70500,70502,2,268,148,240,120,1,,
70501,70500,2,205,85,161,120,1,,
70501,70502,2,179,59,77,120,1,,
70502,70500,2,258,138,230,120,1,,
70502,70501,2,179,59,77,120,1,,
70503,70504,2,244,124,161,120,1,,
70503,Union Square-01,2,244,124,161,120,1,,
70503,Union Square-02,2,244,124,161,120,1,,
70504,70503,2,244,124,161,120,1,,
70504,Union Square-01,2,244,124,161,120,1,,
70504,Union Square-02,2,244,124,161,120,1,,
70505,70506,2,146,26,34,120,1,,
70506,70505,2,146,26,34,120,1,,
70507,70508,2,146,26,34,120,1,,
70508,70507,2,146,26,34,120,1,,
70509,70510,2,144,24,31,120,1,,
70510,70509,2,144,24,31,120,1,,
70511,70512,2,124,4,6,120,1,,
70512,70511,2,124,4,6,120,1,,
70513,70514,2,144,24,31,120,1,,
70514,70513,2,144,24,31,120,1,,
70838,70038,2,82,22,28,60,1,,
7096,70047,2,145,85,227,60,1,,
7096,70048,2,119,59,73,60,1,,
7096,7097,2,143,23,30,120,1,,
7097,70047,2,134,74,212,60,1,,
7097,70048,2,108,48,59,60,1,,
7097,7096,2,143,23,30,120,1,,
71150,70150,2,134,14,,120,2,,
71150,70151,2,162,42,,120,2,,
71150,71151,2,162,42,,120,2,,
71150,899,2,170,50,,120,2,,
71151,70150,2,162,42,,120,2,,
71151,70151,2,128,8,,120,2,,
71151,71150,2,162,42,,120,2,,
71151,899,2,165,45,,120,2,,
71199,70020,2,263,173,223,90,1,,
71199,70021,2,295,205,,90,2,,
71199,70075,2,139,49,130,90,1,,
71199,70076,2,139,49,130,90,1,,
71199,70077,2,328,238,,90,2,,
71199,70078,2,327,237,,90,2,,
71199,70196,2,191,71,172,120,1,,
71199,70197,2,176,56,152,120,1,,
71199,70198,2,191,71,172,120,1,,
71199,70199,2,176,56,152,120,1,,
71199,70200,2,126,6,8,120,1,,
74611,70079,2,78,18,80,60,1,,
74611,70080,2,97,37,105,60,1,,
74611,74617,2,154,34,164,120,1,,
74611,NEC-2287,2,466,166,329,300,1,,
74611,NEC-2287-01,2,481,181,348,300,1,,
74611,NEC-2287-02,2,466,166,329,300,1,,
74611,NEC-2287-03,2,466,166,329,300,1,,
74611,NEC-2287-04,2,456,156,316,300,1,,
74611,NEC-2287-05,2,456,156,316,300,1,,
74611,NEC-2287-06,2,452,152,311,300,1,,
74611,NEC-2287-07,2,452,152,311,300,1,,
74611,NEC-2287-08,2,449,149,307,300,1,,
74611,NEC-2287-09,2,449,149,307,300,1,,
74611,NEC-2287-10,2,450,150,308,300,1,,
74611,NEC-2287-11,2,485,185,353,300,1,,
74611,NEC-2287-12,2,489,189,359,300,1,,
74611,NEC-2287-13,2,508,208,383,300,1,,
74612,74616,2,195,75,209,120,1,,
74613,74615,2,179,59,184,120,1,,
74615,74613,2,179,59,184,120,1,,
74616,74612,2,195,75,209,120,1,,
74617,70079,2,102,42,111,60,1,,
74617,70080,2,97,37,105,60,1,,
74617,74611,2,154,34,164,120,1,,
74617,NEC-2287,2,469,169,333,300,1,,
74617,NEC-2287-01,2,484,184,352,300,1,,
74617,NEC-2287-02,2,469,169,333,300,1,,
74617,NEC-2287-03,2,469,169,333,300,1,,
74617,NEC-2287-04,2,459,159,320,300,1,,
74617,NEC-2287-05,2,459,159,320,300,1,,
74617,NEC-2287-06,2,455,155,315,300,1,,
74617,NEC-2287-07,2,455,155,315,300,1,,
74617,NEC-2287-08,2,452,152,311,300,1,,
74617,NEC-2287-09,2,452,152,311,300,1,,
74617,NEC-2287-10,2,453,153,312,300,1,,
74617,NEC-2287-11,2,488,188,357,300,1,,
74617,NEC-2287-12,2,492,192,363,300,1,,
74617,NEC-2287-13,2,511,211,387,300,1,,
74630,74631,2,199,79,102,120,1,,
74630,ER-0042,2,450,150,194,300,1,,
74630,ER-0042-01,2,450,150,194,300,1,,
74631,74630,2,199,79,102,120,1,,
74631,ER-0042,2,422,122,157,300,1,,
74631,ER-0042-01,2,422,122,157,300,1,,
74632,74633,2,202,82,106,120,1,,
74633,74632,2,200,80,104,120,1,,
76121,2076,2,279,159,206,120,1,,
76121,20761,2,180,60,78,120,1,,
76121,70067,2,258,198,254,60,1,,
76121,70068,2,264,204,261,60,1,,
76121,76122,2,180,60,78,120,1,,
76121,76123,2,180,60,78,120,1,,
76121,76124,2,180,60,78,120,1,,
76121,76125,2,180,60,78,120,1,,
76121,76126,2,180,60,78,120,1,,
76121,76127,2,344,224,290,120,1,,
76122,2076,2,279,159,206,120,1,,
76122,20761,2,180,60,78,120,1,,
76122,70067,2,258,198,254,60,1,,
76122,70068,2,264,204,261,60,1,,
76122,76121,2,180,60,78,120,1,,
76122,76123,2,180,60,78,120,1,,
76122,76124,2,180,60,78,120,1,,
76122,76125,2,180,60,78,120,1,,
76122,76126,2,180,60,78,120,1,,
76122,76127,2,344,224,290,120,1,,
76123,2076,2,279,159,206,120,1,,
76123,20761,2,180,60,78,120,1,,
76123,70067,2,258,198,254,60,1,,
76123,70068,2,264,204,261,60,1,,
76123,76121,2,180,60,78,120,1,,
76123,76122,2,180,60,78,120,1,,
76123,76124,2,180,60,78,120,1,,
76123,76125,2,180,60,78,120,1,,
76123,76126,2,180,60,78,120,1,,
76123,76127,2,344,224,290,120,1,,
76124,2076,2,279,159,206,120,1,,
76124,20761,2,180,60,78,120,1,,
76124,70067,2,258,198,254,60,1,,
76124,70068,2,264,204,261,60,1,,
76124,76121,2,180,60,78,120,1,,
76124,76122,2,180,60,78,120,1,,
76124,76123,2,180,60,78,120,1,,
76124,76125,2,180,60,78,120,1,,
76124,76126,2,180,60,78,120,1,,
76124,76127,2,344,224,290,120,1,,
76125,2076,2,279,159,206,120,1,,
76125,20761,2,180,60,78,120,1,,
76125,70067,2,258,198,254,60,1,,
76125,70068,2,264,204,261,60,1,,
76125,76121,2,180,60,78,120,1,,
76125,76122,2,180,60,78,120,1,,
76125,76123,2,180,60,78,120,1,,
76125,76124,2,180,60,78,120,1,,
76125,76126,2,180,60,78,120,1,,
76125,76127,2,344,224,290,120,1,,
76126,2076,2,279,159,206,120,1,,
76126,20761,2,180,60,78,120,1,,
76126,70067,2,258,198,254,60,1,,
76126,70068,2,264,204,261,60,1,,
76126,76121,2,180,60,78,120,1,,
76126,76122,2,180,60,78,120,1,,
76126,76123,2,180,60,78,120,1,,
76126,76124,2,180,60,78,120,1,,
76126,76125,2,180,60,78,120,1,,
76126,76127,2,344,224,290,120,1,,
76127,2076,2,185,65,85,120,1,,
76127,20761,2,290,170,220,120,1,,
76127,70067,2,258,198,253,60,1,,
76127,70068,2,263,203,260,60,1,,
76127,76121,2,345,225,291,120,1,,
76127,76122,2,345,225,291,120,1,,
76127,76123,2,345,225,291,120,1,,
76127,76124,2,345,225,291,120,1,,
76127,76125,2,345,225,291,120,1,,
76127,76126,2,345,225,291,120,1,,
79,70152,2,240,120,,120,2,,
79,70153,2,242,122,,120,2,,
79,93,2,199,79,102,120,1,,
8155,70168,2,262,142,180,120,1,,
8155,70169,2,230,110,140,120,1,,
8155,8203,2,166,46,59,120,1,,
8203,70168,2,261,141,180,120,1,,
8203,70169,2,230,110,139,120,1,,
8203,8155,2,166,46,59,120,1,,
875,10642,2,225,105,190,120,1,,
875,70001,2,146,86,218,60,1,,
875,Forest Hills-01,2,146,86,218,60,1,,
875,Forest Hills-02,2,146,86,218,60,1,,
875,NEC-2237,2,456,156,316,300,1,,
875,NEC-2237-03,2,456,156,316,300,1,,
875,NEC-2237-05,2,456,156,316,300,1,,
899,70150,2,180,60,,120,2,,
899,70151,2,175,55,,120,2,,
899,71150,2,180,60,,120,2,,
899,71151,2,175,55,,120,2,,
9070061,141,2,167,47,60,120,1,,
9070061,70061,2,233,173,279,60,1,,
9070061,Alewife-01,2,233,173,279,60,1,,
9070061,Alewife-02,2,233,173,279,60,1,,
93,70152,2,190,70,,120,2,,
93,70153,2,192,72,,120,2,,
93,79,2,199,79,102,120,1,,
9328,70036,2,147,87,198,60,1,,
9328,Oak Grove-01,2,147,87,198,60,1,,
9328,Oak Grove-02,2,147,87,198,60,1,,
9328,WR-0053-S,2,361,61,170,300,1,,
Alewife-01,141,2,297,177,287,120,1,,
Alewife-01,70061,2,100,40,20,60,1,,
Alewife-01,9070061,2,326,206,325,120,1,,
Alewife-01,Alewife-02,2,100,40,20,60,1,,
Alewife-02,141,2,297,177,287,120,1,,
Alewife-02,70061,2,100,40,20,60,1,,
Alewife-02,9070061,2,326,206,325,120,1,,
Alewife-02,Alewife-01,2,100,40,20,60,1,,
BNT-0000,70026,2,360,240,300,120,1,,
BNT-0000,70027,2,360,240,300,120,1,,
BNT-0000,70205,2,360,240,300,120,1,,
BNT-0000,70206,2,360,240,300,120,1,,
BNT-0000,BNT-0000-01,2,239,119,153,120,1,,
BNT-0000,BNT-0000-02,2,239,119,153,120,1,,
BNT-0000,BNT-0000-03,2,240,120,155,120,1,,
BNT-0000,BNT-0000-04,2,240,120,155,120,1,,
BNT-0000,BNT-0000-05,2,247,127,164,120,1,,
BNT-0000,BNT-0000-06,2,247,127,164,120,1,,
BNT-0000,BNT-0000-07,2,254,134,173,120,1,,
BNT-0000,BNT-0000-08,2,254,134,173,120,1,,
BNT-0000,BNT-0000-09,2,254,134,173,120,1,,
BNT-0000,BNT-0000-10,2,254,134,173,120,1,,
BNT-0000,BNT-0000-B2,2,302,182,236,120,1,,
BNT-0000-01,70026,2,360,240,300,120,1,,
BNT-0000-01,70027,2,360,240,300,120,1,,
BNT-0000-01,70205,2,360,240,300,120,1,,
BNT-0000-01,70206,2,360,240,300,120,1,,
BNT-0000-01,BNT-0000,2,239,119,153,120,1,,
BNT-0000-01,BNT-0000-02,2,231,111,143,120,1,,
BNT-0000-01,BNT-0000-03,2,232,112,145,120,1,,
BNT-0000-01,BNT-0000-04,2,232,112,145,120,1,,
BNT-0000-01,BNT-0000-05,2,239,119,154,120,1,,
BNT-0000-01,BNT-0000-06,2,239,119,154,120,1,,
BNT-0000-01,BNT-0000-07,2,246,126,163,120,1,,
BNT-0000-01,BNT-0000-08,2,246,126,163,120,1,,
BNT-0000-01,BNT-0000-09,2,246,126,163,120,1,,
BNT-0000-01,BNT-0000-10,2,246,126,163,120,1,,
BNT-0000-01,BNT-0000-B2,2,295,175,226,120,1,,
BNT-0000-02,70026,2,360,240,300,120,1,,
BNT-0000-02,70027,2,360,240,300,120,1,,
BNT-0000-02,70205,2,360,240,300,120,1,,
BNT-0000-02,70206,2,360,240,300,120,1,,
BNT-0000-02,BNT-0000,2,239,119,153,120,1,,
BNT-0000-02,BNT-0000-01,2,231,111,143,120,1,,
BNT-0000-02,BNT-0000-03,2,232,112,145,120,1,,
BNT-0000-02,BNT-0000-04,2,232,112,145,120,1,,
BNT-0000-02,BNT-0000-05,2,239,119,154,120,1,,
BNT-0000-02,BNT-0000-06,2,239,119,154,120,1,,
BNT-0000-02,BNT-0000-07,2,246,126,163,120,1,,
BNT-0000-02,BNT-0000-08,2,246,126,163,120,1,,
BNT-0000-02,BNT-0000-09,2,246,126,163,120,1,,
BNT-0000-02,BNT-0000-10,2,246,126,163,120,1,,
BNT-0000-02,BNT-0000-B2,2,295,175,226,120,1,,
BNT-0000-03,70026,2,360,240,300,120,1,,
BNT-0000-03,70027,2,360,240,300,120,1,,
BNT-0000-03,70205,2,360,240,300,120,1,,
BNT-0000-03,70206,2,360,240,300,120,1,,
BNT-0000-03,BNT-0000,2,240,120,155,120,1,,
BNT-0000-03,BNT-0000-01,2,232,112,145,120,1,,
BNT-0000-03,BNT-0000-02,2,232,112,145,120,1,,
BNT-0000-03,BNT-0000-04,2,233,113,147,120,1,,
BNT-0000-03,BNT-0000-05,2,240,120,156,120,1,,
BNT-0000-03,BNT-0000-06,2,240,120,156,120,1,,
BNT-0000-03,BNT-0000-07,2,247,127,165,120,1,,
BNT-0000-03,BNT-0000-08,2,247,127,165,120,1,,
BNT-0000-03,BNT-0000-09,2,247,127,165,120,1,,
BNT-0000-03,BNT-0000-10,2,247,127,165,120,1,,
BNT-0000-03,BNT-0000-B2,2,296,176,227,120,1,,
BNT-0000-04,70026,2,360,240,300,120,1,,
BNT-0000-04,70027,2,360,240,300,120,1,,
BNT-0000-04,70205,2,360,240,300,120,1,,
BNT-0000-04,70206,2,360,240,300,120,1,,
BNT-0000-04,BNT-0000,2,240,120,155,120,1,,
BNT-0000-04,BNT-0000-01,2,232,112,145,120,1,,
BNT-0000-04,BNT-0000-02,2,232,112,145,120,1,,
BNT-0000-04,BNT-0000-03,2,233,113,147,120,1,,
BNT-0000-04,BNT-0000-05,2,240,120,156,120,1,,
BNT-0000-04,BNT-0000-06,2,240,120,156,120,1,,
BNT-0000-04,BNT-0000-07,2,247,127,165,120,1,,
BNT-0000-04,BNT-0000-08,2,247,127,165,120,1,,
BNT-0000-04,BNT-0000-09,2,247,127,165,120,1,,
BNT-0000-04,BNT-0000-10,2,247,127,165,120,1,,
BNT-0000-04,BNT-0000-B2,2,296,176,227,120,1,,
BNT-0000-05,70026,2,360,240,300,120,1,,
BNT-0000-05,70027,2,360,240,300,120,1,,
BNT-0000-05,70205,2,360,240,300,120,1,,
BNT-0000-05,70206,2,360,240,300,120,1,,
BNT-0000-05,BNT-0000,2,247,127,164,120,1,,
BNT-0000-05,BNT-0000-01,2,239,119,154,120,1,,
BNT-0000-05,BNT-0000-02,2,239,119,154,120,1,,
BNT-0000-05,BNT-0000-03,2,240,120,156,120,1,,
BNT-0000-05,BNT-0000-04,2,240,120,156,120,1,,
BNT-0000-05,BNT-0000-06,2,248,128,165,120,1,,
BNT-0000-05,BNT-0000-07,2,255,135,174,120,1,,
BNT-0000-05,BNT-0000-08,2,255,135,174,120,1,,
BNT-0000-05,BNT-0000-09,2,255,135,174,120,1,,
BNT-0000-05,BNT-0000-10,2,255,135,174,120,1,,
BNT-0000-05,BNT-0000-B2,2,303,183,237,120,1,,
BNT-0000-06,70026,2,360,240,300,120,1,,
BNT-0000-06,70027,2,360,240,300,120,1,,
BNT-0000-06,70205,2,360,240,300,120,1,,
BNT-0000-06,70206,2,360,240,300,120,1,,
BNT-0000-06,BNT-0000,2,247,127,164,120,1,,
BNT-0000-06,BNT-0000-01,2,239,119,154,120,1,,
BNT-0000-06,BNT-0000-02,2,239,119,154,120,1,,
BNT-0000-06,BNT-0000-03,2,240,120,156,120,1,,
BNT-0000-06,BNT-0000-04,2,240,120,156,120,1,,
BNT-0000-06,BNT-0000-05,2,248,128,165,120,1,,
BNT-0000-06,BNT-0000-07,2,255,135,174,120,1,,
BNT-0000-06,BNT-0000-08,2,255,135,174,120,1,,
BNT-0000-06,BNT-0000-09,2,255,135,174,120,1,,
BNT-0000-06,BNT-0000-10,2,255,135,174,120,1,,
BNT-0000-06,BNT-0000-B2,2,303,183,237,120,1,,
BNT-0000-07,70026,2,360,240,300,120,1,,
BNT-0000-07,70027,2,360,240,300,120,1,,
BNT-0000-07,70205,2,360,240,300,120,1,,
BNT-0000-07,70206,2,360,240,300,120,1,,
BNT-0000-07,BNT-0000,2,254,134,173,120,1,,
BNT-0000-07,BNT-0000-01,2,246,126,163,120,1,,
BNT-0000-07,BNT-0000-02,2,246,126,163,120,1,,
BNT-0000-07,BNT-0000-03,2,247,127,165,120,1,,
BNT-0000-07,BNT-0000-04,2,247,127,165,120,1,,
BNT-0000-07,BNT-0000-05,2,255,135,174,120,1,,
BNT-0000-07,BNT-0000-06,2,255,135,174,120,1,,
BNT-0000-07,BNT-0000-08,2,262,142,183,120,1,,
BNT-0000-07,BNT-0000-09,2,262,142,183,120,1,,
BNT-0000-07,BNT-0000-10,2,262,142,183,120,1,,
BNT-0000-07,BNT-0000-B2,2,310,190,246,120,1,,
BNT-0000-08,70026,2,360,240,300,120,1,,
BNT-0000-08,70027,2,360,240,300,120,1,,
BNT-0000-08,70205,2,360,240,300,120,1,,
BNT-0000-08,70206,2,360,240,300,120,1,,
BNT-0000-08,BNT-0000,2,254,134,173,120,1,,
BNT-0000-08,BNT-0000-01,2,246,126,163,120,1,,
BNT-0000-08,BNT-0000-02,2,246,126,163,120,1,,
BNT-0000-08,BNT-0000-03,2,247,127,165,120,1,,
BNT-0000-08,BNT-0000-04,2,247,127,165,120,1,,
BNT-0000-08,BNT-0000-05,2,255,135,174,120,1,,
BNT-0000-08,BNT-0000-06,2,255,135,174,120,1,,
BNT-0000-08,BNT-0000-07,2,262,142,183,120,1,,
BNT-0000-08,BNT-0000-09,2,262,142,183,120,1,,
BNT-0000-08,BNT-0000-10,2,262,142,183,120,1,,
BNT-0000-08,BNT-0000-B2,2,310,190,246,120,1,,
BNT-0000-09,70026,2,360,240,300,120,1,,
BNT-0000-09,70027,2,360,240,300,120,1,,
BNT-0000-09,70205,2,360,240,300,120,1,,
BNT-0000-09,70206,2,360,240,300,120,1,,
BNT-0000-09,BNT-0000,2,254,134,173,120,1,,
BNT-0000-09,BNT-0000-01,2,246,126,163,120,1,,
BNT-0000-09,BNT-0000-02,2,246,126,163,120,1,,
BNT-0000-09,BNT-0000-03,2,247,127,165,120,1,,
BNT-0000-09,BNT-0000-04,2,247,127,165,120,1,,
BNT-0000-09,BNT-0000-05,2,255,135,174,120,1,,
BNT-0000-09,BNT-0000-06,2,255,135,174,120,1,,
BNT-0000-09,BNT-0000-07,2,262,142,183,120,1,,
BNT-0000-09,BNT-0000-08,2,262,142,183,120,1,,
BNT-0000-09,BNT-0000-10,2,262,142,183,120,1,,
BNT-0000-09,BNT-0000-B2,2,310,190,246,120,1,,
BNT-0000-10,70026,2,360,240,300,120,1,,
BNT-0000-10,70027,2,360,240,300,120,1,,
BNT-0000-10,70205,2,360,240,300,120,1,,
BNT-0000-10,70206,2,360,240,300,120,1,,
BNT-0000-10,BNT-0000,2,254,134,173,120,1,,
BNT-0000-10,BNT-0000-01,2,246,126,163,120,1,,
BNT-0000-10,BNT-0000-02,2,246,126,163,120,1,,
BNT-0000-10,BNT-0000-03,2,247,127,165,120,1,,
BNT-0000-10,BNT-0000-04,2,247,127,165,120,1,,
BNT-0000-10,BNT-0000-05,2,255,135,174,120,1,,
BNT-0000-10,BNT-0000-06,2,255,135,174,120,1,,
BNT-0000-10,BNT-0000-07,2,262,142,183,120,1,,
BNT-0000-10,BNT-0000-08,2,262,142,183,120,1,,
BNT-0000-10,BNT-0000-09,2,262,142,183,120,1,,
BNT-0000-10,BNT-0000-B2,2,310,190,246,120,1,,
BNT-0000-B2,70026,2,349,289,461,60,1,,
BNT-0000-B2,70027,2,323,263,443,60,1,,
BNT-0000-B2,70205,2,384,264,389,120,1,,
BNT-0000-B2,70206,2,407,287,458,120,1,,
BNT-0000-B2,BNT-0000,2,482,182,236,300,1,,
BNT-0000-B2,BNT-0000-01,2,475,175,226,300,1,,
BNT-0000-B2,BNT-0000-02,2,475,175,226,300,1,,
BNT-0000-B2,BNT-0000-03,2,476,176,227,300,1,,
BNT-0000-B2,BNT-0000-04,2,476,176,227,300,1,,
BNT-0000-B2,BNT-0000-05,2,483,183,237,300,1,,
BNT-0000-B2,BNT-0000-06,2,483,183,237,300,1,,
BNT-0000-B2,BNT-0000-07,2,490,190,246,300,1,,
BNT-0000-B2,BNT-0000-08,2,490,190,246,300,1,,
BNT-0000-B2,BNT-0000-09,2,490,190,246,300,1,,
BNT-0000-B2,BNT-0000-10,2,490,190,246,300,1,,
Braintree-01,38671,2,161,41,90,120,1,,
Braintree-01,70105,2,73,13,16,60,1,,
Braintree-01,Braintree-02,2,73,13,16,60,1,,
Braintree-01,MM-0109,2,480,240,348,240,1,,
Braintree-01,MM-0109-CS,2,480,240,348,240,1,,
Braintree-01,MM-0109-S,2,480,240,348,240,1,,
Braintree-02,38671,2,161,41,90,120,1,,
Braintree-02,70105,2,73,13,16,60,1,,
Braintree-02,Braintree-01,2,73,13,16,60,1,,
Braintree-02,MM-0109,2,480,240,348,240,1,,
Braintree-02,MM-0109-CS,2,480,240,348,240,1,,
Braintree-02,MM-0109-S,2,480,240,348,240,1,,
ER-0042,74630,2,269,149,192,120,1,,
ER-0042,74631,2,240,120,156,120,1,,
ER-0042,ER-0042-01,2,269,149,192,120,1,,
ER-0042-01,74630,2,269,149,192,120,1,,
ER-0042-01,74631,2,240,120,156,120,1,,
ER-0042-01,ER-0042,2,269,149,192,120,1,,
FR-0034,70065,2,195,75,218,120,1,,
FR-0034,70066,2,195,75,260,120,1,,
FR-0034,FR-0034-01,2,129,9,12,120,1,,
FR-0034,FR-0034-02,2,129,9,12,120,1,,
FR-0034-01,70065,2,196,76,219,120,1,,
FR-0034-01,70066,2,196,76,261,120,1,,
FR-0034-01,FR-0034,2,129,9,12,120,1,,
FR-0034-01,FR-0034-02,2,130,10,13,120,1,,
FR-0034-02,70065,2,196,76,219,120,1,,
FR-0034-02,70066,2,196,76,261,120,1,,
FR-0034-02,FR-0034,2,129,9,12,120,1,,
FR-0034-02,FR-0034-01,2,130,10,13,120,1,,
Forest Hills-01,10642,2,195,75,153,120,1,,
Forest Hills-01,70001,2,71,11,14,60,1,,
Forest Hills-01,875,2,207,87,223,120,1,,
Forest Hills-01,Forest Hills-02,2,71,11,14,60,1,,
Forest Hills-01,NEC-2237,2,367,127,280,240,1,,
Forest Hills-01,NEC-2237-03,2,367,127,280,240,1,,
Forest Hills-01,NEC-2237-05,2,367,127,280,240,1,,
Forest Hills-02,10642,2,195,75,153,120,1,,
Forest Hills-02,70001,2,71,11,14,60,1,,
Forest Hills-02,875,2,207,87,223,120,1,,
Forest Hills-02,Forest Hills-01,2,71,11,14,60,1,,
Forest Hills-02,NEC-2237,2,367,127,280,240,1,,
Forest Hills-02,NEC-2237-03,2,367,127,280,240,1,,
Forest Hills-02,NEC-2237-05,2,367,127,280,240,1,,
Government Center-Brattle,4510,2,177,57,116,120,1,,
Government Center-Brattle,70039,2,126,36,91,90,1,,
Government Center-Brattle,70040,2,126,36,91,90,1,,
Government Center-Brattle,70201,2,147,27,35,120,1,,
Government Center-Brattle,70202,2,141,21,27,120,1,,
MM-0023-S,121,2,206,86,112,120,1,,
MM-0023-S,70085,2,346,226,340,120,1,,
MM-0023-S,70086,2,346,226,340,120,1,,
MM-0023-S,70095,2,343,223,335,120,1,,
MM-0023-S,70096,2,343,223,335,120,1,,
MM-0079-S,32000,2,187,67,,120,2,,
MM-0079-S,32001,2,180,60,142,120,1,,
MM-0079-S,32002,2,190,70,155,120,1,,
MM-0079-S,32003,2,200,80,167,120,1,,
MM-0079-S,32004,2,209,89,179,120,1,,
MM-0079-S,32005,2,219,99,192,120,1,,
MM-0079-S,70101,2,189,69,215,120,1,,
MM-0079-S,70102,2,189,69,215,120,1,,
MM-0109,38671,2,361,241,312,120,1,,
MM-0109,70105,2,366,246,353,120,1,,
MM-0109,Braintree-01,2,366,246,353,120,1,,
MM-0109,Braintree-02,2,366,246,353,120,1,,
MM-0109,MM-0109-CS,2,324,204,263,120,1,,
MM-0109,MM-0109-S,2,324,204,263,120,1,,
MM-0109-CS,38671,2,361,241,312,120,1,,
MM-0109-CS,70105,2,366,246,353,120,1,,
MM-0109-CS,Braintree-01,2,366,246,353,120,1,,
MM-0109-CS,Braintree-02,2,366,246,353,120,1,,
MM-0109-CS,MM-0109,2,324,204,263,120,1,,
MM-0109-CS,MM-0109-S,2,324,204,263,120,1,,
MM-0109-S,38671,2,361,241,312,120,1,,
MM-0109-S,70105,2,366,246,353,120,1,,
MM-0109-S,Braintree-01,2,366,246,353,120,1,,
MM-0109-S,Braintree-02,2,366,246,353,120,1,,
MM-0109-S,MM-0109,2,324,204,263,120,1,,
MM-0109-S,MM-0109-CS,2,324,204,263,120,1,,
NEC-2237,10642,2,274,154,259,120,1,,
NEC-2237,70001,2,245,125,275,120,1,,
NEC-2237,875,2,276,156,316,120,1,,
NEC-2237,Forest Hills-01,2,245,125,275,120,1,,
NEC-2237,Forest Hills-02,2,245,125,275,120,1,,
NEC-2237,NEC-2237-03,2,287,167,216,120,1,,
NEC-2237,NEC-2237-05,2,287,167,216,120,1,,
NEC-2237-03,10642,2,274,154,259,120,1,,
NEC-2237-03,70001,2,245,125,275,120,1,,
NEC-2237-03,875,2,276,156,316,120,1,,
NEC-2237-03,Forest Hills-01,2,245,125,275,120,1,,
NEC-2237-03,Forest Hills-02,2,245,125,275,120,1,,
NEC-2237-03,NEC-2237,2,287,167,216,120,1,,
NEC-2237-03,NEC-2237-05,2,287,167,216,120,1,,
NEC-2237-05,10642,2,274,154,259,120,1,,
NEC-2237-05,70001,2,245,125,275,120,1,,
NEC-2237-05,875,2,276,156,316,120,1,,
NEC-2237-05,Forest Hills-01,2,245,125,275,120,1,,
NEC-2237-05,Forest Hills-02,2,245,125,275,120,1,,
NEC-2237-05,NEC-2237,2,287,167,216,120,1,,
NEC-2237-05,NEC-2237-03,2,287,167,216,120,1,,
NEC-2265,17861,2,145,25,32,120,1,,
NEC-2265,17862,2,150,30,99,120,1,,
NEC-2265,17863,2,162,42,114,120,1,,
NEC-2265,70010,2,172,52,141,120,1,,
NEC-2265,70011,2,172,52,141,120,1,,
NEC-2265,NEC-2265-01,2,168,48,112,120,1,,
NEC-2265,NEC-2265-02,2,267,147,250,120,1,,
NEC-2265,NEC-2265-03,2,168,48,112,120,1,,
NEC-2265-01,17861,2,173,53,118,120,1,,
NEC-2265-01,17862,2,152,32,152,120,1,,
NEC-2265-01,17863,2,164,44,167,120,1,,
NEC-2265-01,70010,2,180,60,200,120,1,,
NEC-2265-01,70011,2,180,60,200,120,1,,
NEC-2265-01,NEC-2265,2,168,48,112,120,1,,
NEC-2265-01,NEC-2265-02,2,270,150,304,120,1,,
NEC-2265-01,NEC-2265-03,2,133,13,17,120,1,,
NEC-2265-02,17861,2,278,158,265,120,1,,
NEC-2265-02,17862,2,252,132,171,120,1,,
NEC-2265-02,17863,2,264,144,186,120,1,,
NEC-2265-02,70010,2,294,174,359,120,1,,
NEC-2265-02,70011,2,294,174,359,120,1,,
NEC-2265-02,NEC-2265,2,269,149,252,120,1,,
NEC-2265-02,NEC-2265-01,2,271,151,306,120,1,,
NEC-2265-02,NEC-2265-03,2,271,151,306,120,1,,
NEC-2265-03,17861,2,173,53,118,120,1,,
NEC-2265-03,17862,2,152,32,152,120,1,,
NEC-2265-03,17863,2,164,44,167,120,1,,
NEC-2265-03,70010,2,180,60,200,120,1,,
NEC-2265-03,70011,2,180,60,200,120,1,,
NEC-2265-03,NEC-2265,2,168,48,112,120,1,,
NEC-2265-03,NEC-2265-01,2,133,13,17,120,1,,
NEC-2265-03,NEC-2265-02,2,270,150,304,120,1,,
NEC-2276,11384,2,158,38,49,120,1,,
NEC-2276,176,2,179,59,76,120,1,,
NEC-2276,23391,2,183,63,82,120,1,,
NEC-2276,70014,2,185,65,117,120,1,,
NEC-2276,70015,2,185,65,117,120,1,,
NEC-2276,NEC-2276-01,2,179,59,128,120,1,,
NEC-2276,NEC-2276-02,2,180,60,154,120,1,,
NEC-2276,NEC-2276-03,2,179,59,128,120,1,,
NEC-2276,WML-0012-05,2,272,152,244,120,1,,
NEC-2276,WML-0012-07,2,272,152,244,120,1,,
NEC-2276-01,11384,2,215,95,175,120,1,,
NEC-2276-01,176,2,250,130,221,120,1,,
NEC-2276-01,23391,2,188,68,140,120,1,,
NEC-2276-01,70014,2,233,113,232,120,1,,
NEC-2276-01,70015,2,233,113,232,120,1,,
NEC-2276-01,NEC-2276,2,203,83,160,120,1,,
NEC-2276-01,NEC-2276-02,2,228,108,268,120,1,,
NEC-2276-01,NEC-2276-03,2,151,31,41,120,1,,
NEC-2276-01,WML-0012-05,2,320,200,359,120,1,,
NEC-2276-01,WML-0012-07,2,320,200,359,120,1,,
NEC-2276-02,11384,2,250,130,244,120,1,,
NEC-2276-02,176,2,272,152,272,120,1,,
NEC-2276-02,23391,2,262,142,260,120,1,,
NEC-2276-02,70014,2,269,149,302,120,1,,
NEC-2276-02,70015,2,269,149,302,120,1,,
NEC-2276-02,NEC-2276,2,240,120,231,120,1,,
NEC-2276-02,NEC-2276-01,2,264,144,314,120,1,,
NEC-2276-02,NEC-2276-03,2,264,144,314,120,1,,
NEC-2276-02,WML-0012-05,2,357,237,430,120,1,,
NEC-2276-02,WML-0012-07,2,357,237,430,120,1,,
NEC-2276-03,11384,2,215,95,175,120,1,,
NEC-2276-03,176,2,250,130,221,120,1,,
NEC-2276-03,23391,2,188,68,140,120,1,,
NEC-2276-03,70014,2,233,113,232,120,1,,
NEC-2276-03,70015,2,233,113,232,120,1,,
NEC-2276-03,NEC-2276,2,203,83,160,120,1,,
NEC-2276-03,NEC-2276-01,2,151,31,41,120,1,,
NEC-2276-03,NEC-2276-02,2,228,108,268,120,1,,
NEC-2276-03,WML-0012-05,2,320,200,359,120,1,,
NEC-2276-03,WML-0012-07,2,320,200,359,120,1,,
NEC-2287,70079,2,298,178,342,120,1,,
NEC-2287,70080,2,323,203,434,120,1,,
NEC-2287,74611,2,286,166,329,120,1,,
NEC-2287,74617,2,289,169,333,120,1,,
NEC-2287,NEC-2287-01,2,275,155,200,120,1,,
NEC-2287,NEC-2287-02,2,275,155,200,120,1,,
NEC-2287,NEC-2287-03,2,275,155,200,120,1,,
NEC-2287,NEC-2287-04,2,280,160,207,120,1,,
NEC-2287,NEC-2287-05,2,280,160,207,120,1,,
NEC-2287,NEC-2287-06,2,288,168,218,120,1,,
NEC-2287,NEC-2287-07,2,288,168,218,120,1,,
NEC-2287,NEC-2287-08,2,285,165,214,120,1,,
NEC-2287,NEC-2287-09,2,285,165,214,120,1,,
NEC-2287,NEC-2287-10,2,271,151,196,120,1,,
NEC-2287,NEC-2287-11,2,305,185,239,120,1,,
NEC-2287,NEC-2287-12,2,299,179,231,120,1,,
NEC-2287,NEC-2287-13,2,289,169,218,120,1,,
NEC-2287-01,70079,2,313,193,361,120,1,,
NEC-2287-01,70080,2,338,218,453,120,1,,
NEC-2287-01,74611,2,301,181,348,120,1,,
NEC-2287-01,74617,2,304,184,352,120,1,,
NEC-2287-01,NEC-2287,2,275,155,200,120,1,,
NEC-2287-01,NEC-2287-02,2,223,103,133,120,1,,
NEC-2287-01,NEC-2287-03,2,223,103,133,120,1,,
NEC-2287-01,NEC-2287-04,2,236,116,150,120,1,,
NEC-2287-01,NEC-2287-05,2,236,116,150,120,1,,
NEC-2287-01,NEC-2287-06,2,248,128,165,120,1,,
NEC-2287-01,NEC-2287-07,2,248,128,165,120,1,,
NEC-2287-01,NEC-2287-08,2,260,140,182,120,1,,
NEC-2287-01,NEC-2287-09,2,260,140,182,120,1,,
NEC-2287-01,NEC-2287-10,2,274,154,199,120,1,,
NEC-2287-01,NEC-2287-11,2,304,184,238,120,1,,
NEC-2287-01,NEC-2287-12,2,310,190,245,120,1,,
NEC-2287-01,NEC-2287-13,2,320,200,258,120,1,,
NEC-2287-02,70079,2,299,179,342,120,1,,
NEC-2287-02,70080,2,323,203,434,120,1,,
NEC-2287-02,74611,2,286,166,329,120,1,,
NEC-2287-02,74617,2,289,169,333,120,1,,
NEC-2287-02,NEC-2287,2,275,155,200,120,1,,
NEC-2287-02,NEC-2287-01,2,223,103,133,120,1,,
NEC-2287-02,NEC-2287-03,2,127,7,8,120,1,,
NEC-2287-02,NEC-2287-04,2,227,107,138,120,1,,
NEC-2287-02,NEC-2287-05,2,227,107,138,120,1,,
NEC-2287-02,NEC-2287-06,2,239,119,154,120,1,,
NEC-2287-02,NEC-2287-07,2,239,119,154,120,1,,
NEC-2287-02,NEC-2287-08,2,253,133,172,120,1,,
NEC-2287-02,NEC-2287-09,2,253,133,172,120,1,,
NEC-2287-02,NEC-2287-10,2,262,142,183,120,1,,
NEC-2287-02,NEC-2287-11,2,294,174,225,120,1,,
NEC-2287-02,NEC-2287-12,2,300,180,233,120,1,,
NEC-2287-02,NEC-2287-13,2,308,188,243,120,1,,
NEC-2287-03,70079,2,299,179,342,120,1,,
NEC-2287-03,70080,2,323,203,434,120,1,,
NEC-2287-03,74611,2,286,166,329,120,1,,
NEC-2287-03,74617,2,289,169,333,120,1,,
NEC-2287-03,NEC-2287,2,275,155,200,120,1,,
NEC-2287-03,NEC-2287-01,2,223,103,133,120,1,,
NEC-2287-03,NEC-2287-02,2,127,7,8,120,1,,
NEC-2287-03,NEC-2287-04,2,227,107,138,120,1,,
NEC-2287-03,NEC-2287-05,2,227,107,138,120,1,,
NEC-2287-03,NEC-2287-06,2,239,119,154,120,1,,
NEC-2287-03,NEC-2287-07,2,239,119,154,120,1,,
NEC-2287-03,NEC-2287-08,2,253,133,172,120,1,,
NEC-2287-03,NEC-2287-09,2,253,133,172,120,1,,
NEC-2287-03,NEC-2287-10,2,262,142,183,120,1,,
NEC-2287-03,NEC-2287-11,2,294,174,225,120,1,,
NEC-2287-03,NEC-2287-12,2,300,180,233,120,1,,
NEC-2287-03,NEC-2287-13,2,308,188,243,120,1,,
NEC-2287-04,70079,2,288,168,329,120,1,,
NEC-2287-04,70080,2,313,193,421,120,1,,
NEC-2287-04,74611,2,276,156,316,120,1,,
NEC-2287-04,74617,2,279,159,320,120,1,,
NEC-2287-04,NEC-2287,2,280,160,207,120,1,,
NEC-2287-04,NEC-2287-01,2,236,116,150,120,1,,
NEC-2287-04,NEC-2287-02,2,227,107,138,120,1,,
NEC-2287-04,NEC-2287-03,2,227,107,138,120,1,,
NEC-2287-04,NEC-2287-05,2,127,7,8,120,1,,
NEC-2287-04,NEC-2287-06,2,225,105,136,120,1,,
NEC-2287-04,NEC-2287-07,2,225,105,136,120,1,,
NEC-2287-04,NEC-2287-08,2,241,121,157,120,1,,
NEC-2287-04,NEC-2287-09,2,241,121,157,120,1,,
NEC-2287-04,NEC-2287-10,2,250,130,169,120,1,,
NEC-2287-04,NEC-2287-11,2,281,161,208,120,1,,
NEC-2287-04,NEC-2287-12,2,286,166,215,120,1,,
NEC-2287-04,NEC-2287-13,2,295,175,227,120,1,,
NEC-2287-05,70079,2,288,168,329,120,1,,
NEC-2287-05,70080,2,313,193,421,120,1,,
NEC-2287-05,74611,2,276,156,316,120,1,,
NEC-2287-05,74617,2,279,159,320,120,1,,
NEC-2287-05,NEC-2287,2,280,160,207,120,1,,
NEC-2287-05,NEC-2287-01,2,236,116,150,120,1,,
NEC-2287-05,NEC-2287-02,2,227,107,138,120,1,,
NEC-2287-05,NEC-2287-03,2,227,107,138,120,1,,
NEC-2287-05,NEC-2287-04,2,127,7,8,120,1,,
NEC-2287-05,NEC-2287-06,2,225,105,136,120,1,,
NEC-2287-05,NEC-2287-07,2,225,105,136,120,1,,
NEC-2287-05,NEC-2287-08,2,241,121,157,120,1,,
NEC-2287-05,NEC-2287-09,2,241,121,157,120,1,,
NEC-2287-05,NEC-2287-10,2,250,130,169,120,1,,
NEC-2287-05,NEC-2287-11,2,281,161,208,120,1,,
NEC-2287-05,NEC-2287-12,2,286,166,215,120,1,,
NEC-2287-05,NEC-2287-13,2,295,175,227,120,1,,
NEC-2287-06,70079,2,284,164,324,120,1,,
NEC-2287-06,70080,2,309,189,416,120,1,,
NEC-2287-06,74611,2,272,152,311,120,1,,
NEC-2287-06,74617,2,275,155,315,120,1,,
NEC-2287-06,NEC-2287,2,288,168,218,120,1,,
NEC-2287-06,NEC-2287-01,2,248,128,165,120,1,,
NEC-2287-06,NEC-2287-02,2,239,119,154,120,1,,
NEC-2287-06,NEC-2287-03,2,239,119,154,120,1,,
NEC-2287-06,NEC-2287-04,2,225,105,136,120,1,,
NEC-2287-06,NEC-2287-05,2,225,105,136,120,1,,
NEC-2287-06,NEC-2287-07,2,127,7,8,120,1,,
NEC-2287-06,NEC-2287-08,2,229,109,141,120,1,,
NEC-2287-06,NEC-2287-09,2,229,109,141,120,1,,
NEC-2287-06,NEC-2287-10,2,237,117,152,120,1,,
NEC-2287-06,NEC-2287-11,2,269,149,193,120,1,,
NEC-2287-06,NEC-2287-12,2,275,155,200,120,1,,
NEC-2287-06,NEC-2287-13,2,283,163,210,120,1,,
NEC-2287-07,70079,2,284,164,324,120,1,,
NEC-2287-07,70080,2,309,189,416,120,1,,
NEC-2287-07,74611,2,272,152,311,120,1,,
NEC-2287-07,74617,2,275,155,315,120,1,,
NEC-2287-07,NEC-2287,2,288,168,218,120,1,,
NEC-2287-07,NEC-2287-01,2,248,128,165,120,1,,
NEC-2287-07,NEC-2287-02,2,239,119,154,120,1,,
NEC-2287-07,NEC-2287-03,2,239,119,154,120,1,,
NEC-2287-07,NEC-2287-04,2,225,105,136,120,1,,
NEC-2287-07,NEC-2287-05,2,225,105,136,120,1,,
NEC-2287-07,NEC-2287-06,2,127,7,8,120,1,,
NEC-2287-07,NEC-2287-08,2,229,109,141,120,1,,
NEC-2287-07,NEC-2287-09,2,229,109,141,120,1,,
NEC-2287-07,NEC-2287-10,2,237,117,152,120,1,,
NEC-2287-07,NEC-2287-11,2,269,149,193,120,1,,
NEC-2287-07,NEC-2287-12,2,275,155,200,120,1,,
NEC-2287-07,NEC-2287-13,2,283,163,210,120,1,,
NEC-2287-08,70079,2,281,161,320,120,1,,
NEC-2287-08,70080,2,306,186,412,120,1,,
NEC-2287-08,74611,2,269,149,307,120,1,,
NEC-2287-08,74617,2,272,152,311,120,1,,
NEC-2287-08,NEC-2287,2,285,165,214,120,1,,
NEC-2287-08,NEC-2287-01,2,260,140,182,120,1,,
NEC-2287-08,NEC-2287-02,2,253,133,172,120,1,,
NEC-2287-08,NEC-2287-03,2,253,133,172,120,1,,
NEC-2287-08,NEC-2287-04,2,241,121,157,120,1,,
NEC-2287-08,NEC-2287-05,2,241,121,157,120,1,,
NEC-2287-08,NEC-2287-06,2,229,109,141,120,1,,
NEC-2287-08,NEC-2287-07,2,229,109,141,120,1,,
NEC-2287-08,NEC-2287-09,2,127,7,8,120,1,,
NEC-2287-08,NEC-2287-10,2,224,104,135,120,1,,
NEC-2287-08,NEC-2287-11,2,256,136,176,120,1,,
NEC-2287-08,NEC-2287-12,2,262,142,183,120,1,,
NEC-2287-08,NEC-2287-13,2,270,150,194,120,1,,
NEC-2287-09,70079,2,281,161,320,120,1,,
NEC-2287-09,70080,2,306,186,412,120,1,,
NEC-2287-09,74611,2,269,149,307,120,1,,
NEC-2287-09,74617,2,272,152,311,120,1,,
NEC-2287-09,NEC-2287,2,285,165,214,120,1,,
NEC-2287-09,NEC-2287-01,2,260,140,182,120,1,,
NEC-2287-09,NEC-2287-02,2,253,133,172,120,1,,
NEC-2287-09,NEC-2287-03,2,253,133,172,120,1,,
NEC-2287-09,NEC-2287-04,2,241,121,157,120,1,,
NEC-2287-09,NEC-2287-05,2,241,121,157,120,1,,
NEC-2287-09,NEC-2287-06,2,229,109,141,120,1,,
NEC-2287-09,NEC-2287-07,2,229,109,141,120,1,,
NEC-2287-09,NEC-2287-08,2,127,7,8,120,1,,
NEC-2287-09,NEC-2287-10,2,224,104,135,120,1,,
NEC-2287-09,NEC-2287-11,2,256,136,176,120,1,,
NEC-2287-09,NEC-2287-12,2,262,142,183,120,1,,
NEC-2287-09,NEC-2287-13,2,270,150,194,120,1,,
NEC-2287-10,70079,2,282,162,321,120,1,,
NEC-2287-10,70080,2,307,187,413,120,1,,
NEC-2287-10,74611,2,270,150,308,120,1,,
NEC-2287-10,74617,2,273,153,312,120,1,,
NEC-2287-10,NEC-2287,2,270,150,195,120,1,,
NEC-2287-10,NEC-2287-01,2,274,154,199,120,1,,
NEC-2287-10,NEC-2287-02,2,262,142,183,120,1,,
NEC-2287-10,NEC-2287-03,2,262,142,183,120,1,,
NEC-2287-10,NEC-2287-04,2,250,130,169,120,1,,
NEC-2287-10,NEC-2287-05,2,250,130,169,120,1,,
NEC-2287-10,NEC-2287-06,2,237,117,152,120,1,,
NEC-2287-10,NEC-2287-07,2,237,117,152,120,1,,
NEC-2287-10,NEC-2287-08,2,224,104,135,120,1,,
NEC-2287-10,NEC-2287-09,2,224,104,135,120,1,,
NEC-2287-10,NEC-2287-11,2,158,38,50,120,1,,
NEC-2287-10,NEC-2287-12,2,174,54,70,120,1,,
NEC-2287-10,NEC-2287-13,2,178,58,75,120,1,,
NEC-2287-11,70079,2,317,197,366,120,1,,
NEC-2287-11,70080,2,342,222,458,120,1,,
NEC-2287-11,74611,2,305,185,353,120,1,,
NEC-2287-11,74617,2,308,188,357,120,1,,
NEC-2287-11,NEC-2287,2,304,184,238,120,1,,
NEC-2287-11,NEC-2287-01,2,304,184,238,120,1,,
NEC-2287-11,NEC-2287-02,2,294,174,225,120,1,,
NEC-2287-11,NEC-2287-03,2,294,174,225,120,1,,
NEC-2287-11,NEC-2287-04,2,281,161,208,120,1,,
NEC-2287-11,NEC-2287-05,2,281,161,208,120,1,,
NEC-2287-11,NEC-2287-06,2,269,149,193,120,1,,
NEC-2287-11,NEC-2287-07,2,269,149,193,120,1,,
NEC-2287-11,NEC-2287-08,2,256,136,176,120,1,,
NEC-2287-11,NEC-2287-09,2,256,136,176,120,1,,
NEC-2287-11,NEC-2287-10,2,158,38,50,120,1,,
NEC-2287-11,NEC-2287-12,2,208,88,114,120,1,,
NEC-2287-11,NEC-2287-13,2,213,93,121,120,1,,
NEC-2287-12,70079,2,322,202,372,120,1,,
NEC-2287-12,70080,2,346,226,464,120,1,,
NEC-2287-12,74611,2,309,189,359,120,1,,
NEC-2287-12,74617,2,312,192,363,120,1,,
NEC-2287-12,NEC-2287,2,298,178,230,120,1,,
NEC-2287-12,NEC-2287-01,2,310,190,245,120,1,,
NEC-2287-12,NEC-2287-02,2,300,180,233,120,1,,
NEC-2287-12,NEC-2287-03,2,300,180,233,120,1,,
NEC-2287-12,NEC-2287-04,2,286,166,215,120,1,,
NEC-2287-12,NEC-2287-05,2,286,166,215,120,1,,
NEC-2287-12,NEC-2287-06,2,275,155,200,120,1,,
NEC-2287-12,NEC-2287-07,2,275,155,200,120,1,,
NEC-2287-12,NEC-2287-08,2,262,142,183,120,1,,
NEC-2287-12,NEC-2287-09,2,262,142,183,120,1,,
NEC-2287-12,NEC-2287-10,2,174,54,70,120,1,,
NEC-2287-12,NEC-2287-11,2,208,88,114,120,1,,
NEC-2287-12,NEC-2287-13,2,208,88,114,120,1,,
NEC-2287-13,70079,2,340,220,396,120,1,,
NEC-2287-13,70080,2,365,245,488,120,1,,
NEC-2287-13,74611,2,328,208,383,120,1,,
NEC-2287-13,74617,2,331,211,387,120,1,,
NEC-2287-13,NEC-2287,2,288,168,217,120,1,,
NEC-2287-13,NEC-2287-01,2,320,200,258,120,1,,
NEC-2287-13,NEC-2287-02,2,308,188,243,120,1,,
NEC-2287-13,NEC-2287-03,2,308,188,243,120,1,,
NEC-2287-13,NEC-2287-04,2,295,175,227,120,1,,
NEC-2287-13,NEC-2287-05,2,295,175,227,120,1,,
NEC-2287-13,NEC-2287-06,2,283,163,210,120,1,,
NEC-2287-13,NEC-2287-07,2,283,163,210,120,1,,
NEC-2287-13,NEC-2287-08,2,270,150,194,120,1,,
NEC-2287-13,NEC-2287-09,2,270,150,194,120,1,,
NEC-2287-13,NEC-2287-10,2,178,58,75,120,1,,
NEC-2287-13,NEC-2287-11,2,213,93,121,120,1,,
NEC-2287-13,NEC-2287-12,2,208,88,114,120,1,,
Oak Grove-01,70036,2,65,5,6,60,1,,
Oak Grove-01,9328,2,233,113,234,120,1,,
Oak Grove-01,Oak Grove-02,2,65,5,6,60,1,,
Oak Grove-01,WR-0053-S,2,350,110,230,240,1,,
Oak Grove-02,70036,2,65,5,6,60,1,,
Oak Grove-02,9328,2,233,113,234,120,1,,
Oak Grove-02,Oak Grove-01,2,65,5,6,60,1,,
Oak Grove-02,WR-0053-S,2,350,110,230,240,1,,
Union Square-01,70503,2,244,124,161,120,1,,
Union Square-01,70504,2,244,124,161,120,1,,
Union Square-01,Union Square-02,2,244,124,161,120,1,,
Union Square-02,70503,2,244,124,161,120,1,,
Union Square-02,70504,2,244,124,161,120,1,,
Union Square-02,Union Square-01,2,244,124,161,120,1,,
WML-0012-05,11384,2,263,143,233,120,1,,
WML-0012-05,176,2,306,186,289,120,1,,
WML-0012-05,23391,2,301,181,282,120,1,,
WML-0012-05,70014,2,301,181,315,120,1,,
WML-0012-05,70015,2,301,181,315,120,1,,
WML-0012-05,NEC-2276,2,272,152,244,120,1,,
WML-0012-05,NEC-2276-01,2,296,176,328,120,1,,
WML-0012-05,NEC-2276-02,2,297,177,353,120,1,,
WML-0012-05,NEC-2276-03,2,296,176,328,120,1,,
WML-0012-05,WML-0012-07,2,165,45,58,120,1,,
WML-0012-07,11384,2,263,143,233,120,1,,
WML-0012-07,176,2,306,186,289,120,1,,
WML-0012-07,23391,2,301,181,282,120,1,,
WML-0012-07,70014,2,301,181,315,120,1,,
WML-0012-07,70015,2,301,181,315,120,1,,
WML-0012-07,NEC-2276,2,272,152,244,120,1,,
WML-0012-07,NEC-2276-01,2,296,176,328,120,1,,
WML-0012-07,NEC-2276-02,2,297,177,353,120,1,,
WML-0012-07,NEC-2276-03,2,296,176,328,120,1,,
WML-0012-07,WML-0012-05,2,165,45,58,120,1,,
WR-0045-S,5072,2,189,69,146,120,1,,
WR-0045-S,5327,2,201,81,161,120,1,,
WR-0045-S,53270,2,192,72,149,120,1,,
WR-0045-S,70034,2,182,62,181,120,1,,
WR-0045-S,70035,2,182,62,181,120,1,,
WR-0053-S,70036,2,240,120,240,120,1,,
WR-0053-S,9328,2,216,96,216,120,1,,
WR-0053-S,Oak Grove-01,2,240,120,240,120,1,,
WR-0053-S,Oak Grove-02,2,240,120,240,120,1,,
70018,70019,3,,,,,,,
70019,70018,3,,,,,,,
70059,70060,3,,,,,,,
70060,70059,3,,,,,,,
70069,70070,3,,,,,,,
70070,70069,3,,,,,,,
70071,70072,3,,,,,,,
70072,70071,3,,,,,,,
70093,70094,3,,,,,,,
70154,70155,3,,,,,,,
70155,70154,3,,,,,,,
70158,70159,3,,,,,,,
70159,70158,3,,,,,,,
70241,70242,3,,,,,,,
70242,70241,3,,,,,,,
10000,10000,4,,,,,,66652479,66652172
10000,10000,4,,,,,,66652491,66652176
10000,10000,4,,,,,,66652494,66652177
10000,10000,4,,,,,,66652504,66652174
10000,10000,4,,,,,,66652669,66652667
10000,10000,4,,,,,,66652677,66652671
10000,10000,4,,,,,,66652676,66652661
10000,10000,4,,,,,,66652674,66652662
10000,10000,4,,,,,,66652664,66652660
10000,10000,4,,,,,,66652666,66652668
10000,10000,4,,,,,,66652673,66652665
10000,10000,4,,,,,,66652675,66652659
10000,10000,4,,,,,,66652670,66652663
10000,10000,4,,,,,,66652679,66652724
10000,10000,4,,,,,,66652723,66652719
10000,10000,4,,,,,,66652722,66652721
10000,10000,4,,,,,,66652717,66652775
10000,10000,4,,,,,,66652770,66652776
10000,10000,4,,,,,,66652773,66652768
10000,10000,4,,,,,,66652778,66652771
10000,10000,4,,,,,,66652774,66652872
10000,10000,4,,,,,,66652871,66652867
10000,10000,4,,,,,,66652410,66652167
10000,10000,4,,,,,,66652430,66652173
10000,10000,4,,,,,,66652446,66652168
10000,10000,4,,,,,,66652448,66652170
10000,10000,4,,,,,,66652460,66652165
10000,10000,4,,,,,,66652476,66652171
10000,10000,4,,,,,,64464627,64464625
10000,10000,4,,,,,,64464635,64464629
10000,10000,4,,,,,,64464634,64464618
10000,10000,4,,,,,,64464631,64464619
10000,10000,4,,,,,,64464621,64464620
10000,10000,4,,,,,,64464624,64464626
10000,10000,4,,,,,,64464630,64464622
10000,10000,4,,,,,,64464632,64464617
10000,10000,4,,,,,,64464628,64464623
10000,10000,4,,,,,,64464636,64464684
10000,10000,4,,,,,,64464683,64464682
10000,10000,4,,,,,,64464681,64464680
10000,10000,4,,,,,,64464677,64464736
10000,10000,4,,,,,,64464731,64464737
10000,10000,4,,,,,,64464734,64464729
10000,10000,4,,,,,,64464739,64464732
10000,10000,4,,,,,,64464735,64464834
10000,10000,4,,,,,,64464833,64464827
10000,10000,4,,,,,,64464354,64464099
10000,10000,4,,,,,,64464372,64464102
10000,10000,4,,,,,,64464387,64464096
10000,10000,4,,,,,,64464394,64464098
10000,10000,4,,,,,,64464404,64464094
10000,10000,4,,,,,,64464422,64464100
10000,10000,4,,,,,,64464429,64464101
10000,10000,4,,,,,,64464440,64464105
10000,10000,4,,,,,,64464443,64464106
10000,10000,4,,,,,,64464456,64464103
10000,10000,4,,,,,,64386318,64386319
10000,10000,4,,,,,,64386320,64386321
10000,10000,4,,,,,,64386546,64386540
10000,10000,4,,,,,,64386554,64386556
10000,10000,4,,,,,,64386544,64386552
10000,10000,4,,,,,,64386558,64386557
10000,10000,4,,,,,,64386547,64386543
10000,10000,4,,,,,,64386539,64386542
10000,10000,4,,,,,,64386549,64386538
10000,10000,4,,,,,,64386537,64386548
10000,10000,4,,,,,,64386555,64386541
10000,10000,4,,,,,,64386551,64386545
10000,10000,4,,,,,,64386553,64386536
10000,10000,4,,,,,,64386322,64386317
10000,10000,4,,,,,,64386323,64386324
10000,10000,4,,,,,,64386327,64386329
10000,10000,4,,,,,,64386326,64386325
10000,10000,4,,,,,,64387554,64387555
10000,10000,4,,,,,,64386328,64386331
10000,10000,4,,,,,,64386332,64386333
10000,10000,4,,,,,,64386330,64386334
10000,10000,4,,,,,,64386335,64386336
10000,10000,4,,,,,,64386337,64386338
10000,10000,4,,,,,,64386339,64386340
10000,10000,4,,,,,,64386315,64386316
10000,10000,4,,,,,,64386423,64386427
10000,10000,4,,,,,,64386428,64386425
10000,10000,4,,,,,,64386424,64386417
10000,10000,4,,,,,,64386430,64386422
10000,10000,4,,,,,,64386429,64386419
10000,10000,4,,,,,,64386426,64386421
10000,10000,4,,,,,,64394144,64394145
10000,10000,4,,,,,,64394147,64394148
10000,10000,4,,,,,,64394149,64394146
10000,10000,4,,,,,,64394152,64394153
10000,10000,4,,,,,,64394150,64394155
10000,10000,4,,,,,,64394156,64394151
10000,10000,4,,,,,,64394184,64394181
10000,10000,4,,,,,,64394185,64394188
10000,10000,4,,,,,,64394154,64394157
10000,10000,4,,,,,,64394189,64394158
10000,10000,4,,,,,,64394186,64394190
10000,10000,4,,,,,,64394191,64394192
10000,10000,4,,,,,,64394159,64394187
10000,10000,4,,,,,,64394165,64394199
10000,10000,4,,,,,,64394167,64394201
10000,10000,4,,,,,,64394164,64394203
10000,10000,4,,,,,,64394202,64394166
10000,10000,4,,,,,,64394168,64394200
10000,10000,4,,,,,,64394193,64394194
10000,10000,4,,,,,,64394160,64394161
10000,10000,4,,,,,,64394195,64394196
10000,10000,4,,,,,,64394162,64394163
10000,10000,4,,,,,,64394197,64394198
10000,10000,4,,,,,,64394169,64394204
10000,10000,4,,,,,,64394170,64394171
10000,10000,4,,,,,,64394205,64394206
10000,10000,4,,,,,,64394172,64394173
10000,10000,4,,,,,,64394175,64394176
10000,10000,4,,,,,,64394177,64394178
10000,10000,4,,,,,,64394179,64394180
10000,10000,4,,,,,,64394182,64394183
10000,10000,4,,,,,,66722207,66722208
10000,10000,4,,,,,,66722210,66722211
10000,10000,4,,,,,,66722212,66722209
10000,10000,4,,,,,,66722215,66722216
10000,10000,4,,,,,,66722213,66722218
10000,10000,4,,,,,,66722219,66722214
10000,10000,4,,,,,,66722247,66722244
10000,10000,4,,,,,,66722248,66722251
10000,10000,4,,,,,,66722217,66722220
10000,10000,4,,,,,,66722252,66722221
10000,10000,4,,,,,,66722249,66722253
10000,10000,4,,,,,,66722254,66722255
10000,10000,4,,,,,,66722228,66722262
10000,10000,4,,,,,,66722230,66722264
10000,10000,4,,,,,,66722227,66722266
10000,10000,4,,,,,,66722265,66722229
10000,10000,4,,,,,,66722231,66722263
10000,10000,4,,,,,,66722232,66722267
10000,10000,4,,,,,,66722233,66722234
10000,10000,4,,,,,,66722268,66722269
10000,10000,4,,,,,,66722235,66722236
10000,10000,4,,,,,,66722238,66722239
10000,10000,4,,,,,,66722240,66722241
10000,10000,4,,,,,,66722242,66722243
10000,10000,4,,,,,,66722245,66722246
10000,10000,4,,,,,,66722223,66722250
10000,10000,4,,,,,,66722256,66722257
10000,10000,4,,,,,,66722224,66722225
10000,10000,4,,,,,,66722259,66722260
10000,10000,4,,,,,,66722222,66722226
10000,10000,4,,,,,,66722261,66722258
10000,10000,4,,,,,,66885766,66885767
10000,10000,4,,,,,,66885874,66885878
10000,10000,4,,,,,,66885879,66885876
10000,10000,4,,,,,,66885875,66885868
10000,10000,4,,,,,,66885881,66885873
10000,10000,4,,,,,,66885880,66885870
10000,10000,4,,,,,,66885877,66885872
10000,10000,4,,,,,,66885769,66885770
10000,10000,4,,,,,,66885771,66885772
10000,10000,4,,,,,,66885997,66885991
10000,10000,4,,,,,,66886005,66886007
10000,10000,4,,,,,,66885995,66886003
10000,10000,4,,,,,,66886009,66886008
10000,10000,4,,,,,,66885999,66885994
10000,10000,4,,,,,,66886006,66885992
10000,10000,4,,,,,,66886002,66885996
10000,10000,4,,,,,,66886004,66885987
10000,10000,4,,,,,,66885773,66885768
10000,10000,4,,,,,,66885774,66885775
10000,10000,4,,,,,,66885778,66885780
10000,10000,4,,,,,,66885777,66885776
10000,10000,4,,,,,,66886929,66886930
10000,10000,4,,,,,,66885990,66885993
10000,10000,4,,,,,,66886001,66885989
10000,10000,4,,,,,,66885988,66886000
10000,10000,4,,,,,,66885779,66885782
10000,10000,4,,,,,,66885784,66885785
10000,10000,4,,,,,,66885781,66885786
10000,10000,4,,,,,,66885783,66885787
10000,10000,4,,,,,,66885788,66885789
10000,10000,4,,,,,,66885790,66885791
10000,10000,4,,,,,,67005211,67005209
10000,10000,4,,,,,,67005219,67005214
10000,10000,4,,,,,,67005218,67005205
10000,10000,4,,,,,,67005216,67005206
10000,10000,4,,,,,,67004993,67004716
10000,10000,4,,,,,,67005005,67004711
10000,10000,4,,,,,,67005021,67004717
10000,10000,4,,,,,,67005024,67004719
10000,10000,4,,,,,,67005203,67005204
10000,10000,4,,,,,,67005208,67005210
10000,10000,4,,,,,,67005212,67005207
10000,10000,4,,,,,,67005217,67005201
10000,10000,4,,,,,,67005213,67005202
10000,10000,4,,,,,,67005221,67005266
10000,10000,4,,,,,,67005265,67005261
10000,10000,4,,,,,,67005264,67005263
10000,10000,4,,,,,,67005259,67005316
10000,10000,4,,,,,,67005311,67005317
10000,10000,4,,,,,,67005314,67005309
10000,10000,4,,,,,,67005319,67005312
10000,10000,4,,,,,,67005315,67005409
10000,10000,4,,,,,,67005408,67005405
10000,10000,4,,,,,,67004955,67004713
10000,10000,4,,,,,,67004975,67004720
10000,10000,4,,,,,,67004991,67004714
10000,10000,4,,,,,,67005036,67004722
10000,10000,4,,,,,,67005039,67004723
10000,10000,4,,,,,,67005049,67004721
10000,10000,4,,,,,,66622566,66622570
10000,10000,4,,,,,,66622571,66622568
10000,10000,4,,,,,,66622553,66622554
10000,10000,4,,,,,,66622661,66622665
10000,10000,4,,,,,,66622666,66622663
10000,10000,4,,,,,,66622662,66622656
10000,10000,4,,,,,,66622668,66622660
10000,10000,4,,,,,,66622667,66622654
10000,10000,4,,,,,,66622664,66622659
10000,10000,4,,,,,,66622556,66622557
10000,10000,4,,,,,,66622558,66622559
10000,10000,4,,,,,,66622785,66622778
10000,10000,4,,,,,,66622792,66622794
10000,10000,4,,,,,,66622783,66622790
10000,10000,4,,,,,,66622796,66622795
10000,10000,4,,,,,,66622782,66622781
10000,10000,4,,,,,,66622777,66622780
10000,10000,4,,,,,,66622787,66622776
10000,10000,4,,,,,,66622775,66622786
10000,10000,4,,,,,,66622793,66622779
10000,10000,4,,,,,,66622789,66622784
10000,10000,4,,,,,,66622791,66622774
10000,10000,4,,,,,,66622560,66622555
10000,10000,4,,,,,,66622561,66622562
10000,10000,4,,,,,,66622565,66622567
10000,10000,4,,,,,,66622564,66622563
10000,10000,4,,,,,,66623792,66623793
10000,10000,4,,,,,,66622569,66622572
10000,10000,4,,,,,,66622573,66622574
10000,10000,4,,,,,,66622575,66622576
10000,10000,4,,,,,,66622578,66622579
10000,10000,4,,,,,,66626908,66626909
10000,10000,4,,,,,,66626911,66626912
10000,10000,4,,,,,,66626913,66626910
10000,10000,4,,,,,,66626916,66626917
10000,10000,4,,,,,,66626914,66626919
10000,10000,4,,,,,,66626920,66626915
10000,10000,4,,,,,,66626948,66626945
10000,10000,4,,,,,,66626949,66626952
10000,10000,4,,,,,,66626918,66626921
10000,10000,4,,,,,,66626923,66626927
10000,10000,4,,,,,,66626962,66626959
10000,10000,4,,,,,,66626929,66626963
10000,10000,4,,,,,,66626931,66626965
10000,10000,4,,,,,,66626928,66626967
10000,10000,4,,,,,,66626966,66626930
10000,10000,4,,,,,,66626932,66626964
10000,10000,4,,,,,,66626933,66626968
10000,10000,4,,,,,,66626934,66626935
10000,10000,4,,,,,,66626969,66626970
10000,10000,4,,,,,,66626936,66626937
10000,10000,4,,,,,,66626939,66626940
10000,10000,4,,,,,,66626941,66626942
10000,10000,4,,,,,,66626943,66626944
10000,10000,4,,,,,,66626946,66626947
10000,10000,4,,,,,,66626953,66626922
10000,10000,4,,,,,,66626950,66626954
10000,10000,4,,,,,,66626955,66626956
10000,10000,4,,,,,,66626924,66626951
10000,10000,4,,,,,,66626957,66626958
10000,10000,4,,,,,,66626925,66626926
10000,10000,4,,,,,,66626960,66626961
10000,10000,4,,,,,,66919603,66919601
10000,10000,4,,,,,,66919611,66919605
10000,10000,4,,,,,,66919610,66919596
10000,10000,4,,,,,,66919608,66919597
10000,10000,4,,,,,,66919464,66919218
10000,10000,4,,,,,,66919476,66919214
10000,10000,4,,,,,,66919492,66919219
10000,10000,4,,,,,,66919495,66919220
10000,10000,4,,,,,,66919598,66919595
10000,10000,4,,,,,,66919600,66919602
10000,10000,4,,,,,,66919607,66919599
10000,10000,4,,,,,,66919609,66919593
10000,10000,4,,,,,,66919604,66919594
10000,10000,4,,,,,,66919613,66919623
10000,10000,4,,,,,,66919622,66919619
10000,10000,4,,,,,,66919621,66919620
10000,10000,4,,,,,,66919618,66919644
10000,10000,4,,,,,,66919640,66919645
10000,10000,4,,,,,,66919642,66919639
10000,10000,4,,,,,,66919647,66919641
10000,10000,4,,,,,,66919643,66919679
10000,10000,4,,,,,,66919678,66919675
10000,10000,4,,,,,,66919427,66919215
10000,10000,4,,,,,,66919446,66919221
10000,10000,4,,,,,,66919462,66919216
10000,10000,4,,,,,,66919507,66919223
10000,10000,4,,,,,,66919510,66919224
10000,10000,4,,,,,,66919520,66919222
10642,10642,4,,,,,,65049915_1,65049915_2
10642,10642,4,,,,,,67251043_1,67251043_2
10642,10642,4,,,,,,65050738_1,65050738_2
10642,10642,4,,,,,,67252079_1,67252079_2
10642,10642,4,,,,,,67251569_1,67251569_2
10642,10642,4,,,,,,65050745_1,65050745_2
10642,10642,4,,,,,,65050791_1,65050791_2
10642,10642,4,,,,,,67251615_1,67251615_2
10642,10642,4,,,,,,65050062_1,65050062_2
10642,10642,4,,,,,,67251190_1,67251190_2
10642,10642,4,,,,,,65050065_1,65050065_2
10642,10642,4,,,,,,67251193_1,67251193_2
10642,10642,4,,,,,,65050072_1,65050072_2
10642,10642,4,,,,,,67251200_1,67251200_2
10642,10642,4,,,,,,67251195_1,67251195_2
10642,10642,4,,,,,,65050067_1,65050067_2
10642,10642,4,,,,,,65050070_1,65050070_2
10642,10642,4,,,,,,67251198_1,67251198_2
109821,109821,4,,,,,,67317183,67317187
109821,109821,4,,,,,,67316699,67316620
109821,109821,4,,,,,,67316700,67316622
109821,109821,4,,,,,,67316701,67316658
109821,109821,4,,,,,,67316745,67316662
109821,109821,4,,,,,,67316722,67316621
109821,109821,4,,,,,,67316721,67316674
109821,109821,4,,,,,,67316726,67316656
109821,109821,4,,,,,,67316728,67316654
109821,109821,4,,,,,,67316744,67316670
109821,109821,4,,,,,,67316668,67316663
109821,109821,4,,,,,,67316758,67316757
109821,109821,4,,,,,,67316759,67316766
109821,109821,4,,,,,,67316755,67316771
109821,109821,4,,,,,,67316756,67316768
109821,109821,4,,,,,,67316760,67316770
109821,109821,4,,,,,,67316703,67316750
109821,109821,4,,,,,,67316702,67316632
109821,109821,4,,,,,,67316712,67316643
109821,109821,4,,,,,,67316714,67316646
109821,109821,4,,,,,,67316761,67316767
109821,109821,4,,,,,,67316762,67316769
109821,109821,4,,,,,,67316763,67316764
109821,109821,4,,,,,,67316765,67316772
109821,109821,4,,,,,,67316720,67316657
109821,109821,4,,,,,,67316683,67316672
109821,109821,4,,,,,,67316725,67316754
109821,109821,4,,,,,,67316753,67316667
109821,109821,4,,,,,,67316741,67316673
109821,109821,4,,,,,,67316731,67316649
109821,109821,4,,,,,,67316733,67316642
109821,109821,4,,,,,,67316734,67316636
109821,109821,4,,,,,,67316736,67316627
109821,109821,4,,,,,,67316737,67316619
109821,109821,4,,,,,,67316493,67316414
109821,109821,4,,,,,,67316494,67316416
109821,109821,4,,,,,,67316495,67316452
109821,109821,4,,,,,,67316539,67316456
109821,109821,4,,,,,,67316517,67316415
109821,109821,4,,,,,,67316516,67316468
109821,109821,4,,,,,,67316520,67316450
109821,109821,4,,,,,,67316522,67316449
109821,109821,4,,,,,,67316538,67316464
109821,109821,4,,,,,,67316462,67316457
109821,109821,4,,,,,,67316553,67316551
109821,109821,4,,,,,,67316554,67316560
109821,109821,4,,,,,,67316549,67316566
109821,109821,4,,,,,,67316550,67316562
109821,109821,4,,,,,,67316555,67316565
109821,109821,4,,,,,,67316498,67316544
109821,109821,4,,,,,,67316497,67316426
109821,109821,4,,,,,,67316506,67316437
109821,109821,4,,,,,,67316508,67316440
109821,109821,4,,,,,,67316552,67316561
109821,109821,4,,,,,,67316556,67316563
109821,109821,4,,,,,,67316557,67316558
109821,109821,4,,,,,,67316559,67316567
109821,109821,4,,,,,,67316515,67316451
109821,109821,4,,,,,,67316477,67316466
109821,109821,4,,,,,,67316519,67316548
109821,109821,4,,,,,,67316547,67316461
109821,109821,4,,,,,,67316535,67316467
109821,109821,4,,,,,,67316525,67316443
109821,109821,4,,,,,,67316527,67316436
109821,109821,4,,,,,,67316528,67316430
109821,109821,4,,,,,,67316530,67316422
109821,109821,4,,,,,,67316532,67316413
109821,109821,4,,,,,,65174959,65174880
109821,109821,4,,,,,,65174960,65174882
109821,109821,4,,,,,,65174961,65174918
109821,109821,4,,,,,,65175005,65174922
109821,109821,4,,,,,,65174982,65174881
109821,109821,4,,,,,,65174981,65174934
109821,109821,4,,,,,,65174986,65174916
109821,109821,4,,,,,,65174988,65174914
109821,109821,4,,,,,,65175004,65174930
109821,109821,4,,,,,,65174928,65174923
109821,109821,4,,,,,,65175018,65175017
109821,109821,4,,,,,,65175019,65175026
109821,109821,4,,,,,,65175015,65175031
109821,109821,4,,,,,,65175016,65175028
109821,109821,4,,,,,,65175020,65175030
109821,109821,4,,,,,,65174963,65175010
109821,109821,4,,,,,,65174962,65174892
109821,109821,4,,,,,,65174972,65174903
109821,109821,4,,,,,,65174974,65174906
109821,109821,4,,,,,,65175021,65175027
109821,109821,4,,,,,,65175022,65175029
109821,109821,4,,,,,,65175023,65175024
109821,109821,4,,,,,,65175025,65175032
109821,109821,4,,,,,,65174980,65174917
109821,109821,4,,,,,,65174943,65174932
109821,109821,4,,,,,,65174985,65175014
109821,109821,4,,,,,,65175013,65174927
109821,109821,4,,,,,,65175001,65174933
109821,109821,4,,,,,,65174991,65174909
109821,109821,4,,,,,,65174993,65174902
109821,109821,4,,,,,,65174994,65174896
109821,109821,4,,,,,,65174996,65174887
109821,109821,4,,,,,,65174997,65174879
109821,109821,4,,,,,,65175156,65175160
109821,109821,4,,,,,,67316896,67316900
109821,109821,4,,,,,,67317598,67317518
109821,109821,4,,,,,,67317599,67317520
109821,109821,4,,,,,,67317600,67317559
109821,109821,4,,,,,,67317644,67317560
109821,109821,4,,,,,,67317619,67317519
109821,109821,4,,,,,,67317622,67317573
109821,109821,4,,,,,,67317625,67317551
109821,109821,4,,,,,,67317623,67317553
109821,109821,4,,,,,,67317643,67317566
109821,109821,4,,,,,,67317565,67317561
109821,109821,4,,,,,,67317655,67317654
109821,109821,4,,,,,,67317656,67317663
109821,109821,4,,,,,,67317653,67317670
109821,109821,4,,,,,,67317657,67317666
109821,109821,4,,,,,,67317658,67317668
109821,109821,4,,,,,,67317597,67317648
109821,109821,4,,,,,,67317603,67317528
109821,109821,4,,,,,,67317607,67317541
109821,109821,4,,,,,,67317612,67317544
109821,109821,4,,,,,,67317659,67317664
109821,109821,4,,,,,,67317660,67317667
109821,109821,4,,,,,,67317661,67317665
109821,109821,4,,,,,,67317662,67317671
109821,109821,4,,,,,,67317618,67317556
109821,109821,4,,,,,,67317581,67317570
109821,109821,4,,,,,,67317624,67317652
109821,109821,4,,,,,,67317651,67317568
109821,109821,4,,,,,,67317638,67317572
109821,109821,4,,,,,,67317629,67317547
109821,109821,4,,,,,,67317630,67317540
109821,109821,4,,,,,,67317632,67317534
109821,109821,4,,,,,,67317635,67317525
109821,109821,4,,,,,,67317636,67317517
109853,109853,4,,,,,,67317364,67317321
109853,109853,4,,,,,,67317332,67317307
109853,109853,4,,,,,,67317345,67317319
109853,109853,4,,,,,,67317333,67317308
109853,109853,4,,,,,,67317346,67317316
109853,109853,4,,,,,,67317335,67317309
109853,109853,4,,,,,,67317347,67317322
109853,109853,4,,,,,,67317336,67317306
109853,109853,4,,,,,,67317348,67317323
109853,109853,4,,,,,,67317337,67317310
109853,109853,4,,,,,,67317349,67317324
109853,109853,4,,,,,,67317334,67317311
109853,109853,4,,,,,,67317350,67317325
109853,109853,4,,,,,,67317338,67317312
109853,109853,4,,,,,,67317351,67317326
109853,109853,4,,,,,,67317339,67317313
109853,109853,4,,,,,,67317353,67317327
109853,109853,4,,,,,,67317340,67317314
109853,109853,4,,,,,,67317354,67317328
109853,109853,4,,,,,,67317341,67317315
109853,109853,4,,,,,,67317356,67317329
109853,109853,4,,,,,,67317342,67317317
109853,109853,4,,,,,,67317357,67317330
109853,109853,4,,,,,,67317343,67317318
109853,109853,4,,,,,,67317355,67317331
109853,109853,4,,,,,,67317344,67317320
109853,109853,4,,,,,,67317358,67317352
109853,109853,4,,,,,,67317359,67317360
109853,109853,4,,,,,,67317119,67317134
109853,109853,4,,,,,,67317181,67317127
109853,109853,4,,,,,,67317131,67317128
109853,109853,4,,,,,,67317112,67317126
109853,109853,4,,,,,,67317090,67317096
109853,109853,4,,,,,,67317107,67317103
109853,109853,4,,,,,,67317109,67317130
109853,109853,4,,,,,,67317180,67317136
109853,109853,4,,,,,,67317179,67317137
109853,109853,4,,,,,,67317175,67317138
109853,109853,4,,,,,,67317178,67317140
109853,109853,4,,,,,,67317177,67317141
109853,109853,4,,,,,,67317176,67317142
109853,109853,4,,,,,,67317174,67317139
109853,109853,4,,,,,,67317113,67317125
109853,109853,4,,,,,,67317105,67317095
109853,109853,4,,,,,,67317114,67317129
109853,109853,4,,,,,,67317089,67317108
109853,109853,4,,,,,,67317086,67317123
109853,109853,4,,,,,,67317088,67317094
109853,109853,4,,,,,,67317115,67317098
109853,109853,4,,,,,,67317173,67317143
109853,109853,4,,,,,,67317172,67317144
109853,109853,4,,,,,,67317171,67317145
109853,109853,4,,,,,,67317170,67317146
109853,109853,4,,,,,,67317169,67317147
109853,109853,4,,,,,,67317165,67317148
109853,109853,4,,,,,,67317168,67317149
109853,109853,4,,,,,,67317167,67317151
109853,109853,4,,,,,,67317133,67317111
109853,109853,4,,,,,,67317085,67317122
109853,109853,4,,,,,,67317124,67317093
109853,109853,4,,,,,,67317110,67317106
109853,109853,4,,,,,,67317132,67317099
109853,109853,4,,,,,,67317087,67317121
109853,109853,4,,,,,,67317166,67317152
109853,109853,4,,,,,,67317164,67317153
109853,109853,4,,,,,,67317160,67317150
109853,109853,4,,,,,,67317163,67317154
109853,109853,4,,,,,,67317162,67317155
109853,109853,4,,,,,,67317161,67317156
109853,109853,4,,,,,,67317159,67317157
109853,109853,4,,,,,,67317158,67317185
109853,109853,4,,,,,,67317117,67317092
109853,109853,4,,,,,,67317116,67317104
109853,109853,4,,,,,,67317118,67317100
109853,109853,4,,,,,,67317102,67317120
109853,109853,4,,,,,,67317101,67317091
109853,109853,4,,,,,,67317182,67317186
109853,109853,4,,,,,,67316665,67316601
109853,109853,4,,,,,,67316693,67316602
109853,109853,4,,,,,,67316695,67316603
109853,109853,4,,,,,,67316696,67316604
109853,109853,4,,,,,,67316697,67316607
109853,109853,4,,,,,,67316694,67316605
109853,109853,4,,,,,,67316698,67316606
109853,109853,4,,,,,,67316680,67316595
109853,109853,4,,,,,,67316681,67316596
109853,109853,4,,,,,,67316682,67316597
109853,109853,4,,,,,,67316684,67316612
109853,109853,4,,,,,,67316685,67316598
109853,109853,4,,,,,,67316686,67316599
109853,109853,4,,,,,,67316617,67316593
109853,109853,4,,,,,,67316748,67316610
109853,109853,4,,,,,,67316677,67316608
109853,109853,4,,,,,,67316678,67316609
109853,109853,4,,,,,,67316679,67316594
109853,109853,4,,,,,,67316687,67316616
109853,109853,4,,,,,,67316688,67316615
109853,109853,4,,,,,,67316689,67316600
109853,109853,4,,,,,,67316690,67316614
109853,109853,4,,,,,,67316691,67316611
109853,109853,4,,,,,,67316676,67316613
109853,109853,4,,,,,,67316459,67316395
109853,109853,4,,,,,,67316487,67316396
109853,109853,4,,,,,,67316489,67316397
109853,109853,4,,,,,,67316490,67316398
109853,109853,4,,,,,,67316491,67316401
109853,109853,4,,,,,,67316488,67316399
109853,109853,4,,,,,,67316492,67316400
109853,109853,4,,,,,,67316474,67316389
109853,109853,4,,,,,,67316475,67316390
109853,109853,4,,,,,,67316476,67316391
109853,109853,4,,,,,,67316478,67316406
109853,109853,4,,,,,,67316479,67316392
109853,109853,4,,,,,,67316480,67316393
109853,109853,4,,,,,,67316411,67316387
109853,109853,4,,,,,,67316542,67316404
109853,109853,4,,,,,,67316472,67316402
109853,109853,4,,,,,,67316469,67316403
109853,109853,4,,,,,,67316473,67316388
109853,109853,4,,,,,,67316481,67316410
109853,109853,4,,,,,,67316482,67316409
109853,109853,4,,,,,,67316483,67316394
109853,109853,4,,,,,,67316485,67316408
109853,109853,4,,,,,,67316484,67316405
109853,109853,4,,,,,,67316471,67316407
109853,109853,4,,,,,,65174925,65174861
109853,109853,4,,,,,,65174953,65174862
109853,109853,4,,,,,,65174955,65174863
109853,109853,4,,,,,,65174956,65174864
109853,109853,4,,,,,,65174957,65174867
109853,109853,4,,,,,,65174954,65174865
109853,109853,4,,,,,,65174958,65174866
109853,109853,4,,,,,,65174940,65174855
109853,109853,4,,,,,,65174941,65174856
109853,109853,4,,,,,,65174942,65174857
109853,109853,4,,,,,,65174944,65174872
109853,109853,4,,,,,,65174945,65174858
109853,109853,4,,,,,,65174946,65174859
109853,109853,4,,,,,,65174877,65174853
109853,109853,4,,,,,,65175008,65174870
109853,109853,4,,,,,,65174937,65174868
109853,109853,4,,,,,,65174938,65174869
109853,109853,4,,,,,,65174939,65174854
109853,109853,4,,,,,,65174947,65174876
109853,109853,4,,,,,,65174948,65174875
109853,109853,4,,,,,,65174949,65174860
109853,109853,4,,,,,,65174950,65174874
109853,109853,4,,,,,,65174951,65174871
109853,109853,4,,,,,,65174936,65174873
109853,109853,4,,,,,,65175093,65175108
109853,109853,4,,,,,,65175154,65175096
109853,109853,4,,,,,,65175103,65175101
109853,109853,4,,,,,,65175085,65175099
109853,109853,4,,,,,,65175063,65175069
109853,109853,4,,,,,,65175080,65175076
109853,109853,4,,,,,,65175082,65175102
109853,109853,4,,,,,,65175153,65175109
109853,109853,4,,,,,,65175152,65175110
109853,109853,4,,,,,,65175151,65175111
109853,109853,4,,,,,,65175150,65175112
109853,109853,4,,,,,,65175149,65175113
109853,109853,4,,,,,,65175148,65175114
109853,109853,4,,,,,,65175147,65175115
109853,109853,4,,,,,,65175086,65175098
109853,109853,4,,,,,,65175078,65175068
109853,109853,4,,,,,,65175087,65175106
109853,109853,4,,,,,,65175062,65175081
109853,109853,4,,,,,,65175059,65175097
109853,109853,4,,,,,,65175061,65175067
109853,109853,4,,,,,,65175088,65175071
109853,109853,4,,,,,,65175146,65175116
109853,109853,4,,,,,,65175145,65175117
109853,109853,4,,,,,,65175144,65175119
109853,109853,4,,,,,,65175143,65175120
109853,109853,4,,,,,,65175142,65175121
109853,109853,4,,,,,,65175141,65175118
109853,109853,4,,,,,,65175140,65175123
109853,109853,4,,,,,,65175139,65175124
109853,109853,4,,,,,,65175107,65175084
109853,109853,4,,,,,,65175058,65175092
109853,109853,4,,,,,,65175100,65175066
109853,109853,4,,,,,,65175083,65175079
109853,109853,4,,,,,,65175104,65175072
109853,109853,4,,,,,,65175060,65175095
109853,109853,4,,,,,,65175138,65175125
109853,109853,4,,,,,,65175137,65175122
109853,109853,4,,,,,,65175136,65175126
109853,109853,4,,,,,,65175132,65175127
109853,109853,4,,,,,,65175135,65175128
109853,109853,4,,,,,,65175134,65175129
109853,109853,4,,,,,,65175133,65175130
109853,109853,4,,,,,,65175131,65175158
109853,109853,4,,,,,,65175090,65175065
109853,109853,4,,,,,,65175089,65175077
109853,109853,4,,,,,,65175091,65175073
109853,109853,4,,,,,,65175075,65175094
109853,109853,4,,,,,,65175074,65175064
109853,109853,4,,,,,,65175155,65175159
109853,109853,4,,,,,,65175338,65175293
109853,109853,4,,,,,,65175305,65175279
109853,109853,4,,,,,,65175318,65175294
109853,109853,4,,,,,,65175306,65175280
109853,109853,4,,,,,,65175319,65175292
109853,109853,4,,,,,,65175308,65175281
109853,109853,4,,,,,,65175321,65175295
109853,109853,4,,,,,,65175309,65175282
109853,109853,4,,,,,,65175322,65175296
109853,109853,4,,,,,,65175310,65175283
109853,109853,4,,,,,,65175323,65175297
109853,109853,4,,,,,,65175307,65175285
109853,109853,4,,,,,,65175320,65175298
109853,109853,4,,,,,,65175311,65175286
109853,109853,4,,,,,,65175324,65175299
109853,109853,4,,,,,,65175312,65175287
109853,109853,4,,,,,,65175326,65175300
109853,109853,4,,,,,,65175313,65175284
109853,109853,4,,,,,,65175327,65175301
109853,109853,4,,,,,,65175314,65175288
109853,109853,4,,,,,,65175325,65175302
109853,109853,4,,,,,,65175315,65175290
109853,109853,4,,,,,,65175329,65175303
109853,109853,4,,,,,,65175316,65175291
109853,109853,4,,,,,,65175331,65175304
109853,109853,4,,,,,,65175317,65175289
109853,109853,4,,,,,,65175332,65175328
109853,109853,4,,,,,,65175333,65175330
109853,109853,4,,,,,,67316833,67316848
109853,109853,4,,,,,,67316894,67316836
109853,109853,4,,,,,,67316840,67316842
109853,109853,4,,,,,,67316825,67316839
109853,109853,4,,,,,,67316803,67316809
109853,109853,4,,,,,,67316820,67316816
109853,109853,4,,,,,,67316822,67316843
109853,109853,4,,,,,,67316893,67316849
109853,109853,4,,,,,,67316889,67316850
109853,109853,4,,,,,,67316892,67316851
109853,109853,4,,,,,,67316891,67316852
109853,109853,4,,,,,,67316890,67316853
109853,109853,4,,,,,,67316888,67316854
109853,109853,4,,,,,,67316887,67316855
109853,109853,4,,,,,,67316826,67316838
109853,109853,4,,,,,,67316818,67316808
109853,109853,4,,,,,,67316827,67316846
109853,109853,4,,,,,,67316802,67316821
109853,109853,4,,,,,,67316799,67316837
109853,109853,4,,,,,,67316801,67316807
109853,109853,4,,,,,,67316828,67316811
109853,109853,4,,,,,,67316886,67316856
109853,109853,4,,,,,,67316885,67316858
109853,109853,4,,,,,,67316884,67316860
109853,109853,4,,,,,,67316883,67316857
109853,109853,4,,,,,,67316882,67316861
109853,109853,4,,,,,,67316881,67316859
109853,109853,4,,,,,,67316880,67316863
109853,109853,4,,,,,,67316879,67316864
109853,109853,4,,,,,,67316847,67316824
109853,109853,4,,,,,,67316798,67316832
109853,109853,4,,,,,,67316841,67316806
109853,109853,4,,,,,,67316823,67316819
109853,109853,4,,,,,,67316844,67316812
109853,109853,4,,,,,,67316800,67316835
109853,109853,4,,,,,,67316875,67316865
109853,109853,4,,,,,,67316878,67316862
109853,109853,4,,,,,,67316877,67316866
109853,109853,4,,,,,,67316872,67316867
109853,109853,4,,,,,,67316876,67316868
109853,109853,4,,,,,,67316874,67316869
109853,109853,4,,,,,,67316873,67316870
109853,109853,4,,,,,,67316871,67316898
109853,109853,4,,,,,,67316830,67316805
109853,109853,4,,,,,,67316829,67316817
109853,109853,4,,,,,,67316831,67316813
109853,109853,4,,,,,,67316815,67316834
109853,109853,4,,,,,,67316814,67316804
109853,109853,4,,,,,,67316895,67316899
109853,109853,4,,,,,,67317078,67317033
109853,109853,4,,,,,,67317045,67317019
109853,109853,4,,,,,,67317058,67317034
109853,109853,4,,,,,,67317046,67317020
109853,109853,4,,,,,,67317059,67317032
109853,109853,4,,,,,,67317048,67317021
109853,109853,4,,,,,,67317061,67317035
109853,109853,4,,,,,,67317049,67317022
109853,109853,4,,,,,,67317062,67317036
109853,109853,4,,,,,,67317050,67317023
109853,109853,4,,,,,,67317063,67317037
109853,109853,4,,,,,,67317047,67317025
109853,109853,4,,,,,,67317060,67317038
109853,109853,4,,,,,,67317051,67317026
109853,109853,4,,,,,,67317064,67317039
109853,109853,4,,,,,,67317052,67317027
109853,109853,4,,,,,,67317066,67317040
109853,109853,4,,,,,,67317053,67317024
109853,109853,4,,,,,,67317067,67317041
109853,109853,4,,,,,,67317054,67317028
109853,109853,4,,,,,,67317065,67317042
109853,109853,4,,,,,,67317055,67317030
109853,109853,4,,,,,,67317069,67317043
109853,109853,4,,,,,,67317056,67317031
109853,109853,4,,,,,,67317071,67317044
109853,109853,4,,,,,,67317057,67317029
109853,109853,4,,,,,,67317072,67317068
109853,109853,4,,,,,,67317073,67317070
109853,109853,4,,,,,,67317564,67317499
109853,109853,4,,,,,,67317592,67317500
109853,109853,4,,,,,,67317593,67317501
109853,109853,4,,,,,,67317590,67317502
109853,109853,4,,,,,,67317594,67317505
109853,109853,4,,,,,,67317595,67317503
109853,109853,4,,,,,,67317596,67317504
109853,109853,4,,,,,,67317578,67317493
109853,109853,4,,,,,,67317579,67317494
109853,109853,4,,,,,,67317580,67317495
109853,109853,4,,,,,,67317582,67317510
109853,109853,4,,,,,,67317583,67317496
109853,109853,4,,,,,,67317584,67317497
109853,109853,4,,,,,,67317515,67317491
109853,109853,4,,,,,,67317646,67317508
109853,109853,4,,,,,,67317575,67317506
109853,109853,4,,,,,,67317576,67317507
109853,109853,4,,,,,,67317577,67317492
109853,109853,4,,,,,,67317585,67317514
109853,109853,4,,,,,,67317586,67317513
109853,109853,4,,,,,,67317588,67317498
109853,109853,4,,,,,,67317589,67317512
109853,109853,4,,,,,,67317587,67317509
109853,109853,4,,,,,,67317571,67317511
109898,109898,4,,,,,,67317362,67317361
109898,109898,4,,,,,,67316704,67316626
109898,109898,4,,,,,,67316746,67316664
109898,109898,4,,,,,,67316706,67316630
109898,109898,4,,,,,,67316669,67316666
109898,109898,4,,,,,,67316743,67316631
109898,109898,4,,,,,,67316740,67316628
109898,109898,4,,,,,,67316727,67316633
109898,109898,4,,,,,,67316747,67316625
109898,109898,4,,,,,,67316705,67316629
109898,109898,4,,,,,,67316742,67316660
109898,109898,4,,,,,,67316738,67316623
109898,109898,4,,,,,,67316751,67316752
109898,109898,4,,,,,,67316707,67316635
109898,109898,4,,,,,,67316708,67316637
109898,109898,4,,,,,,67316709,67316638
109898,109898,4,,,,,,67316710,67316640
109898,109898,4,,,,,,67316711,67316641
109898,109898,4,,,,,,67316713,67316644
109898,109898,4,,,,,,67316715,67316648
109898,109898,4,,,,,,67316749,67316659
109898,109898,4,,,,,,67316724,67316647
109898,109898,4,,,,,,67316716,67316650
109898,109898,4,,,,,,67316717,67316651
109898,109898,4,,,,,,67316718,67316653
109898,109898,4,,,,,,67316719,67316655
109898,109898,4,,,,,,67316723,67316671
109898,109898,4,,,,,,67316692,67316675
109898,109898,4,,,,,,67316729,67316652
109898,109898,4,,,,,,67316732,67316645
109898,109898,4,,,,,,67316730,67316639
109898,109898,4,,,,,,67316735,67316634
109898,109898,4,,,,,,67316739,67316624
109898,109898,4,,,,,,67316499,67316421
109898,109898,4,,,,,,67316540,67316458
109898,109898,4,,,,,,67316500,67316424
109898,109898,4,,,,,,67316463,67316460
109898,109898,4,,,,,,67316537,67316425
109898,109898,4,,,,,,67316531,67316419
109898,109898,4,,,,,,67316521,67316427
109898,109898,4,,,,,,67316541,67316420
109898,109898,4,,,,,,67316496,67316423
109898,109898,4,,,,,,67316536,67316454
109898,109898,4,,,,,,67316533,67316417
109898,109898,4,,,,,,67316545,67316546
109898,109898,4,,,,,,67316501,67316429
109898,109898,4,,,,,,67316502,67316431
109898,109898,4,,,,,,67316503,67316432
109898,109898,4,,,,,,67316504,67316434
109898,109898,4,,,,,,67316505,67316435
109898,109898,4,,,,,,67316507,67316438
109898,109898,4,,,,,,67316509,67316442
109898,109898,4,,,,,,67316543,67316453
109898,109898,4,,,,,,67316518,67316441
109898,109898,4,,,,,,67316510,67316444
109898,109898,4,,,,,,67316511,67316445
109898,109898,4,,,,,,67316512,67316448
109898,109898,4,,,,,,67316513,67316446
109898,109898,4,,,,,,67316514,67316465
109898,109898,4,,,,,,67316486,67316470
109898,109898,4,,,,,,67316523,67316447
109898,109898,4,,,,,,67316526,67316439
109898,109898,4,,,,,,67316524,67316433
109898,109898,4,,,,,,67316529,67316428
109898,109898,4,,,,,,67316534,67316418
109898,109898,4,,,,,,65174964,65174886
109898,109898,4,,,,,,65175006,65174924
109898,109898,4,,,,,,65174966,65174890
109898,109898,4,,,,,,65174929,65174926
109898,109898,4,,,,,,65175003,65174891
109898,109898,4,,,,,,65175000,65174888
109898,109898,4,,,,,,65174987,65174893
109898,109898,4,,,,,,65175007,65174885
109898,109898,4,,,,,,65174965,65174889
109898,109898,4,,,,,,65175002,65174920
109898,109898,4,,,,,,65174998,65174883
109898,109898,4,,,,,,65175011,65175012
109898,109898,4,,,,,,65174967,65174895
109898,109898,4,,,,,,65174968,65174897
109898,109898,4,,,,,,65174969,65174898
109898,109898,4,,,,,,65174970,65174900
109898,109898,4,,,,,,65174971,65174901
109898,109898,4,,,,,,65174973,65174904
109898,109898,4,,,,,,65174975,65174908
109898,109898,4,,,,,,65175009,65174919
109898,109898,4,,,,,,65174984,65174907
109898,109898,4,,,,,,65174976,65174910
109898,109898,4,,,,,,65174977,65174911
109898,109898,4,,,,,,65174978,65174913
109898,109898,4,,,,,,65174979,65174915
109898,109898,4,,,,,,65174983,65174931
109898,109898,4,,,,,,65174952,65174935
109898,109898,4,,,,,,65174989,65174912
109898,109898,4,,,,,,65174992,65174905
109898,109898,4,,,,,,65174990,65174899
109898,109898,4,,,,,,65174995,65174894
109898,109898,4,,,,,,65174999,65174884
109898,109898,4,,,,,,65175335,65175334
109898,109898,4,,,,,,67317075,67317074
109898,109898,4,,,,,,67317601,67317524
109898,109898,4,,,,,,67317645,67317563
109898,109898,4,,,,,,67317604,67317531
109898,109898,4,,,,,,67317562,67317567
109898,109898,4,,,,,,67317641,67317532
109898,109898,4,,,,,,67317637,67317526
109898,109898,4,,,,,,67317627,67317529
109898,109898,4,,,,,,67317642,67317523
109898,109898,4,,,,,,67317602,67317527
109898,109898,4,,,,,,67317640,67317554
109898,109898,4,,,,,,67317639,67317521
109898,109898,4,,,,,,67317649,67317650
109898,109898,4,,,,,,67317605,67317533
109898,109898,4,,,,,,67317606,67317536
109898,109898,4,,,,,,67317608,67317537
109898,109898,4,,,,,,67317609,67317535
109898,109898,4,,,,,,67317610,67317539
109898,109898,4,,,,,,67317611,67317542
109898,109898,4,,,,,,67317613,67317546
109898,109898,4,,,,,,67317647,67317557
109898,109898,4,,,,,,67317621,67317545
109898,109898,4,,,,,,67317614,67317548
109898,109898,4,,,,,,67317615,67317549
109898,109898,4,,,,,,67317616,67317552
109898,109898,4,,,,,,67317617,67317555
109898,109898,4,,,,,,67317620,67317569
109898,109898,4,,,,,,67317591,67317574
109898,109898,4,,,,,,67317628,67317550
109898,109898,4,,,,,,67317626,67317543
109898,109898,4,,,,,,67317631,67317538
109898,109898,4,,,,,,67317634,67317530
109898,109898,4,,,,,,67317633,67317522
113,113,4,,,,,,66646005,66646008
113,113,4,,,,,,66645997,66646096
113,113,4,,,,,,66646091,66646097
113,113,4,,,,,,66646002,66646001
113,113,4,,,,,,66646094,66646092
113,113,4,,,,,,66646098,66646100
113,113,4,,,,,,66646819,66646818
113,113,4,,,,,,66646817,66646820
113,113,4,,,,,,64460581,64460582
113,113,4,,,,,,64461542,64461541
113,113,4,,,,,,64461540,64461543
113,113,4,,,,,,64460487,64460490
113,113,4,,,,,,64460574,64460580
113,113,4,,,,,,64460483,64460482
113,113,4,,,,,,66985179,66985180
113,113,4,,,,,,66985880,66985878
113,113,4,,,,,,66985877,66985876
113,113,4,,,,,,66985087,66985083
113,113,4,,,,,,66985089,66985092
113,113,4,,,,,,66985081,66985177
113,113,4,,,,,,66985171,66985178
113,113,4,,,,,,66914689,66914690
113,113,4,,,,,,66914798,66914797
113,113,4,,,,,,66914796,66914795
113,113,4,,,,,,66914630,66914629
113,113,4,,,,,,66914631,66914632
113,113,4,,,,,,66914626,66914687
113,113,4,,,,,,66914683,66914688
114,114,4,,,,,,66645828,66645821
114,114,4,,,,,,66645829,66645831
114,114,4,,,,,,66645826,66645833
114,114,4,,,,,,66646840,66646839
114,114,4,,,,,,66646843,66646838
114,114,4,,,,,,66646841,66646842
114,114,4,,,,,,66645819,66645811
114,114,4,,,,,,66645823,66645818
114,114,4,,,,,,66645816,66645820
114,114,4,,,,,,64460305,64460299
114,114,4,,,,,,64460306,64460308
114,114,4,,,,,,64460304,64460311
114,114,4,,,,,,64461571,64461570
114,114,4,,,,,,64461574,64461569
114,114,4,,,,,,64461572,64461573
114,114,4,,,,,,64460297,64460291
114,114,4,,,,,,64460301,64460295
114,114,4,,,,,,64460293,64460298
114,114,4,,,,,,66984917,66984908
114,114,4,,,,,,66984913,66984918
114,114,4,,,,,,66984915,66984920
114,114,4,,,,,,66985898,66985897
114,114,4,,,,,,66985901,66985896
114,114,4,,,,,,66985899,66985900
114,114,4,,,,,,66984906,66984898
114,114,4,,,,,,66984910,66984905
114,114,4,,,,,,66984903,66984907
114,114,4,,,,,,66914526,66914520
114,114,4,,,,,,66914524,66914527
114,114,4,,,,,,66914525,66914528
114,114,4,,,,,,66914804,66914803
114,114,4,,,,,,66914807,66914802
114,114,4,,,,,,66914805,66914806
114,114,4,,,,,,66914518,66914510
114,114,4,,,,,,66914522,66914517
114,114,4,,,,,,66914515,66914519
11802,11802,4,,,,,,66650849,66652063
11802,11802,4,,,,,,66650819,66652059
11802,11802,4,,,,,,66650828,66652061
11802,11802,4,,,,,,66650836,66652064
11802,11802,4,,,,,,66650823,66652055
11802,11802,4,,,,,,66650832,66652060
11802,11802,4,,,,,,66650842,66652066
11802,11802,4,,,,,,66650825,66652058
11802,11802,4,,,,,,66650837,66652057
11802,11802,4,,,,,,66650844,66652062
11802,11802,4,,,,,,66650850,66652067
11802,11802,4,,,,,,66650853,66652068
11802,11802,4,,,,,,66652796,66652800
11802,11802,4,,,,,,66652799,66652881
11802,11802,4,,,,,,64462732,64463985
11802,11802,4,,,,,,64462706,64463976
11802,11802,4,,,,,,64462717,64463981
11802,11802,4,,,,,,64462725,64463988
11802,11802,4,,,,,,64462708,64463979
11802,11802,4,,,,,,64462719,64463982
11802,11802,4,,,,,,64462727,64463984
11802,11802,4,,,,,,64462735,64463989
11802,11802,4,,,,,,64462734,64463990
11802,11802,4,,,,,,64464757,64464761
11802,11802,4,,,,,,64464760,64464846
11802,11802,4,,,,,,64462702,64463980
11802,11802,4,,,,,,64462711,64463983
11802,11802,4,,,,,,64462722,64463986
11802,11802,4,,,,,,67003426,67004613
11802,11802,4,,,,,,67003427,67004616
11802,11802,4,,,,,,67003431,67004617
11802,11802,4,,,,,,67005335,67005341
11802,11802,4,,,,,,67005340,67005418
11802,11802,4,,,,,,67003396,67004609
11802,11802,4,,,,,,67003406,67004611
11802,11802,4,,,,,,67003413,67004614
11802,11802,4,,,,,,67003400,67004606
11802,11802,4,,,,,,67003409,67004610
11802,11802,4,,,,,,67003419,67004615
11802,11802,4,,,,,,67003402,67004608
11802,11802,4,,,,,,67003414,67004607
11802,11802,4,,,,,,67003421,67004612
11802,11802,4,,,,,,66918225,66919124
11802,11802,4,,,,,,66918226,66919127
11802,11802,4,,,,,,66918230,66919128
11802,11802,4,,,,,,66919656,66919658
11802,11802,4,,,,,,66919657,66919688
11802,11802,4,,,,,,66918195,66919120
11802,11802,4,,,,,,66918204,66919122
11802,11802,4,,,,,,66918212,66919125
11802,11802,4,,,,,,66918199,66919117
11802,11802,4,,,,,,66918208,66919121
11802,11802,4,,,,,,66918218,66919126
11802,11802,4,,,,,,66918201,66919119
11802,11802,4,,,,,,66918213,66919118
11802,11802,4,,,,,,66918220,66919123
13,13,4,,,,,,64463632_1,64463632_2
13,13,4,,,,,,66644949_1,66644949_2
1618,1618,4,,,,,,67250855,67250853
1618,1618,4,,,,,,67250852,67250795
1618,1618,4,,,,,,67250681,67250796
1618,1618,4,,,,,,67250670,67250779
1618,1618,4,,,,,,67250672,67250783
1618,1618,4,,,,,,67250655,67250665
1618,1618,4,,,,,,67250651,67250680
1618,1618,4,,,,,,67250793,67250666
1618,1618,4,,,,,,67250682,67250673
1618,1618,4,,,,,,67250771,67250668
1618,1618,4,,,,,,67250649,67250679
1618,1618,4,,,,,,67250674,67250654
1618,1618,4,,,,,,67250683,67250653
1618,1618,4,,,,,,67251521,67251518
1618,1618,4,,,,,,67251517,67251514
1618,1618,4,,,,,,67251516,67251515
1618,1618,4,,,,,,67250667,67250676
1618,1618,4,,,,,,67250664,67250662
1618,1618,4,,,,,,67250657,67250678
1618,1618,4,,,,,,67250774,67250658
1618,1618,4,,,,,,67250671,67250784
1618,1618,4,,,,,,67250652,67250677
1618,1618,4,,,,,,67250663,67251520
1618,1618,4,,,,,,65049532,65049542
1618,1618,4,,,,,,65049551,65049549
1618,1618,4,,,,,,65049546,65049673
1618,1618,4,,,,,,65049545,65049670
1618,1618,4,,,,,,65049536,65049654
1618,1618,4,,,,,,65049538,65049658
1618,1618,4,,,,,,65049520,65049530
1618,1618,4,,,,,,65049515,65049548
1618,1618,4,,,,,,65049668,65049531
1618,1618,4,,,,,,65049516,65049543
1618,1618,4,,,,,,65049557,65049539
1618,1618,4,,,,,,65049529,65049526
1618,1618,4,,,,,,65049519,65049547
1618,1618,4,,,,,,65049540,65049518
1618,1618,4,,,,,,65049558,65049517
1618,1618,4,,,,,,65050392,65050390
1618,1618,4,,,,,,65050389,65050386
1618,1618,4,,,,,,65049646,65049534
1618,1618,4,,,,,,65049537,65049659
1618,1618,4,,,,,,65049527,65049544
1618,1618,4,,,,,,65049649,65049522
1618,1618,4,,,,,,65050388,65050387
1618,1618,4,,,,,,65049528,65050391
1618,1618,4,,,,,,65070817,65070818
1618,1618,4,,,,,,65070819,65070821
1618,1618,4,,,,,,65070822,65070823
1618,1618,4,,,,,,65070820,65070824
1618,1618,4,,,,,,65070825,65070826
1618,1618,4,,,,,,65070827,65070829
1618,1618,4,,,,,,65070836,65070838
1618,1618,4,,,,,,65070834,65070839
1618,1618,4,,,,,,65070840,65070837
1618,1618,4,,,,,,65070830,65070831
1618,1618,4,,,,,,65070828,65070832
1618,1618,4,,,,,,65070833,65070835
1618,1618,4,,,,,,67163573,67163570
1618,1618,4,,,,,,67163558,67163559
1618,1618,4,,,,,,67163560,67163562
1618,1618,4,,,,,,67163553,67163557
1618,1618,4,,,,,,67163550,67163551
1618,1618,4,,,,,,67163552,67163554
1618,1618,4,,,,,,67163555,67163556
1618,1618,4,,,,,,67163563,67163564
1618,1618,4,,,,,,67163561,67163565
1618,1618,4,,,,,,67163566,67163568
1618,1618,4,,,,,,67163569,67163571
1618,1618,4,,,,,,67163567,67163572
1618,1618,4,,,,,,67255554,67255563
1618,1618,4,,,,,,67255742,67255740
1618,1618,4,,,,,,67255739,67255682
1618,1618,4,,,,,,67255568,67255683
1618,1618,4,,,,,,67255557,67255666
1618,1618,4,,,,,,67255559,67255670
1618,1618,4,,,,,,67255542,67255552
1618,1618,4,,,,,,67255538,67255567
1618,1618,4,,,,,,67255680,67255553
1618,1618,4,,,,,,67255551,67255549
1618,1618,4,,,,,,67255536,67255566
1618,1618,4,,,,,,67255561,67255541
1618,1618,4,,,,,,67255570,67255540
1618,1618,4,,,,,,67256388,67256385
1618,1618,4,,,,,,67256384,67256381
1618,1618,4,,,,,,67256383,67256382
1618,1618,4,,,,,,67255658,67255555
1618,1618,4,,,,,,67255558,67255671
1618,1618,4,,,,,,67255544,67255565
1618,1618,4,,,,,,67255661,67255545
1618,1618,4,,,,,,67255550,67256387
1618,1618,4,,,,,,67255539,67255564
1618,1618,4,,,,,,67255569,67255560
1618,1618,4,,,,,,67236804,67236805
1618,1618,4,,,,,,67236806,67236808
1618,1618,4,,,,,,67236809,67236810
1618,1618,4,,,,,,67236807,67236811
1618,1618,4,,,,,,67236812,67236813
1618,1618,4,,,,,,67236814,67236816
1618,1618,4,,,,,,67236823,67236825
1618,1618,4,,,,,,67236821,67236826
1618,1618,4,,,,,,67236827,67236824
1618,1618,4,,,,,,67236817,67236818
1618,1618,4,,,,,,67236815,67236819
1618,1618,4,,,,,,67236820,67236822
1618,1618,4,,,,,,67253161,67253170
1618,1618,4,,,,,,67253349,67253347
1618,1618,4,,,,,,67253346,67253289
1618,1618,4,,,,,,67253175,67253290
1618,1618,4,,,,,,67253164,67253273
1618,1618,4,,,,,,67253166,67253277
1618,1618,4,,,,,,67253149,67253159
1618,1618,4,,,,,,67253145,67253174
1618,1618,4,,,,,,67253287,67253160
1618,1618,4,,,,,,67253158,67253156
1618,1618,4,,,,,,67253143,67253173
1618,1618,4,,,,,,67253168,67253148
1618,1618,4,,,,,,67253177,67253147
1618,1618,4,,,,,,67253995,67253992
1618,1618,4,,,,,,67253991,67253988
1618,1618,4,,,,,,67253990,67253989
1618,1618,4,,,,,,67253265,67253162
1618,1618,4,,,,,,67253165,67253278
1618,1618,4,,,,,,67253151,67253172
1618,1618,4,,,,,,67253268,67253152
1618,1618,4,,,,,,67253157,67253994
1618,1618,4,,,,,,67253146,67253171
1618,1618,4,,,,,,67253176,67253167
17091,17091,4,,,,,,66859545,66859540
17091,17091,4,,,,,,66859533,66859531
17091,17091,4,,,,,,66859520,66859518
17091,17091,4,,,,,,66859508,66859509
17091,17091,4,,,,,,66859490,66859464
17091,17091,4,,,,,,66859457,66859456
17091,17091,4,,,,,,66859448,66859446
17091,17091,4,,,,,,66859434,66859437
17091,17091,4,,,,,,66859431,66859420
17091,17091,4,,,,,,66859395,66859396
17091,17091,4,,,,,,66859393,66859389
17091,17091,4,,,,,,66859388,66859382
17091,17091,4,,,,,,66859378,66859375
17091,17091,4,,,,,,66859373,66859374
17091,17091,4,,,,,,66859371,66859372
17091,17091,4,,,,,,66859362,66859368
17091,17091,4,,,,,,66859365,66859367
17091,17091,4,,,,,,66859376,66859377
17091,17091,4,,,,,,66859363,66859364
17091,17091,4,,,,,,66859359,66859357
17091,17091,4,,,,,,66859350,66859347
17091,17091,4,,,,,,66859351,66859330
17091,17091,4,,,,,,66859327,66859337
17091,17091,4,,,,,,66859335,66859334
17091,17091,4,,,,,,66859324,66859322
17091,17091,4,,,,,,66859542,66859537
17091,17091,4,,,,,,66859532,66859519
17091,17091,4,,,,,,66859521,66859517
17091,17091,4,,,,,,66859510,66859468
17091,17091,4,,,,,,66859463,66859462
17091,17091,4,,,,,,66859454,66859455
17091,17091,4,,,,,,66859447,66859445
17091,17091,4,,,,,,66859444,66859439
17091,17091,4,,,,,,66859453,66859443
17091,17091,4,,,,,,66859441,66859438
17091,17091,4,,,,,,66859421,66859422
17091,17091,4,,,,,,66859394,66859392
17091,17091,4,,,,,,66859384,66859385
17091,17091,4,,,,,,66859383,66859379
17091,17091,4,,,,,,66859366,66859369
17091,17091,4,,,,,,66859358,66859349
17091,17091,4,,,,,,66859348,66859356
17091,17091,4,,,,,,66859354,66859326
17091,17091,4,,,,,,66859539,66859535
17091,17091,4,,,,,,66859522,66859524
17091,17091,4,,,,,,66859523,66859516
17091,17091,4,,,,,,66859513,66859495
17091,17091,4,,,,,,66859465,66859460
17091,17091,4,,,,,,66859461,66859449
17091,17091,4,,,,,,66859451,66859440
17091,17091,4,,,,,,66859442,66859423
17091,17091,4,,,,,,66859424,66859418
17091,17091,4,,,,,,66859390,66859391
17091,17091,4,,,,,,66859387,66859386
17091,17091,4,,,,,,66859381,66859380
17091,17091,4,,,,,,66859370,66859360
17091,17091,4,,,,,,66859361,66859353
17091,17091,4,,,,,,66859352,66859355
17091,17091,4,,,,,,66859328,66859329
17091,17091,4,,,,,,66859332,66859331
17091,17091,4,,,,,,66859333,66859338
17091,17091,4,,,,,,66859336,66859339
17091,17091,4,,,,,,66859547,66859543
17091,17091,4,,,,,,66859536,66859534
17091,17091,4,,,,,,66859526,66859530
17091,17091,4,,,,,,66859525,66859512
17091,17091,4,,,,,,66859511,66859497
17091,17091,4,,,,,,66859496,66859499
17091,17091,4,,,,,,66859494,66859498
17091,17091,4,,,,,,66859501,66859502
17091,17091,4,,,,,,66859491,66859493
17091,17091,4,,,,,,66859469,66859467
17091,17091,4,,,,,,66859488,66859492
17091,17091,4,,,,,,66859482,66859476
17091,17091,4,,,,,,66859473,66859474
17091,17091,4,,,,,,66859475,66859479
17091,17091,4,,,,,,66859480,66859481
17091,17091,4,,,,,,66859477,66859483
17091,17091,4,,,,,,66859471,66859478
17091,17091,4,,,,,,66859504,66859484
17091,17091,4,,,,,,66859487,66859505
17091,17091,4,,,,,,66859472,66859486
17091,17091,4,,,,,,66859544,66859541
17091,17091,4,,,,,,66859538,66859527
17091,17091,4,,,,,,66859528,66859529
17091,17091,4,,,,,,66859515,66859514
17091,17091,4,,,,,,66859500,66859466
17091,17091,4,,,,,,66859459,66859458
17091,17091,4,,,,,,66859450,66859452
17091,17091,4,,,,,,66859433,66859435
17091,17091,4,,,,,,66859436,66859416
17091,17091,4,,,,,,66859412,66859417
17091,17091,4,,,,,,66859413,66859415
17091,17091,4,,,,,,66859403,66859405
17091,17091,4,,,,,,66859402,66859401
17091,17091,4,,,,,,66859410,66859409
17091,17091,4,,,,,,66859406,66859404
17091,17091,4,,,,,,66859407,66859408
17091,17091,4,,,,,,66859428,66859425
17091,17091,4,,,,,,66859399,66859398
17091,17091,4,,,,,,66859414,66859397
17091,17091,4,,,,,,66859426,66859430
17091,17091,4,,,,,,66859323,66859325
17091,17091,4,,,,,,66859340,66859341
17091,17091,4,,,,,,66859343,66859344
17091,17091,4,,,,,,66859320,66859321
17091,17091,4,,,,,,66859345,66859346
17091,17091,4,,,,,,66859342,66859318
17091,17091,4,,,,,,66859317,66859315
17091,17091,4,,,,,,66859319,66859316
17091,17091,4,,,,,,66859485,66859506
17091,17091,4,,,,,,66859503,66859507
17091,17091,4,,,,,,66859470,66859489
17091,17091,4,,,,,,66859411,66859432
17091,17091,4,,,,,,66859429,66859427
17091,17091,4,,,,,,66859419,66859400
17091,17091,4,,,,,,65136453,65136593
17091,17091,4,,,,,,65136615,65136612
17091,17091,4,,,,,,65136616,65136617
17091,17091,4,,,,,,65136618,65136619
17091,17091,4,,,,,,65136620,65136621
17091,17091,4,,,,,,65136622,65136623
17091,17091,4,,,,,,65136624,65136625
17091,17091,4,,,,,,65136645,65136649
17091,17091,4,,,,,,65136613,65136614
17091,17091,4,,,,,,65136634,65136638
17091,17091,4,,,,,,65136639,65136640
17091,17091,4,,,,,,65136641,65136642
17091,17091,4,,,,,,65136636,65136643
17091,17091,4,,,,,,65136644,65136646
17091,17091,4,,,,,,65136647,65136648
17091,17091,4,,,,,,65136671,65136672
17091,17091,4,,,,,,65136674,65136673
17091,17091,4,,,,,,65136675,65136669
17091,17091,4,,,,,,65136676,65136677
17091,17091,4,,,,,,65136532,65136533
17091,17091,4,,,,,,65136531,65136530
17091,17091,4,,,,,,65136536,65136537
17091,17091,4,,,,,,65136534,65136535
17091,17091,4,,,,,,65136539,65136540
17091,17091,4,,,,,,65136547,65136551
17091,17091,4,,,,,,65136550,65136541
17091,17091,4,,,,,,65136544,65136549
17091,17091,4,,,,,,65136508,65136542
17091,17091,4,,,,,,65136568,65136565
17091,17091,4,,,,,,65136463,65136567
17091,17091,4,,,,,,65136525,65136528
17091,17091,4,,,,,,65136499,65136503
17091,17091,4,,,,,,65136468,65136464
17091,17091,4,,,,,,65136458,65136457
17091,17091,4,,,,,,65136466,65136465
17091,17091,4,,,,,,65136895,65136894
17091,17091,4,,,,,,65136552,65136545
17091,17091,4,,,,,,65136635,65136637
17091,17091,4,,,,,,65136658,65136659
17091,17091,4,,,,,,65136660,65136661
17091,17091,4,,,,,,65136662,65136663
17091,17091,4,,,,,,65136664,65136665
17091,17091,4,,,,,,65136666,65136667
17091,17091,4,,,,,,65136668,65136670
17091,17091,4,,,,,,65136574,65136588
17091,17091,4,,,,,,65136575,65136585
17091,17091,4,,,,,,65136569,65136579
17091,17091,4,,,,,,65136592,65136566
17091,17091,4,,,,,,65136462,65136461
17091,17091,4,,,,,,65136469,65136470
17091,17091,4,,,,,,65136471,65136472
17091,17091,4,,,,,,65136480,65136482
17091,17091,4,,,,,,65136494,65136502
17091,17091,4,,,,,,65136497,65136507
17091,17091,4,,,,,,65136511,65136510
17091,17091,4,,,,,,65136460,65136459
17091,17091,4,,,,,,65136582,65136578
17091,17091,4,,,,,,65136607,65136608
17091,17091,4,,,,,,65136609,65136603
17091,17091,4,,,,,,65136610,65136611
17091,17091,4,,,,,,65136477,65136478
17091,17091,4,,,,,,65136571,65136475
17091,17091,4,,,,,,65136474,65136476
17091,17091,4,,,,,,65136473,65136479
17091,17091,4,,,,,,65136481,65136483
17091,17091,4,,,,,,65136498,65136501
17091,17091,4,,,,,,65136656,65136657
17091,17091,4,,,,,,65136591,65136583
17091,17091,4,,,,,,65136590,65136580
17091,17091,4,,,,,,65136584,65136587
17091,17091,4,,,,,,65136589,65136577
17091,17091,4,,,,,,65136581,65136586
17091,17091,4,,,,,,65136606,65136604
17091,17091,4,,,,,,65136628,65136629
17091,17091,4,,,,,,65136630,65136631
17091,17091,4,,,,,,65136632,65136633
17091,17091,4,,,,,,65136485,65136487
17091,17091,4,,,,,,65136486,65136488
17091,17091,4,,,,,,65136489,65136484
17091,17091,4,,,,,,65136490,65136491
17091,17091,4,,,,,,65136492,65136493
17091,17091,4,,,,,,65136495,65136496
17091,17091,4,,,,,,65136505,65136500
17091,17091,4,,,,,,65136509,65136513
17091,17091,4,,,,,,65136512,65136506
17091,17091,4,,,,,,65136467,65136455
17091,17091,4,,,,,,65136679,65136576
17091,17091,4,,,,,,65136594,65136595
17091,17091,4,,,,,,65136596,65136597
17091,17091,4,,,,,,65136598,65136599
17091,17091,4,,,,,,65136600,65136602
17091,17091,4,,,,,,65136605,65136601
17091,17091,4,,,,,,65136626,65136627
17091,17091,4,,,,,,65136650,65136651
17091,17091,4,,,,,,65136652,65136653
17091,17091,4,,,,,,65136654,65136655
17091,17091,4,,,,,,65136527,65136517
17091,17091,4,,,,,,65136515,65136516
17091,17091,4,,,,,,65136514,65136518
17091,17091,4,,,,,,65136519,65136524
17091,17091,4,,,,,,65136521,65136523
17091,17091,4,,,,,,65136522,65136520
17091,17091,4,,,,,,65136454,65136456
17091,17091,4,,,,,,65136526,65136529
17091,17091,4,,,,,,65136563,65136564
17091,17091,4,,,,,,65136899,65136898
17091,17091,4,,,,,,65136548,65136553
17091,17091,4,,,,,,65136554,65136557
17091,17091,4,,,,,,65136561,65136897
17091,17091,4,,,,,,65136562,65136893
17091,17091,4,,,,,,65136538,65136556
17091,17091,4,,,,,,65136555,65136560
17091,17091,4,,,,,,65136685,65136684
17091,17091,4,,,,,,65136543,65136558
17091,17091,4,,,,,,65136559,65136546
17091,17091,4,,,,,,65136896,65136504
17091,17091,4,,,,,,65062359,65062358
17091,17091,4,,,,,,65062360,65062370
17091,17091,4,,,,,,65062378,65062381
17091,17091,4,,,,,,65062384,65062388
17091,17091,4,,,,,,65062395,65062396
17091,17091,4,,,,,,65062403,65062406
17091,17091,4,,,,,,65062409,65062413
17091,17091,4,,,,,,65062420,65062423
17091,17091,4,,,,,,65062429,65062430
17091,17091,4,,,,,,65062437,65062436
17091,17091,4,,,,,,65062445,65062443
17091,17091,4,,,,,,65062454,65062456
17091,17091,4,,,,,,65062462,65062466
17091,17091,4,,,,,,65062505,65062509
17091,17091,4,,,,,,65062526,65062528
17091,17091,4,,,,,,65062541,65062544
17091,17091,4,,,,,,65062555,65062554
17091,17091,4,,,,,,65062561,65062563
17091,17091,4,,,,,,65062571,65062572
17091,17091,4,,,,,,65062577,65062579
17091,17091,4,,,,,,65062371,65062372
17091,17091,4,,,,,,65062373,65062375
17091,17091,4,,,,,,65062382,65062380
17091,17091,4,,,,,,65062386,65062393
17091,17091,4,,,,,,65062397,65062400
17091,17091,4,,,,,,65062404,65062405
17091,17091,4,,,,,,65062414,65062419
17091,17091,4,,,,,,65062422,65062424
17091,17091,4,,,,,,65062427,65062432
17091,17091,4,,,,,,65062439,65062441
17091,17091,4,,,,,,65062440,65062448
17091,17091,4,,,,,,65062449,65062457
17091,17091,4,,,,,,65062464,65062467
17091,17091,4,,,,,,65062511,65062506
17091,17091,4,,,,,,65062519,65062527
17091,17091,4,,,,,,65062361,65062363
17091,17091,4,,,,,,65062362,65062364
17091,17091,4,,,,,,65062374,65062377
17091,17091,4,,,,,,65062383,65062385
17091,17091,4,,,,,,65062390,65062394
17091,17091,4,,,,,,65062398,65062399
17091,17091,4,,,,,,65062408,65062411
17091,17091,4,,,,,,65062418,65062415
17091,17091,4,,,,,,65062421,65062426
17091,17091,4,,,,,,65062431,65062433
17091,17091,4,,,,,,65062438,65062446
17091,17091,4,,,,,,65062447,65062452
17091,17091,4,,,,,,65062458,65062460
17091,17091,4,,,,,,65062496,65062503
17091,17091,4,,,,,,65062515,65062517
17091,17091,4,,,,,,65062532,65062533
17091,17091,4,,,,,,65062539,65062548
17091,17091,4,,,,,,65062558,65062553
17091,17091,4,,,,,,65062564,65062565
17091,17091,4,,,,,,65062575,65062573
17091,17091,4,,,,,,65062582,65062583
17091,17091,4,,,,,,65062367,65062366
17091,17091,4,,,,,,65062368,65062365
17091,17091,4,,,,,,65062376,65062379
17091,17091,4,,,,,,65062387,65062389
17091,17091,4,,,,,,65062391,65062392
17091,17091,4,,,,,,65062402,65062401
17091,17091,4,,,,,,65062410,65062412
17091,17091,4,,,,,,65062417,65062416
17091,17091,4,,,,,,65062425,65062428
17091,17091,4,,,,,,65062435,65062434
17091,17091,4,,,,,,65062442,65062444
17091,17091,4,,,,,,65062451,65062450
17091,17091,4,,,,,,65062459,65062463
17091,17091,4,,,,,,65062499,65062502
17091,17091,4,,,,,,65062522,65062516
17091,17091,4,,,,,,65062535,65062536
17091,17091,4,,,,,,65062545,65062546
17091,17091,4,,,,,,65062557,65062559
17091,17091,4,,,,,,65062566,65062568
17091,17091,4,,,,,,65062576,65062570
17091,17091,4,,,,,,65062453,65062455
17091,17091,4,,,,,,65062461,65062465
17091,17091,4,,,,,,65062501,65062508
17091,17091,4,,,,,,65062518,65062523
17091,17091,4,,,,,,65062534,65062542
17091,17091,4,,,,,,65062547,65062556
17091,17091,4,,,,,,65062560,65062562
17091,17091,4,,,,,,65062567,65062569
17091,17091,4,,,,,,65062574,65062578
17091,17091,4,,,,,,65062580,65062581
17091,17091,4,,,,,,65062584,65062586
17091,17091,4,,,,,,65062587,65062592
17091,17091,4,,,,,,65062597,65062600
17091,17091,4,,,,,,65062606,65062607
17091,17091,4,,,,,,65062613,65062618
17091,17091,4,,,,,,65062585,65062590
17091,17091,4,,,,,,65062593,65062595
17091,17091,4,,,,,,65062601,65062603
17091,17091,4,,,,,,65062604,65062612
17091,17091,4,,,,,,65062614,65062623
17091,17091,4,,,,,,65062589,65062591
17091,17091,4,,,,,,65062596,65062598
17091,17091,4,,,,,,65062605,65062609
17091,17091,4,,,,,,65062611,65062616
17091,17091,4,,,,,,65062620,65062624
17091,17091,4,,,,,,65062588,65062594
17091,17091,4,,,,,,65062599,65062602
17091,17091,4,,,,,,65062610,65062608
17091,17091,4,,,,,,65062617,65062615
17091,17091,4,,,,,,65065281,65064498
17091,17091,4,,,,,,65064501,65064504
17091,17091,4,,,,,,65064508,65064507
17091,17091,4,,,,,,65064518,65064522
17091,17091,4,,,,,,65064527,65064529
17091,17091,4,,,,,,65064530,65064538
17091,17091,4,,,,,,65064539,65064544
17091,17091,4,,,,,,65064976,65064924
17091,17091,4,,,,,,65064923,65064922
17091,17091,4,,,,,,65064938,65064934
17091,17091,4,,,,,,65064977,65064953
17091,17091,4,,,,,,65064954,65064955
17091,17091,4,,,,,,65064956,65064957
17091,17091,4,,,,,,65064958,65064960
17091,17091,4,,,,,,65065013,65065028
17091,17091,4,,,,,,65065029,65065025
17091,17091,4,,,,,,65064917,65064916
17091,17091,4,,,,,,65064909,65064897
17091,17091,4,,,,,,65064979,65064961
17091,17091,4,,,,,,65064959,65064963
17091,17091,4,,,,,,65064965,65064962
17091,17091,4,,,,,,65064966,65064967
17091,17091,4,,,,,,65065000,65065038
17091,17091,4,,,,,,65065039,65065040
17091,17091,4,,,,,,65064968,65064969
17091,17091,4,,,,,,65064970,65064971
17091,17091,4,,,,,,65064972,65064973
17091,17091,4,,,,,,65064985,65065050
17091,17091,4,,,,,,65065051,65065052
17091,17091,4,,,,,,65065053,65065055
17091,17091,4,,,,,,65065279,65064499
17091,17091,4,,,,,,65064503,65064506
17091,17091,4,,,,,,65064513,65064516
17091,17091,4,,,,,,65064521,65064524
17091,17091,4,,,,,,65064528,65064533
17091,17091,4,,,,,,65064534,65064541
17091,17091,4,,,,,,65064540,65064552
17091,17091,4,,,,,,65064978,65064927
17091,17091,4,,,,,,65064925,65064894
17091,17091,4,,,,,,65064900,65064929
17091,17091,4,,,,,,65064981,65064975
17091,17091,4,,,,,,65064902,65064903
17091,17091,4,,,,,,65064936,65064911
17091,17091,4,,,,,,65064919,65064914
17091,17091,4,,,,,,65064984,65064988
17091,17091,4,,,,,,65064989,65064990
17091,17091,4,,,,,,65064991,65064992
17091,17091,4,,,,,,65065282,65064509
17091,17091,4,,,,,,65064510,65064511
17091,17091,4,,,,,,65064514,65064517
17091,17091,4,,,,,,65064520,65064526
17091,17091,4,,,,,,65064531,65064536
17091,17091,4,,,,,,65064535,65064543
17091,17091,4,,,,,,65064551,65064549
17091,17091,4,,,,,,65064905,65064907
17091,17091,4,,,,,,65064926,65064935
17091,17091,4,,,,,,65064898,65064931
17091,17091,4,,,,,,65064980,65064932
17091,17091,4,,,,,,65064937,65064913
17091,17091,4,,,,,,65064933,65064915
17091,17091,4,,,,,,65064920,65065001
17091,17091,4,,,,,,65064998,65065002
17091,17091,4,,,,,,65065003,65065004
17091,17091,4,,,,,,65064895,65064918
17091,17091,4,,,,,,65064904,65064908
17091,17091,4,,,,,,65064930,65064910
17091,17091,4,,,,,,65064939,65064941
17091,17091,4,,,,,,65064942,65064943
17091,17091,4,,,,,,65064940,65064944
17091,17091,4,,,,,,65064945,65065014
17091,17091,4,,,,,,65065015,65065016
17091,17091,4,,,,,,65064500,65064502
17091,17091,4,,,,,,65064505,65064512
17091,17091,4,,,,,,65064515,65064519
17091,17091,4,,,,,,65064523,65064525
17091,17091,4,,,,,,65064532,65064537
17091,17091,4,,,,,,65064546,65064547
17091,17091,4,,,,,,65064542,65064896
17091,17091,4,,,,,,65064928,65064906
17091,17091,4,,,,,,65064899,65064912
17091,17091,4,,,,,,65064974,65064946
17091,17091,4,,,,,,65064947,65064948
17091,17091,4,,,,,,65064950,65064951
17091,17091,4,,,,,,65064952,65064949
17091,17091,4,,,,,,65065017,65065018
17091,17091,4,,,,,,65065019,65065020
17091,17091,4,,,,,,65065021,65065022
17091,17091,4,,,,,,65065023,65065024
17091,17091,4,,,,,,65065026,65064553
17091,17091,4,,,,,,65065027,65065031
17091,17091,4,,,,,,65065033,65065030
17091,17091,4,,,,,,65065034,65065035
17091,17091,4,,,,,,65065032,65065036
17091,17091,4,,,,,,65065037,65064550
17091,17091,4,,,,,,65065041,65065043
17091,17091,4,,,,,,65065044,65065045
17091,17091,4,,,,,,65065042,65065046
17091,17091,4,,,,,,65065047,65065048
17091,17091,4,,,,,,65065049,65064545
17091,17091,4,,,,,,65065005,65065006
17091,17091,4,,,,,,65065007,65065009
17091,17091,4,,,,,,65065010,65065011
17091,17091,4,,,,,,65065008,65065012
17091,17091,4,,,,,,65065056,65065057
17091,17091,4,,,,,,65064986,65064987
17091,17091,4,,,,,,65064982,65064983
17091,17091,4,,,,,,65064994,65064995
17091,17091,4,,,,,,65064993,65064997
17091,17091,4,,,,,,65064999,65064996
17091,17091,4,,,,,,66870488,66870493
17091,17091,4,,,,,,66870501,66870492
17091,17091,4,,,,,,66870496,66870497
17091,17091,4,,,,,,66870498,66870500
17091,17091,4,,,,,,66870489,66870499
17091,17091,4,,,,,,66870494,66870490
17091,17091,4,,,,,,66870491,66870503
17091,17091,4,,,,,,66870502,66870505
17091,17091,4,,,,,,66870504,66870507
17091,17091,4,,,,,,66870506,66870509
17091,17091,4,,,,,,66870508,66870514
17091,17091,4,,,,,,66870515,66870519
17091,17091,4,,,,,,66870510,66870516
17091,17091,4,,,,,,66870472,66870517
17091,17091,4,,,,,,66870511,66870513
17091,17091,4,,,,,,66870352,66870344
17091,17091,4,,,,,,66870341,66870337
17091,17091,4,,,,,,66870338,66870335
17091,17091,4,,,,,,66870328,66870325
17091,17091,4,,,,,,66870542,66870539
17091,17091,4,,,,,,66870540,66870541
17091,17091,4,,,,,,66870537,66870536
17091,17091,4,,,,,,66870538,66870535
17091,17091,4,,,,,,66870534,66870533
17091,17091,4,,,,,,66870532,66870531
17091,17091,4,,,,,,66870530,66870529
17091,17091,4,,,,,,66870527,66870526
17091,17091,4,,,,,,66870418,66870444
17091,17091,4,,,,,,66870445,66870441
17091,17091,4,,,,,,66870449,66870442
17091,17091,4,,,,,,66870450,66870443
17091,17091,4,,,,,,66870452,66870419
17091,17091,4,,,,,,66870451,66870439
17091,17091,4,,,,,,66870347,66870348
17091,17091,4,,,,,,66870349,66870336
17091,17091,4,,,,,,66870333,66870329
17091,17091,4,,,,,,66870522,66870523
17091,17091,4,,,,,,66870512,66870518
17091,17091,4,,,,,,66870470,66870471
17091,17091,4,,,,,,66870475,66870486
17091,17091,4,,,,,,66870375,66870376
17091,17091,4,,,,,,66870378,66870373
17091,17091,4,,,,,,66870370,66870346
17091,17091,4,,,,,,66870446,66870448
17091,17091,4,,,,,,66870447,66870440
17091,17091,4,,,,,,66870420,66870421
17091,17091,4,,,,,,66870432,66870433
17091,17091,4,,,,,,66870465,66870464
17091,17091,4,,,,,,66870461,66870459
17091,17091,4,,,,,,66870457,66870455
17091,17091,4,,,,,,66870453,66870436
17091,17091,4,,,,,,66870438,66870415
17091,17091,4,,,,,,66870413,66870409
17091,17091,4,,,,,,66870411,66870410
17091,17091,4,,,,,,66870405,66870404
17091,17091,4,,,,,,66870402,66870400
17091,17091,4,,,,,,66870397,66870392
17091,17091,4,,,,,,66870391,66870390
17091,17091,4,,,,,,66870396,66870395
17091,17091,4,,,,,,66870388,66870386
17091,17091,4,,,,,,66870385,66870387
17091,17091,4,,,,,,66870383,66870384
17091,17091,4,,,,,,66870340,66870342
17091,17091,4,,,,,,66870339,66870334
17091,17091,4,,,,,,66870320,66870321
17091,17091,4,,,,,,66870463,66870462
17091,17091,4,,,,,,66870460,66870458
17091,17091,4,,,,,,66870456,66870454
17091,17091,4,,,,,,66870435,66870434
17091,17091,4,,,,,,66870416,66870417
17091,17091,4,,,,,,66870414,66870412
17091,17091,4,,,,,,66870408,66870406
17091,17091,4,,,,,,66870407,66870403
17091,17091,4,,,,,,66870401,66870398
17091,17091,4,,,,,,66870399,66870393
17091,17091,4,,,,,,66870394,66870389
17091,17091,4,,,,,,66870382,66870380
17091,17091,4,,,,,,66870379,66870377
17091,17091,4,,,,,,66870369,66870374
17091,17091,4,,,,,,66870371,66870351
17091,17091,4,,,,,,66870350,66870345
17091,17091,4,,,,,,66870343,66870359
17091,17091,4,,,,,,66870361,66870357
17091,17091,4,,,,,,66870425,66870431
17091,17091,4,,,,,,66870429,66870424
17091,17091,4,,,,,,66870426,66870427
17091,17091,4,,,,,,66870430,66870428
17091,17091,4,,,,,,66870423,66870422
17091,17091,4,,,,,,66870323,66870324
17091,17091,4,,,,,,66870327,66870326
17091,17091,4,,,,,,66870318,66870319
17091,17091,4,,,,,,66870312,66870316
17091,17091,4,,,,,,66870331,66870330
17091,17091,4,,,,,,66870322,66870332
17091,17091,4,,,,,,66870355,66870358
17091,17091,4,,,,,,66870353,66870354
17091,17091,4,,,,,,66870365,66870366
17091,17091,4,,,,,,66870356,66870364
17091,17091,4,,,,,,66870363,66870360
17091,17091,4,,,,,,66870362,66870367
17091,17091,4,,,,,,66870317,66870315
17091,17091,4,,,,,,66870314,66870313
17091,17091,4,,,,,,66870311,66870310
17091,17091,4,,,,,,66870309,66870302
17091,17091,4,,,,,,66870305,66870303
17091,17091,4,,,,,,66870304,66870306
17091,17091,4,,,,,,66870484,66870485
17091,17091,4,,,,,,66870481,66870477
17091,17091,4,,,,,,66870483,66870480
17091,17091,4,,,,,,66870482,66870479
17091,17091,4,,,,,,66870476,66870478
17091,17091,4,,,,,,66870473,66870474
17091,17091,4,,,,,,66870487,66870495
17091,17091,4,,,,,,66872328,66872329
17091,17091,4,,,,,,66872323,66872327
17091,17091,4,,,,,,66872321,66872318
17091,17091,4,,,,,,66872326,66872322
17091,17091,4,,,,,,66872320,66872335
17091,17091,4,,,,,,66872330,66872332
17091,17091,4,,,,,,66872336,66872334
17091,17091,4,,,,,,66872331,66872333
17091,17091,4,,,,,,66872281,66872277
17091,17091,4,,,,,,66872273,66872269
17091,17091,4,,,,,,66872264,66872265
17091,17091,4,,,,,,66872257,66872258
17091,17091,4,,,,,,66872246,66872241
17091,17091,4,,,,,,66872240,66872239
17091,17091,4,,,,,,66872242,66872245
17091,17091,4,,,,,,66872244,66872243
17091,17091,4,,,,,,66872250,66872249
17091,17091,4,,,,,,66872248,66872247
17091,17091,4,,,,,,66872227,66872237
17091,17091,4,,,,,,66872226,66872238
17091,17091,4,,,,,,66872236,66872233
17091,17091,4,,,,,,66872234,66872230
17091,17091,4,,,,,,66872228,66872232
17091,17091,4,,,,,,66872231,66872225
17091,17091,4,,,,,,66872212,66872204
17091,17091,4,,,,,,66872202,66872190
17091,17091,4,,,,,,66872196,66872195
17091,17091,4,,,,,,66872197,66872194
17091,17091,4,,,,,,66872174,66872189
17091,17091,4,,,,,,66872187,66872186
17091,17091,4,,,,,,66872172,66872181
17091,17091,4,,,,,,66872182,66872184
17091,17091,4,,,,,,66872188,66872180
17091,17091,4,,,,,,66872162,66872163
17091,17091,4,,,,,,66872167,66872164
17091,17091,4,,,,,,66872185,66872176
17091,17091,4,,,,,,66872177,66872169
17091,17091,4,,,,,,66872280,66872275
17091,17091,4,,,,,,66872271,66872268
17091,17091,4,,,,,,66872263,66872262
17091,17091,4,,,,,,66872255,66872256
17091,17091,4,,,,,,66872235,66872219
17091,17091,4,,,,,,66872218,66872210
17091,17091,4,,,,,,66872209,66872203
17091,17091,4,,,,,,66872200,66872170
17091,17091,4,,,,,,66872175,66872155
17091,17091,4,,,,,,66872153,66872150
17091,17091,4,,,,,,66872125,66872133
17091,17091,4,,,,,,66872145,66872126
17091,17091,4,,,,,,66872132,66872138
17091,17091,4,,,,,,66872127,66872144
17091,17091,4,,,,,,66872130,66872128
17091,17091,4,,,,,,66872139,66872147
17091,17091,4,,,,,,66872137,66872135
17091,17091,4,,,,,,66872309,66872283
17091,17091,4,,,,,,66872279,66872274
17091,17091,4,,,,,,66872270,66872267
17091,17091,4,,,,,,66872261,66872254
17091,17091,4,,,,,,66872253,66872222
17091,17091,4,,,,,,66872223,66872217
17091,17091,4,,,,,,66872214,66872208
17091,17091,4,,,,,,66872206,66872201
17091,17091,4,,,,,,66872199,66872160
17091,17091,4,,,,,,66872157,66872154
17091,17091,4,,,,,,66872152,66872131
17091,17091,4,,,,,,66872123,66872121
17091,17091,4,,,,,,66872119,66872113
17091,17091,4,,,,,,66872114,66872115
17091,17091,4,,,,,,66872111,66872094
17091,17091,4,,,,,,66872099,66872103
17091,17091,4,,,,,,66872107,66872105
17091,17091,4,,,,,,66872097,66872095
17091,17091,4,,,,,,66872285,66872284
17091,17091,4,,,,,,66872304,66872299
17091,17091,4,,,,,,66872303,66872300
17091,17091,4,,,,,,66872292,66872302
17091,17091,4,,,,,,66872294,66872301
17091,17091,4,,,,,,66872296,66872293
17091,17091,4,,,,,,66872298,66872297
17091,17091,4,,,,,,66872286,66872278
17091,17091,4,,,,,,66872276,66872272
17091,17091,4,,,,,,66872266,66872259
17091,17091,4,,,,,,66872260,66872252
17091,17091,4,,,,,,66872251,66872221
17091,17091,4,,,,,,66872220,66872216
17091,17091,4,,,,,,66872213,66872207
17091,17091,4,,,,,,66872205,66872198
17091,17091,4,,,,,,66872159,66872158
17091,17091,4,,,,,,66872156,66872151
17091,17091,4,,,,,,66872193,66872124
17091,17091,4,,,,,,66872122,66872120
17091,17091,4,,,,,,66872118,66872116
17091,17091,4,,,,,,66872117,66872112
17091,17091,4,,,,,,66872093,66872087
17091,17091,4,,,,,,66872092,66872091
17091,17091,4,,,,,,66872086,66872090
17091,17091,4,,,,,,66872089,66872088
17091,17091,4,,,,,,66872083,66872080
17091,17091,4,,,,,,66872146,66872149
17091,17091,4,,,,,,66872134,66872148
17091,17091,4,,,,,,66872129,66872140
17091,17091,4,,,,,,66872136,66872141
17091,17091,4,,,,,,66872142,66872143
17091,17091,4,,,,,,66872106,66872098
17091,17091,4,,,,,,66872100,66872110
17091,17091,4,,,,,,66872104,66872108
17091,17091,4,,,,,,66872109,66872102
17091,17091,4,,,,,,66872096,66872101
17091,17091,4,,,,,,66872078,66872084
17091,17091,4,,,,,,66872077,66872082
17091,17091,4,,,,,,66872081,66872085
17091,17091,4,,,,,,66872079,66872076
17091,17091,4,,,,,,66872171,66872173
17091,17091,4,,,,,,66872179,66872178
17091,17091,4,,,,,,66872161,66872183
17091,17091,4,,,,,,66872166,66872165
17091,17091,4,,,,,,66861521,66861516
17091,17091,4,,,,,,66861509,66861507
17091,17091,4,,,,,,66861496,66861494
17091,17091,4,,,,,,66861484,66861485
17091,17091,4,,,,,,66861466,66861440
17091,17091,4,,,,,,66861433,66861432
17091,17091,4,,,,,,66861424,66861422
17091,17091,4,,,,,,66861410,66861413
17091,17091,4,,,,,,66861407,66861396
17091,17091,4,,,,,,66861371,66861372
17091,17091,4,,,,,,66861369,66861365
17091,17091,4,,,,,,66861364,66861358
17091,17091,4,,,,,,66861354,66861351
17091,17091,4,,,,,,66861349,66861350
17091,17091,4,,,,,,66861347,66861348
17091,17091,4,,,,,,66861338,66861344
17091,17091,4,,,,,,66861341,66861343
17091,17091,4,,,,,,66861352,66861353
17091,17091,4,,,,,,66861339,66861340
17091,17091,4,,,,,,66861335,66861333
17091,17091,4,,,,,,66861326,66861323
17091,17091,4,,,,,,66861327,66861306
17091,17091,4,,,,,,66861303,66861313
17091,17091,4,,,,,,66861311,66861310
17091,17091,4,,,,,,66861300,66861298
17091,17091,4,,,,,,66861518,66861513
17091,17091,4,,,,,,66861508,66861495
17091,17091,4,,,,,,66861497,66861493
17091,17091,4,,,,,,66861486,66861444
17091,17091,4,,,,,,66861439,66861438
17091,17091,4,,,,,,66861430,66861431
17091,17091,4,,,,,,66861423,66861421
17091,17091,4,,,,,,66861420,66861415
17091,17091,4,,,,,,66861429,66861419
17091,17091,4,,,,,,66861417,66861414
17091,17091,4,,,,,,66861397,66861398
17091,17091,4,,,,,,66861370,66861368
17091,17091,4,,,,,,66861360,66861361
17091,17091,4,,,,,,66861359,66861355
17091,17091,4,,,,,,66861342,66861345
17091,17091,4,,,,,,66861334,66861325
17091,17091,4,,,,,,66861324,66861332
17091,17091,4,,,,,,66861330,66861302
17091,17091,4,,,,,,66861515,66861511
17091,17091,4,,,,,,66861498,66861500
17091,17091,4,,,,,,66861499,66861492
17091,17091,4,,,,,,66861489,66861471
17091,17091,4,,,,,,66861441,66861436
17091,17091,4,,,,,,66861437,66861425
17091,17091,4,,,,,,66861427,66861416
17091,17091,4,,,,,,66861418,66861399
17091,17091,4,,,,,,66861400,66861394
17091,17091,4,,,,,,66861366,66861367
17091,17091,4,,,,,,66861363,66861362
17091,17091,4,,,,,,66861357,66861356
17091,17091,4,,,,,,66861346,66861336
17091,17091,4,,,,,,66861337,66861329
17091,17091,4,,,,,,66861328,66861331
17091,17091,4,,,,,,66861304,66861305
17091,17091,4,,,,,,66861308,66861307
17091,17091,4,,,,,,66861309,66861314
17091,17091,4,,,,,,66861312,66861315
17091,17091,4,,,,,,66861523,66861519
17091,17091,4,,,,,,66861512,66861510
17091,17091,4,,,,,,66861502,66861506
17091,17091,4,,,,,,66861501,66861488
17091,17091,4,,,,,,66861487,66861473
17091,17091,4,,,,,,66861472,66861475
17091,17091,4,,,,,,66861470,66861474
17091,17091,4,,,,,,66861477,66861478
17091,17091,4,,,,,,66861467,66861469
17091,17091,4,,,,,,66861445,66861443
17091,17091,4,,,,,,66861464,66861468
17091,17091,4,,,,,,66861458,66861452
17091,17091,4,,,,,,66861449,66861450
17091,17091,4,,,,,,66861451,66861455
17091,17091,4,,,,,,66861456,66861457
17091,17091,4,,,,,,66861453,66861459
17091,17091,4,,,,,,66861447,66861454
17091,17091,4,,,,,,66861480,66861460
17091,17091,4,,,,,,66861463,66861481
17091,17091,4,,,,,,66861448,66861462
17091,17091,4,,,,,,66861520,66861517
17091,17091,4,,,,,,66861514,66861503
17091,17091,4,,,,,,66861504,66861505
17091,17091,4,,,,,,66861491,66861490
17091,17091,4,,,,,,66861476,66861442
17091,17091,4,,,,,,66861435,66861434
17091,17091,4,,,,,,66861426,66861428
17091,17091,4,,,,,,66861409,66861411
17091,17091,4,,,,,,66861412,66861392
17091,17091,4,,,,,,66861388,66861393
17091,17091,4,,,,,,66861389,66861391
17091,17091,4,,,,,,66861379,66861381
17091,17091,4,,,,,,66861378,66861377
17091,17091,4,,,,,,66861386,66861385
17091,17091,4,,,,,,66861382,66861380
17091,17091,4,,,,,,66861383,66861384
17091,17091,4,,,,,,66861404,66861401
17091,17091,4,,,,,,66861375,66861374
17091,17091,4,,,,,,66861390,66861373
17091,17091,4,,,,,,66861402,66861406
17091,17091,4,,,,,,66861299,66861301
17091,17091,4,,,,,,66861316,66861317
17091,17091,4,,,,,,66861319,66861320
17091,17091,4,,,,,,66861296,66861297
17091,17091,4,,,,,,66861321,66861322
17091,17091,4,,,,,,66861318,66861294
17091,17091,4,,,,,,66861293,66861291
17091,17091,4,,,,,,66861295,66861292
17091,17091,4,,,,,,66861461,66861482
17091,17091,4,,,,,,66861479,66861483
17091,17091,4,,,,,,66861446,66861465
17091,17091,4,,,,,,66861387,66861408
17091,17091,4,,,,,,66861405,66861403
17091,17091,4,,,,,,66861395,66861376
17091,17091,4,,,,,,66862427,66862429
17091,17091,4,,,,,,66862428,66862430
17091,17091,4,,,,,,66862440,66862443
17091,17091,4,,,,,,66862449,66862451
17091,17091,4,,,,,,66862456,66862460
17091,17091,4,,,,,,66862465,66862466
17091,17091,4,,,,,,66862473,66862476
17091,17091,4,,,,,,66862483,66862480
17091,17091,4,,,,,,66862486,66862491
17091,17091,4,,,,,,66862496,66862499
17091,17091,4,,,,,,66862503,66862511
17091,17091,4,,,,,,66862512,66862517
17091,17091,4,,,,,,66862523,66862525
17091,17091,4,,,,,,66862561,66862569
17091,17091,4,,,,,,66862580,66862582
17091,17091,4,,,,,,66862597,66862598
17091,17091,4,,,,,,66862604,66862613
17091,17091,4,,,,,,66862623,66862618
17091,17091,4,,,,,,66862629,66862630
17091,17091,4,,,,,,66862640,66862638
17091,17091,4,,,,,,66862433,66862432
17091,17091,4,,,,,,66862434,66862431
17091,17091,4,,,,,,66862442,66862445
17091,17091,4,,,,,,66862453,66862455
17091,17091,4,,,,,,66862457,66862458
17091,17091,4,,,,,,66862468,66862467
17091,17091,4,,,,,,66862475,66862477
17091,17091,4,,,,,,66862482,66862481
17091,17091,4,,,,,,66862490,66862493
17091,17091,4,,,,,,66862497,66862500
17091,17091,4,,,,,,66862507,66862509
17091,17091,4,,,,,,66862516,66862515
17091,17091,4,,,,,,66862524,66862528
17091,17091,4,,,,,,66862564,66862568
17091,17091,4,,,,,,66862587,66862581
17091,17091,4,,,,,,66862601,66862602
17091,17091,4,,,,,,66862610,66862611
17091,17091,4,,,,,,66862622,66862624
17091,17091,4,,,,,,66862631,66862633
17091,17091,4,,,,,,66862518,66862520
17091,17091,4,,,,,,66862526,66862530
17091,17091,4,,,,,,66862567,66862573
17091,17091,4,,,,,,66862583,66862588
17091,17091,4,,,,,,66862599,66862607
17091,17091,4,,,,,,66862612,66862621
17091,17091,4,,,,,,66862625,66862627
17091,17091,4,,,,,,66862632,66862635
17091,17091,4,,,,,,66862639,66862643
17091,17091,4,,,,,,66862645,66862646
17091,17091,4,,,,,,66862425,66862424
17091,17091,4,,,,,,66862426,66862436
17091,17091,4,,,,,,66862444,66862447
17091,17091,4,,,,,,66862450,66862454
17091,17091,4,,,,,,66862461,66862462
17091,17091,4,,,,,,66862469,66862472
17091,17091,4,,,,,,66862474,66862478
17091,17091,4,,,,,,66862485,66862488
17091,17091,4,,,,,,66862494,66862495
17091,17091,4,,,,,,66862502,66862501
17091,17091,4,,,,,,66862510,66862508
17091,17091,4,,,,,,66862519,66862521
17091,17091,4,,,,,,66862527,66862532
17091,17091,4,,,,,,66862570,66862574
17091,17091,4,,,,,,66862591,66862593
17091,17091,4,,,,,,66862606,66862609
17091,17091,4,,,,,,66862620,66862619
17091,17091,4,,,,,,66862626,66862628
17091,17091,4,,,,,,66862637,66862634
17091,17091,4,,,,,,66862642,66862644
17091,17091,4,,,,,,66862437,66862438
17091,17091,4,,,,,,66862439,66862441
17091,17091,4,,,,,,66862448,66862446
17091,17091,4,,,,,,66862452,66862459
17091,17091,4,,,,,,66862464,66862463
17091,17091,4,,,,,,66862470,66862471
17091,17091,4,,,,,,66862479,66862484
17091,17091,4,,,,,,66862487,66862489
17091,17091,4,,,,,,66862492,66862498
17091,17091,4,,,,,,66862504,66862506
17091,17091,4,,,,,,66862505,66862513
17091,17091,4,,,,,,66862514,66862522
17091,17091,4,,,,,,66862529,66862533
17091,17091,4,,,,,,66862576,66862571
17091,17091,4,,,,,,66862584,66862592
17091,17091,4,,,,,,66862641,66862636
17091,17091,4,,,,,,66862649,66862651
17091,17091,4,,,,,,66862652,66862657
17091,17091,4,,,,,,66862662,66862665
17091,17091,4,,,,,,66862668,66862672
17091,17091,4,,,,,,66862678,66862683
17091,17091,4,,,,,,66862647,66862648
17091,17091,4,,,,,,66862654,66862656
17091,17091,4,,,,,,66862661,66862663
17091,17091,4,,,,,,66862671,66862674
17091,17091,4,,,,,,66862676,66862681
17091,17091,4,,,,,,66862685,66862689
17091,17091,4,,,,,,66862650,66862655
17091,17091,4,,,,,,66862658,66862660
17091,17091,4,,,,,,66862666,66862669
17091,17091,4,,,,,,66862670,66862677
17091,17091,4,,,,,,66862679,66862688
17091,17091,4,,,,,,66862653,66862659
17091,17091,4,,,,,,66862664,66862667
17091,17091,4,,,,,,66862675,66862673
17091,17091,4,,,,,,66862682,66862680
17091,17091,4,,,,,,66868883,66868888
17091,17091,4,,,,,,66868896,66868887
17091,17091,4,,,,,,66868891,66868892
17091,17091,4,,,,,,66868893,66868895
17091,17091,4,,,,,,66868884,66868894
17091,17091,4,,,,,,66868889,66868885
17091,17091,4,,,,,,66868886,66868898
17091,17091,4,,,,,,66868897,66868900
17091,17091,4,,,,,,66868899,66868902
17091,17091,4,,,,,,66868901,66868904
17091,17091,4,,,,,,66868903,66868908
17091,17091,4,,,,,,66868910,66868914
17091,17091,4,,,,,,66868905,66868911
17091,17091,4,,,,,,66868867,66868912
17091,17091,4,,,,,,66868909,66868907
17091,17091,4,,,,,,66868747,66868739
17091,17091,4,,,,,,66868736,66868732
17091,17091,4,,,,,,66868937,66868934
17091,17091,4,,,,,,66868935,66868936
17091,17091,4,,,,,,66868932,66868931
17091,17091,4,,,,,,66868933,66868930
17091,17091,4,,,,,,66868929,66868928
17091,17091,4,,,,,,66868927,66868926
17091,17091,4,,,,,,66868925,66868924
17091,17091,4,,,,,,66868922,66868921
17091,17091,4,,,,,,66868813,66868838
17091,17091,4,,,,,,66868839,66868836
17091,17091,4,,,,,,66868844,66868837
17091,17091,4,,,,,,66868845,66868841
17091,17091,4,,,,,,66868847,66868814
17091,17091,4,,,,,,66868846,66868834
17091,17091,4,,,,,,66868741,66868742
17091,17091,4,,,,,,66868743,66868731
17091,17091,4,,,,,,66868728,66868724
17091,17091,4,,,,,,66868917,66868918
17091,17091,4,,,,,,66868773,66868770
17091,17091,4,,,,,,66868772,66868768
17091,17091,4,,,,,,66868765,66868744
17091,17091,4,,,,,,66868840,66868843
17091,17091,4,,,,,,66868842,66868835
17091,17091,4,,,,,,66868815,66868816
17091,17091,4,,,,,,66868827,66868828
17091,17091,4,,,,,,66868860,66868859
17091,17091,4,,,,,,66868856,66868854
17091,17091,4,,,,,,66868852,66868850
17091,17091,4,,,,,,66868848,66868831
17091,17091,4,,,,,,66868833,66868810
17091,17091,4,,,,,,66868808,66868807
17091,17091,4,,,,,,66868805,66868804
17091,17091,4,,,,,,66868800,66868799
17091,17091,4,,,,,,66868797,66868795
17091,17091,4,,,,,,66868792,66868787
17091,17091,4,,,,,,66868786,66868785
17091,17091,4,,,,,,66868791,66868790
17091,17091,4,,,,,,66868783,66868781
17091,17091,4,,,,,,66868780,66868782
17091,17091,4,,,,,,66868778,66868779
17091,17091,4,,,,,,66868735,66868737
17091,17091,4,,,,,,66868734,66868729
17091,17091,4,,,,,,66868715,66868716
17091,17091,4,,,,,,66868858,66868857
17091,17091,4,,,,,,66868855,66868853
17091,17091,4,,,,,,66868851,66868849
17091,17091,4,,,,,,66868830,66868829
17091,17091,4,,,,,,66868811,66868812
17091,17091,4,,,,,,66868809,66868806
17091,17091,4,,,,,,66868803,66868801
17091,17091,4,,,,,,66868802,66868798
17091,17091,4,,,,,,66868796,66868793
17091,17091,4,,,,,,66868794,66868788
17091,17091,4,,,,,,66868789,66868784
17091,17091,4,,,,,,66868777,66868775
17091,17091,4,,,,,,66868774,66868771
17091,17091,4,,,,,,66868764,66868769
17091,17091,4,,,,,,66868766,66868746
17091,17091,4,,,,,,66868745,66868740
17091,17091,4,,,,,,66868738,66868754
17091,17091,4,,,,,,66868756,66868752
17091,17091,4,,,,,,66868750,66868753
17091,17091,4,,,,,,66868748,66868749
17091,17091,4,,,,,,66868820,66868826
17091,17091,4,,,,,,66868824,66868819
17091,17091,4,,,,,,66868821,66868822
17091,17091,4,,,,,,66868825,66868823
17091,17091,4,,,,,,66868818,66868817
17091,17091,4,,,,,,66868733,66868730
17091,17091,4,,,,,,66868723,66868720
17091,17091,4,,,,,,66868718,66868719
17091,17091,4,,,,,,66868722,66868721
17091,17091,4,,,,,,66868713,66868714
17091,17091,4,,,,,,66868710,66868711
17091,17091,4,,,,,,66868726,66868725
17091,17091,4,,,,,,66868717,66868727
17091,17091,4,,,,,,66868876,66868875
17091,17091,4,,,,,,66868878,66868874
17091,17091,4,,,,,,66868877,66868873
17091,17091,4,,,,,,66868871,66868872
17091,17091,4,,,,,,66868868,66868869
17091,17091,4,,,,,,66868882,66868890
17091,17091,4,,,,,,66868712,66868709
17091,17091,4,,,,,,66868708,66868707
17091,17091,4,,,,,,66868706,66868705
17091,17091,4,,,,,,66868704,66868697
17091,17091,4,,,,,,66868700,66868698
17091,17091,4,,,,,,66868699,66868701
17091,17091,4,,,,,,66868760,66868761
17091,17091,4,,,,,,66868751,66868759
17091,17091,4,,,,,,66868758,66868755
17091,17091,4,,,,,,66868757,66868762
17091,17091,4,,,,,,66868906,66868913
17091,17091,4,,,,,,66868865,66868866
17091,17091,4,,,,,,66868870,66868881
17091,17091,4,,,,,,66868879,66868880
17091,17091,4,,,,,,66865746,66865740
17091,17091,4,,,,,,66865737,66865738
17091,17091,4,,,,,,66865739,66865743
17091,17091,4,,,,,,66865744,66865745
17091,17091,4,,,,,,66865741,66865747
17091,17091,4,,,,,,66865696,66865693
17091,17091,4,,,,,,66865768,66865748
17091,17091,4,,,,,,66865808,66865805
17091,17091,4,,,,,,66865802,66865792
17091,17091,4,,,,,,66865793,66865794
17091,17091,4,,,,,,66865779,66865778
17091,17091,4,,,,,,66865764,66865727
17091,17091,4,,,,,,66865723,66865722
17091,17091,4,,,,,,66865714,66865716
17091,17091,4,,,,,,66865851,66865843
17091,17091,4,,,,,,66865755,66865757
17091,17091,4,,,,,,66865840,66865842
17091,17091,4,,,,,,66865752,66865756
17091,17091,4,,,,,,66865844,66865852
17091,17091,4,,,,,,66865702,66865700
17091,17091,4,,,,,,66865704,66865684
17091,17091,4,,,,,,66865680,66865685
17091,17091,4,,,,,,66865681,66865683
17091,17091,4,,,,,,66865668,66865673
17091,17091,4,,,,,,66865671,66865670
17091,17091,4,,,,,,66865678,66865677
17091,17091,4,,,,,,66865674,66865672
17091,17091,4,,,,,,66865675,66865676
17091,17091,4,,,,,,66865809,66865804
17091,17091,4,,,,,,66865797,66865795
17091,17091,4,,,,,,66865784,66865782
17091,17091,4,,,,,,66865772,66865773
17091,17091,4,,,,,,66865754,66865729
17091,17091,4,,,,,,66865721,66865720
17091,17091,4,,,,,,66865712,66865711
17091,17091,4,,,,,,66865703,66865705
17091,17091,4,,,,,,66865699,66865688
17091,17091,4,,,,,,66865663,66865664
17091,17091,4,,,,,,66865661,66865657
17091,17091,4,,,,,,66865656,66865650
17091,17091,4,,,,,,66865646,66865643
17091,17091,4,,,,,,66865641,66865642
17091,17091,4,,,,,,66865636,66865640
17091,17091,4,,,,,,66865630,66865637
17091,17091,4,,,,,,66865633,66865635
17091,17091,4,,,,,,66865806,66865801
17091,17091,4,,,,,,66865796,66865783
17091,17091,4,,,,,,66865785,66865781
17091,17091,4,,,,,,66865774,66865732
17091,17091,4,,,,,,66865728,66865726
17091,17091,4,,,,,,66865718,66865719
17091,17091,4,,,,,,66865717,66865710
17091,17091,4,,,,,,66865708,66865706
17091,17091,4,,,,,,66865689,66865690
17091,17091,4,,,,,,66865662,66865660
17091,17091,4,,,,,,66865652,66865653
17091,17091,4,,,,,,66865651,66865647
17091,17091,4,,,,,,66865631,66865632
17091,17091,4,,,,,,66865628,66865626
17091,17091,4,,,,,,66865618,66865615
17091,17091,4,,,,,,66865619,66865598
17091,17091,4,,,,,,66865679,66865701
17091,17091,4,,,,,,66865697,66865695
17091,17091,4,,,,,,66865687,66865669
17091,17091,4,,,,,,66865803,66865799
17091,17091,4,,,,,,66865786,66865788
17091,17091,4,,,,,,66865787,66865780
17091,17091,4,,,,,,66865777,66865760
17091,17091,4,,,,,,66865730,66865724
17091,17091,4,,,,,,66865725,66865713
17091,17091,4,,,,,,66865715,66865707
17091,17091,4,,,,,,66865709,66865691
17091,17091,4,,,,,,66865692,66865686
17091,17091,4,,,,,,66865658,66865659
17091,17091,4,,,,,,66865655,66865654
17091,17091,4,,,,,,66865649,66865648
17091,17091,4,,,,,,66865634,66865638
17091,17091,4,,,,,,66865627,66865617
17091,17091,4,,,,,,66865616,66865624
17091,17091,4,,,,,,66865622,66865595
17091,17091,4,,,,,,66865596,66865605
17091,17091,4,,,,,,66865603,66865602
17091,17091,4,,,,,,66865592,66865590
17091,17091,4,,,,,,66865644,66865645
17091,17091,4,,,,,,66865639,66865625
17091,17091,4,,,,,,66865629,66865621
17091,17091,4,,,,,,66865620,66865623
17091,17091,4,,,,,,66865593,66865597
17091,17091,4,,,,,,66865600,66865599
17091,17091,4,,,,,,66865601,66865606
17091,17091,4,,,,,,66865604,66865607
17091,17091,4,,,,,,66865811,66865807
17091,17091,4,,,,,,66865800,66865798
17091,17091,4,,,,,,66865790,66865791
17091,17091,4,,,,,,66865789,66865776
17091,17091,4,,,,,,66865775,66865762
17091,17091,4,,,,,,66865761,66865763
17091,17091,4,,,,,,66865758,66865759
17091,17091,4,,,,,,66865765,66865766
17091,17091,4,,,,,,66865854,66865847
17091,17091,4,,,,,,66865733,66865731
17091,17091,4,,,,,,66865839,66865846
17091,17091,4,,,,,,66865850,66865837
17091,17091,4,,,,,,66865838,66865841
17091,17091,4,,,,,,66865849,66865845
17091,17091,4,,,,,,66865836,66865835
17091,17091,4,,,,,,66865853,66865848
17091,17091,4,,,,,,66865735,66865742
17091,17091,4,,,,,,66865749,66865770
17091,17091,4,,,,,,66865767,66865771
17091,17091,4,,,,,,66865734,66865753
17091,17091,4,,,,,,66865751,66865769
17091,17091,4,,,,,,66865736,66865750
17091,17091,4,,,,,,66865613,66865614
17091,17091,4,,,,,,66865610,66865586
17091,17091,4,,,,,,66865585,66865583
17091,17091,4,,,,,,66865587,66865584
17091,17091,4,,,,,,66865667,66865666
17091,17091,4,,,,,,66865682,66865665
17091,17091,4,,,,,,66865694,66865698
17091,17091,4,,,,,,66865591,66865594
17091,17091,4,,,,,,66865608,66865609
17091,17091,4,,,,,,66865611,66865612
17091,17091,4,,,,,,66865588,66865589
17861,17861,4,,,,,,64462773_1,64462773_2
17861,17861,4,,,,,,66644125_1,66644125_2
1805,1805,4,,,,,,66650788,66651064
1805,1805,4,,,,,,66650794,66651068
1805,1805,4,,,,,,66650790,66651065
1805,1805,4,,,,,,66650795,66651066
1805,1805,4,,,,,,66650799,66651067
1805,1805,4,,,,,,66650804,66651073
1805,1805,4,,,,,,66650808,66651076
1805,1805,4,,,,,,66650812,66651077
1805,1805,4,,,,,,66650817,66651075
1805,1805,4,,,,,,66650793,66651063
1805,1805,4,,,,,,66650797,66651071
1805,1805,4,,,,,,66650801,66651072
1805,1805,4,,,,,,66650798,66651069
1805,1805,4,,,,,,66650802,66651070
1805,1805,4,,,,,,64462676,64462974
1805,1805,4,,,,,,64462680,64462982
1805,1805,4,,,,,,64462684,64462983
1805,1805,4,,,,,,64462687,64462984
1805,1805,4,,,,,,64462691,64462986
1805,1805,4,,,,,,64462695,64462987
1805,1805,4,,,,,,64462700,64462985
1805,1805,4,,,,,,64462671,64462975
1805,1805,4,,,,,,64462677,64462978
1805,1805,4,,,,,,64462681,64462979
1805,1805,4,,,,,,64462685,64462981
1805,1805,4,,,,,,64462673,64462976
1805,1805,4,,,,,,64462678,64462980
1805,1805,4,,,,,,64462682,64462977
1805,1805,4,,,,,,67003369,67003638
1805,1805,4,,,,,,67003373,67003643
1805,1805,4,,,,,,67003377,67003647
1805,1805,4,,,,,,67003364,67003639
1805,1805,4,,,,,,67003370,67003644
1805,1805,4,,,,,,67003374,67003645
1805,1805,4,,,,,,67003378,67003646
1805,1805,4,,,,,,67003366,67003640
1805,1805,4,,,,,,67003371,67003641
1805,1805,4,,,,,,67003375,67003642
1805,1805,4,,,,,,67003380,67003648
1805,1805,4,,,,,,67003384,67003651
1805,1805,4,,,,,,67003388,67003652
1805,1805,4,,,,,,67003395,67003650
1805,1805,4,,,,,,66918169,66918434
1805,1805,4,,,,,,66918173,66918439
1805,1805,4,,,,,,66918177,66918443
1805,1805,4,,,,,,66918164,66918435
1805,1805,4,,,,,,66918170,66918440
1805,1805,4,,,,,,66918174,66918441
1805,1805,4,,,,,,66918178,66918442
1805,1805,4,,,,,,66918166,66918436
1805,1805,4,,,,,,66918171,66918437
1805,1805,4,,,,,,66918175,66918438
1805,1805,4,,,,,,66918180,66918444
1805,1805,4,,,,,,66918184,66918446
1805,1805,4,,,,,,66918188,66918447
1805,1805,4,,,,,,66918193,66918445
18974,18974,4,,,,,,67251105,67251134
18974,18974,4,,,,,,67251086,67251555
18974,18974,4,,,,,,67251104,67251106
18974,18974,4,,,,,,67251421,67251121
18974,18974,4,,,,,,67251126,67251406
18974,18974,4,,,,,,67251152,67251146
18974,18974,4,,,,,,67251113,67251738
18974,18974,4,,,,,,67251737,67251103
18974,18974,4,,,,,,67251123,67251432
18974,18974,4,,,,,,67251122,67251151
18974,18974,4,,,,,,67251154,67251125
18974,18974,4,,,,,,65050294,65049989
18974,18974,4,,,,,,65049994,65050277
18974,18974,4,,,,,,65050020,65050014
18974,18974,4,,,,,,65049985,65049982
18974,18974,4,,,,,,65049991,65050306
18974,18974,4,,,,,,65049990,65050019
18974,18974,4,,,,,,65050022,65049993
18974,18974,4,,,,,,65049936,65050001
18974,18974,4,,,,,,65049957,65050427
18974,18974,4,,,,,,65049929,65049955
18974,18974,4,,,,,,65071254,65071255
18974,18974,4,,,,,,65071256,65071253
18974,18974,4,,,,,,65071259,65071260
18974,18974,4,,,,,,65071261,65071257
18974,18974,4,,,,,,65070714,65070715
18974,18974,4,,,,,,65070716,65070713
18974,18974,4,,,,,,65070717,65070718
18974,18974,4,,,,,,65070994,65070993
18974,18974,4,,,,,,65071258,65071262
18974,18974,4,,,,,,65071263,65071264
18974,18974,4,,,,,,65071265,65071266
18974,18974,4,,,,,,65071267,65070710
18974,18974,4,,,,,,65070711,65070712
18974,18974,4,,,,,,67163987,67163988
18974,18974,4,,,,,,67163989,67163986
18974,18974,4,,,,,,67163992,67163993
18974,18974,4,,,,,,67163444,67163445
18974,18974,4,,,,,,67163447,67163448
18974,18974,4,,,,,,67163449,67163446
18974,18974,4,,,,,,67163450,67163451
18974,18974,4,,,,,,67163727,67163726
18974,18974,4,,,,,,67163994,67163990
18974,18974,4,,,,,,67163991,67163995
18974,18974,4,,,,,,67163996,67163997
18974,18974,4,,,,,,67163998,67163999
18974,18974,4,,,,,,67164000,67163443
18974,18974,4,,,,,,67255989,67256018
18974,18974,4,,,,,,67255971,67256421
18974,18974,4,,,,,,67255988,67255990
18974,18974,4,,,,,,67256007,67256301
18974,18974,4,,,,,,67256006,67256035
18974,18974,4,,,,,,67256038,67256009
18974,18974,4,,,,,,67256290,67256005
18974,18974,4,,,,,,67256010,67256275
18974,18974,4,,,,,,67256036,67256030
18974,18974,4,,,,,,67255997,67256591
18974,18974,4,,,,,,67256590,67255987
18974,18974,4,,,,,,67237241,67237242
18974,18974,4,,,,,,67237243,67237240
18974,18974,4,,,,,,67237246,67237247
18974,18974,4,,,,,,67237248,67237244
18974,18974,4,,,,,,67178038,67178039
18974,18974,4,,,,,,67178040,67178037
18974,18974,4,,,,,,67178041,67178042
18974,18974,4,,,,,,67236981,67236980
18974,18974,4,,,,,,67237245,67237249
18974,18974,4,,,,,,67237250,67237251
18974,18974,4,,,,,,67237252,67237253
18974,18974,4,,,,,,67237254,67178034
18974,18974,4,,,,,,67178035,67178036
18974,18974,4,,,,,,67253596,67253625
18974,18974,4,,,,,,67253578,67254028
18974,18974,4,,,,,,67253595,67253597
18974,18974,4,,,,,,67253614,67253908
18974,18974,4,,,,,,67253613,67253642
18974,18974,4,,,,,,67253645,67253616
18974,18974,4,,,,,,67253897,67253612
18974,18974,4,,,,,,67253617,67253882
18974,18974,4,,,,,,67253643,67253637
18974,18974,4,,,,,,67253604,67254198
18974,18974,4,,,,,,67254197,67253594
18975,18975,4,,,,,,67251095,67251094
18975,18975,4,,,,,,67251091,67251056
18975,18975,4,,,,,,67251092,67251066
18975,18975,4,,,,,,67251064,67251067
18975,18975,4,,,,,,67251063,67251203
18975,18975,4,,,,,,67251127,67251158
18975,18975,4,,,,,,67251128,67251226
18975,18975,4,,,,,,67251129,67251159
18975,18975,4,,,,,,67251156,67251131
18975,18975,4,,,,,,67251100,67251081
18975,18975,4,,,,,,65049995,65050027
18975,18975,4,,,,,,65049996,65050024
18975,18975,4,,,,,,65049997,65050028
18975,18975,4,,,,,,65050025,65049999
18975,18975,4,,,,,,65049977,65049951
18975,18975,4,,,,,,65049973,65049972
18975,18975,4,,,,,,65049962,65049923
18975,18975,4,,,,,,65049963,65049928
18975,18975,4,,,,,,65049937,65049930
18975,18975,4,,,,,,65049934,65050074
18975,18975,4,,,,,,67255976,67255942
18975,18975,4,,,,,,67255977,67255952
18975,18975,4,,,,,,67255950,67255953
18975,18975,4,,,,,,67255949,67256075
18975,18975,4,,,,,,67256011,67256042
18975,18975,4,,,,,,67256012,67256098
18975,18975,4,,,,,,67256013,67256043
18975,18975,4,,,,,,67256040,67256015
18975,18975,4,,,,,,67255984,67255966
18975,18975,4,,,,,,67253583,67253549
18975,18975,4,,,,,,67253584,67253559
18975,18975,4,,,,,,67253557,67253560
18975,18975,4,,,,,,67253556,67253682
18975,18975,4,,,,,,67253618,67253649
18975,18975,4,,,,,,67253619,67253705
18975,18975,4,,,,,,67253620,67253650
18975,18975,4,,,,,,67253647,67253622
18975,18975,4,,,,,,67253591,67253573
1926,1926,4,,,,,,66653107,66653157
1926,1926,4,,,,,,66653112,66653152
1926,1926,4,,,,,,66653216,66653281
1926,1926,4,,,,,,66653221,66653296
1926,1926,4,,,,,,66653222,66653285
1926,1926,4,,,,,,66653327,66653279
1926,1926,4,,,,,,66653213,66653207
1926,1926,4,,,,,,66653192,66653205
1926,1926,4,,,,,,66653193,66653208
1926,1926,4,,,,,,64465372,64465387
1926,1926,4,,,,,,64465284,64465330
1926,1926,4,,,,,,64465286,64465326
1926,1926,4,,,,,,64465398,64465463
1926,1926,4,,,,,,64465400,64465475
1926,1926,4,,,,,,64465401,64465464
1926,1926,4,,,,,,64465506,64465458
1926,1926,4,,,,,,64465391,64465386
1926,1926,4,,,,,,64465371,64465384
1926,1926,4,,,,,,64387380,64387378
1926,1926,4,,,,,,64387379,64387376
1926,1926,4,,,,,,64387363,64387370
1926,1926,4,,,,,,64387364,64387372
1926,1926,4,,,,,,64387365,64387375
1926,1926,4,,,,,,64387362,64387373
1926,1926,4,,,,,,64387366,64387374
1926,1926,4,,,,,,64387367,64387371
1926,1926,4,,,,,,64387368,64387369
1926,1926,4,,,,,,64395524,64395523
1926,1926,4,,,,,,64395521,64395519
1926,1926,4,,,,,,64395520,64395518
1926,1926,4,,,,,,64395517,64395515
1926,1926,4,,,,,,64395516,64395509
1926,1926,4,,,,,,64395513,64395511
1926,1926,4,,,,,,64395514,64395510
1926,1926,4,,,,,,64395504,64395507
1926,1926,4,,,,,,64395508,64395512
1926,1926,4,,,,,,66723583,66723581
1926,1926,4,,,,,,66723580,66723579
1926,1926,4,,,,,,66723587,66723586
1926,1926,4,,,,,,66723576,66723572
1926,1926,4,,,,,,66723577,66723574
1926,1926,4,,,,,,66723578,66723573
1926,1926,4,,,,,,66723567,66723570
1926,1926,4,,,,,,66723571,66723575
1926,1926,4,,,,,,66886739,66886748
1926,1926,4,,,,,,66886740,66886747
1926,1926,4,,,,,,66886737,66886749
1926,1926,4,,,,,,66886741,66886750
1926,1926,4,,,,,,66886755,66886753
1926,1926,4,,,,,,66886754,66886751
1926,1926,4,,,,,,66886738,66886745
1926,1926,4,,,,,,66886742,66886746
1926,1926,4,,,,,,66886743,66886744
1926,1926,4,,,,,,67005734,67005732
1926,1926,4,,,,,,67005717,67005730
1926,1926,4,,,,,,67005718,67005733
1926,1926,4,,,,,,67005638,67005683
1926,1926,4,,,,,,67005641,67005678
1926,1926,4,,,,,,67005737,67005805
1926,1926,4,,,,,,67005745,67005819
1926,1926,4,,,,,,67005746,67005808
1926,1926,4,,,,,,66623602,66623609
1926,1926,4,,,,,,66623603,66623611
1926,1926,4,,,,,,66623604,66623613
1926,1926,4,,,,,,66623600,66623608
1926,1926,4,,,,,,66623601,66623612
1926,1926,4,,,,,,66623605,66623610
1926,1926,4,,,,,,66623606,66623607
1926,1926,4,,,,,,66623618,66623616
1926,1926,4,,,,,,66628284,66628282
1926,1926,4,,,,,,66628281,66628280
1926,1926,4,,,,,,66628277,66628273
1926,1926,4,,,,,,66628278,66628275
1926,1926,4,,,,,,66628288,66628287
1926,1926,4,,,,,,66628279,66628274
1926,1926,4,,,,,,66628268,66628271
1926,1926,4,,,,,,66628272,66628276
1926,1926,4,,,,,,66919945,66919943
1926,1926,4,,,,,,66919929,66919941
1926,1926,4,,,,,,66919930,66919944
1926,1926,4,,,,,,66919857,66919902
1926,1926,4,,,,,,66919861,66919897
1926,1926,4,,,,,,66919950,66920009
1926,1926,4,,,,,,66919955,66920021
1926,1926,4,,,,,,66919956,66920011
19661,19661,4,,,,,,66652033,66651101
19661,19661,4,,,,,,66652750,66652747
19661,19661,4,,,,,,66652752,66652840
19661,19661,4,,,,,,66652838,66652842
19661,19661,4,,,,,,66652837,66652925
19661,19661,4,,,,,,66652921,66652923
19661,19661,4,,,,,,66652038,66651111
19661,19661,4,,,,,,66652035,66651112
19661,19661,4,,,,,,66652036,66651105
19661,19661,4,,,,,,66652034,66651108
19661,19661,4,,,,,,66652746,66652751
19661,19661,4,,,,,,66652841,66652843
19661,19661,4,,,,,,66652839,66652844
19661,19661,4,,,,,,66652045,66651106
19661,19661,4,,,,,,66652044,66651107
19661,19661,4,,,,,,66652047,66651109
19661,19661,4,,,,,,66652048,66651110
19661,19661,4,,,,,,66652049,66651113
19661,19661,4,,,,,,66653360,66653365
19661,19661,4,,,,,,66652745,66652748
19661,19661,4,,,,,,64460466,64460468
19661,19661,4,,,,,,64460560,64460562
19661,19661,4,,,,,,64460558,64460563
19661,19661,4,,,,,,64460433,64460469
19661,19661,4,,,,,,64460467,64460463
19661,19661,4,,,,,,64463966,64463018
19661,19661,4,,,,,,64463969,64463023
19661,19661,4,,,,,,64463955,64463015
19661,19661,4,,,,,,64464713,64464802
19661,19661,4,,,,,,64464800,64464804
19661,19661,4,,,,,,64464799,64464887
19661,19661,4,,,,,,64464883,64464885
19661,19661,4,,,,,,64463959,64463021
19661,19661,4,,,,,,64463960,64463022
19661,19661,4,,,,,,64463967,64463017
19661,19661,4,,,,,,64463957,64463016
19661,19661,4,,,,,,64463956,64463019
19661,19661,4,,,,,,64463970,64463020
19661,19661,4,,,,,,64463971,64463024
19661,19661,4,,,,,,64465539,64465544
19661,19661,4,,,,,,64464705,64464707
19661,19661,4,,,,,,64386226,64386227
19661,19661,4,,,,,,64386228,64386229
19661,19661,4,,,,,,64386266,64386232
19661,19661,4,,,,,,64386307,64386271
19661,19661,4,,,,,,64386223,64386222
19661,19661,4,,,,,,64386313,64386308
19661,19661,4,,,,,,64386310,64386264
19661,19661,4,,,,,,64386233,64386234
19661,19661,4,,,,,,64386230,64386304
19661,19661,4,,,,,,64386274,64386305
19661,19661,4,,,,,,64386276,64386306
19661,19661,4,,,,,,64386277,64386279
19661,19661,4,,,,,,64386311,64386298
19661,19661,4,,,,,,64386293,64386300
19661,19661,4,,,,,,64386267,64386302
19661,19661,4,,,,,,64386270,64386268
19661,19661,4,,,,,,64386282,64386285
19661,19661,4,,,,,,64386290,64386288
19661,19661,4,,,,,,64386231,64386235
19661,19661,4,,,,,,64386294,64386280
19661,19661,4,,,,,,64386299,64386281
19661,19661,4,,,,,,64386301,64386283
19661,19661,4,,,,,,64386303,64386272
19661,19661,4,,,,,,64386284,64386275
19661,19661,4,,,,,,64386265,64386273
19661,19661,4,,,,,,64386292,64386278
19661,19661,4,,,,,,64386297,64386295
19661,19661,4,,,,,,64386287,64386286
19661,19661,4,,,,,,64386289,64386291
19661,19661,4,,,,,,64386312,64386269
19661,19661,4,,,,,,64386309,64386296
19661,19661,4,,,,,,64394208,64394209
19661,19661,4,,,,,,64394210,64394211
19661,19661,4,,,,,,64394212,64394213
19661,19661,4,,,,,,64394214,64394215
19661,19661,4,,,,,,64394216,64394217
19661,19661,4,,,,,,64394256,64394251
19661,19661,4,,,,,,64394247,64394253
19661,19661,4,,,,,,64394248,64394254
19661,19661,4,,,,,,64394224,64394225
19661,19661,4,,,,,,64394226,64394227
19661,19661,4,,,,,,64394228,64394222
19661,19661,4,,,,,,64394218,64394219
19661,19661,4,,,,,,64394220,64394221
19661,19661,4,,,,,,64394255,64394249
19661,19661,4,,,,,,64394252,64394250
19661,19661,4,,,,,,66722271,66722272
19661,19661,4,,,,,,66722273,66722274
19661,19661,4,,,,,,66722275,66722276
19661,19661,4,,,,,,66722277,66722278
19661,19661,4,,,,,,66722319,66722314
19661,19661,4,,,,,,66722310,66722316
19661,19661,4,,,,,,66722311,66722317
19661,19661,4,,,,,,66722287,66722288
19661,19661,4,,,,,,66722289,66722290
19661,19661,4,,,,,,66722291,66722285
19661,19661,4,,,,,,66722279,66722280
19661,19661,4,,,,,,66722281,66722282
19661,19661,4,,,,,,66722283,66722284
19661,19661,4,,,,,,66722318,66722312
19661,19661,4,,,,,,66722315,66722313
19661,19661,4,,,,,,66885717,66885683
19661,19661,4,,,,,,66885758,66885722
19661,19661,4,,,,,,66885744,66885751
19661,19661,4,,,,,,66885718,66885753
19661,19661,4,,,,,,66885674,66885673
19661,19661,4,,,,,,66885764,66885759
19661,19661,4,,,,,,66885761,66885715
19661,19661,4,,,,,,66885684,66885685
19661,19661,4,,,,,,66885682,66885686
19661,19661,4,,,,,,66885678,66885679
19661,19661,4,,,,,,66885680,66885677
19661,19661,4,,,,,,66885681,66885755
19661,19661,4,,,,,,66885735,66885726
19661,19661,4,,,,,,66885716,66885724
19661,19661,4,,,,,,66885743,66885729
19661,19661,4,,,,,,66885721,66885719
19661,19661,4,,,,,,66885733,66885736
19661,19661,4,,,,,,66885741,66885739
19661,19661,4,,,,,,66885749,66885746
19661,19661,4,,,,,,66885738,66885737
19661,19661,4,,,,,,66885740,66885742
19661,19661,4,,,,,,66885763,66885720
19661,19661,4,,,,,,66885760,66885748
19661,19661,4,,,,,,66885745,66885731
19661,19661,4,,,,,,66885747,66885732
19661,19661,4,,,,,,66885752,66885734
19661,19661,4,,,,,,66885754,66885723
19661,19661,4,,,,,,66885725,66885756
19661,19661,4,,,,,,66885727,66885757
19661,19661,4,,,,,,66885728,66885730
19661,19661,4,,,,,,66885762,66885750
19661,19661,4,,,,,,67004590,67003675
19661,19661,4,,,,,,67004595,67003678
19661,19661,4,,,,,,67005374,67005462
19661,19661,4,,,,,,67005458,67005460
19661,19661,4,,,,,,67005883,67005888
19661,19661,4,,,,,,67005376,67005381
19661,19661,4,,,,,,67005286,67005289
19661,19661,4,,,,,,67005293,67005377
19661,19661,4,,,,,,67005375,67005379
19661,19661,4,,,,,,67004591,67003677
19661,19661,4,,,,,,67004592,67003683
19661,19661,4,,,,,,67004593,67003684
19661,19661,4,,,,,,67005291,67005288
19661,19661,4,,,,,,67005287,67005292
19661,19661,4,,,,,,67005378,67005380
19661,19661,4,,,,,,67004601,67003679
19661,19661,4,,,,,,67004600,67003680
19661,19661,4,,,,,,67004603,67003681
19661,19661,4,,,,,,67004604,67003682
19661,19661,4,,,,,,67004605,67003685
19661,19661,4,,,,,,66622504,66622471
19661,19661,4,,,,,,66622545,66622509
19661,19661,4,,,,,,66622512,66622544
19661,19661,4,,,,,,66622462,66622461
19661,19661,4,,,,,,66622551,66622546
19661,19661,4,,,,,,66622548,66622502
19661,19661,4,,,,,,66622472,66622469
19661,19661,4,,,,,,66622470,66622473
19661,19661,4,,,,,,66622464,66622465
19661,19661,4,,,,,,66622466,66622467
19661,19661,4,,,,,,66622468,66622543
19661,19661,4,,,,,,66622506,66622540
19661,19661,4,,,,,,66622505,66622507
19661,19661,4,,,,,,66622520,66622523
19661,19661,4,,,,,,66622528,66622526
19661,19661,4,,,,,,66622522,66622513
19661,19661,4,,,,,,66622503,66622511
19661,19661,4,,,,,,66622530,66622516
19661,19661,4,,,,,,66622532,66622534
19661,19661,4,,,,,,66622525,66622524
19661,19661,4,,,,,,66622527,66622529
19661,19661,4,,,,,,66622550,66622508
19661,19661,4,,,,,,66622547,66622535
19661,19661,4,,,,,,66622533,66622518
19661,19661,4,,,,,,66622537,66622519
19661,19661,4,,,,,,66622539,66622521
19661,19661,4,,,,,,66622542,66622510
19661,19661,4,,,,,,66622514,66622541
19661,19661,4,,,,,,66622515,66622517
19661,19661,4,,,,,,66622549,66622536
19661,19661,4,,,,,,66622531,66622538
19661,19661,4,,,,,,66626972,66626973
19661,19661,4,,,,,,66626974,66626975
19661,19661,4,,,,,,66626976,66626977
19661,19661,4,,,,,,66626978,66626979
19661,19661,4,,,,,,66627020,66627015
19661,19661,4,,,,,,66627011,66627017
19661,19661,4,,,,,,66626988,66626989
19661,19661,4,,,,,,66626990,66626991
19661,19661,4,,,,,,66626992,66626986
19661,19661,4,,,,,,66626980,66626981
19661,19661,4,,,,,,66626982,66626983
19661,19661,4,,,,,,66626984,66626985
19661,19661,4,,,,,,66627019,66627013
19661,19661,4,,,,,,66627016,66627014
19661,19661,4,,,,,,66627012,66627018
19661,19661,4,,,,,,66919101,66918458
19661,19661,4,,,,,,66919105,66918461
19661,19661,4,,,,,,66919661,66919699
19661,19661,4,,,,,,66919696,66919698
19661,19661,4,,,,,,66920070,66920073
19661,19661,4,,,,,,66919663,66919668
19661,19661,4,,,,,,66919626,66919629
19661,19661,4,,,,,,66919633,66919664
19661,19661,4,,,,,,66919662,66919666
19661,19661,4,,,,,,66919102,66918460
19661,19661,4,,,,,,66919103,66918466
19661,19661,4,,,,,,66919104,66918467
19661,19661,4,,,,,,66919631,66919628
19661,19661,4,,,,,,66919627,66919632
19661,19661,4,,,,,,66919665,66919667
19661,19661,4,,,,,,66919112,66918462
19661,19661,4,,,,,,66919111,66918463
19661,19661,4,,,,,,66919114,66918464
19661,19661,4,,,,,,66919115,66918465
19661,19661,4,,,,,,66919116,66918468
19821,19821,4,,,,,,66645260,66644315
19821,19821,4,,,,,,66645259,66644317
19821,19821,4,,,,,,66645255,66644310
19821,19821,4,,,,,,66653392,66653383
19821,19821,4,,,,,,66653377,66653359
19821,19821,4,,,,,,66653351,66653338
19821,19821,4,,,,,,66653335,66653347
19821,19821,4,,,,,,66652022,66651082
19821,19821,4,,,,,,66652625,66652638
19821,19821,4,,,,,,66652031,66651078
19821,19821,4,,,,,,66652027,66651080
19821,19821,4,,,,,,66652032,66651086
19821,19821,4,,,,,,64463954,64462997
19821,19821,4,,,,,,64465570,64465562
19821,19821,4,,,,,,64465556,64465538
19821,19821,4,,,,,,64465533,64465517
19821,19821,4,,,,,,64465514,64465524
19821,19821,4,,,,,,64463941,64462995
19821,19821,4,,,,,,64464585,64464595
19821,19821,4,,,,,,64463953,64462989
19821,19821,4,,,,,,64463944,64462994
19821,19821,4,,,,,,64463942,64462988
19821,19821,4,,,,,,64463948,64462990
19821,19821,4,,,,,,64463949,64462991
19821,19821,4,,,,,,66984359,66983435
19821,19821,4,,,,,,66984355,66983428
19821,19821,4,,,,,,66984360,66983433
19821,19821,4,,,,,,67004589,67003659
19821,19821,4,,,,,,67005915,67005907
19821,19821,4,,,,,,67005901,67005882
19821,19821,4,,,,,,67005871,67005861
19821,19821,4,,,,,,67005858,67005870
19821,19821,4,,,,,,67004579,67003657
19821,19821,4,,,,,,67005170,67005181
19821,19821,4,,,,,,67004588,67003653
19821,19821,4,,,,,,67004584,67003655
19821,19821,4,,,,,,66914444,66914167
19821,19821,4,,,,,,66914443,66914165
19821,19821,4,,,,,,66914445,66914166
19821,19821,4,,,,,,66919100,66918451
19821,19821,4,,,,,,66920095,66920087
19821,19821,4,,,,,,66920084,66920069
19821,19821,4,,,,,,66920061,66920055
19821,19821,4,,,,,,66920052,66920060
19821,19821,4,,,,,,66919096,66918450
19821,19821,4,,,,,,66919581,66919588
19821,19821,4,,,,,,66919099,66918448
19821,19821,4,,,,,,66919097,66918449
2003,2003,4,,,,,,65050068_1,65050068_2
2003,2003,4,,,,,,67251196_1,67251196_2
2003,2003,4,,,,,,65050066_1,65050066_2
2003,2003,4,,,,,,67251194_1,67251194_2
210,210,4,,,,,,66645821,66645829
210,210,4,,,,,,66645831,66645826
210,210,4,,,,,,66646839,66646843
210,210,4,,,,,,66646838,66646841
210,210,4,,,,,,66645811,66645823
210,210,4,,,,,,66645818,66645816
210,210,4,,,,,,64460299,64460306
210,210,4,,,,,,64460308,64460304
210,210,4,,,,,,64461570,64461574
210,210,4,,,,,,64461569,64461572
210,210,4,,,,,,64460291,64460301
210,210,4,,,,,,64460295,64460293
210,210,4,,,,,,66984908,66984913
210,210,4,,,,,,66984918,66984915
210,210,4,,,,,,66985897,66985901
210,210,4,,,,,,66985896,66985899
210,210,4,,,,,,66984898,66984910
210,210,4,,,,,,66984905,66984903
210,210,4,,,,,,66914520,66914524
210,210,4,,,,,,66914527,66914525
210,210,4,,,,,,66914803,66914807
210,210,4,,,,,,66914802,66914805
210,210,4,,,,,,66914510,66914522
210,210,4,,,,,,66914517,66914515
29253,29253,4,,,,,,66959952,66959953
29253,29253,4,,,,,,66959932,66959933
29253,29253,4,,,,,,66959995,66959996
29253,29253,4,,,,,,66960291,66960292
29253,29253,4,,,,,,66959810,66959819
29253,29253,4,,,,,,66959811,66959812
29253,29253,4,,,,,,66959997,66959998
29253,29253,4,,,,,,66961127,66961128
29253,29253,4,,,,,,66961129,66961130
29253,29253,4,,,,,,66960293,66960294
29253,29253,4,,,,,,66959956,66959957
29253,29253,4,,,,,,66959954,66959955
29253,29253,4,,,,,,66959781,66959782
29253,29253,4,,,,,,66959783,66959784
29253,29253,4,,,,,,66959779,66959785
29253,29253,4,,,,,,66959964,66959965
29253,29253,4,,,,,,66959966,66959967
29253,29253,4,,,,,,66959813,66959814
29253,29253,4,,,,,,66959815,66959820
29253,29253,4,,,,,,66958154,66958155
29253,29253,4,,,,,,66958232,66958233
29253,29253,4,,,,,,66957551,66957552
29253,29253,4,,,,,,66958234,66958235
29253,29253,4,,,,,,64907270,64907271
29253,29253,4,,,,,,64907152,64907153
29253,29253,4,,,,,,64907250,64907251
29253,29253,4,,,,,,64907252,64907253
29253,29253,4,,,,,,64907254,64907255
29253,29253,4,,,,,,64907256,64907257
29253,29253,4,,,,,,64905666,64905677
29253,29253,4,,,,,,64907266,64907267
29253,29253,4,,,,,,64907236,64907237
29253,29253,4,,,,,,64907238,64907239
29253,29253,4,,,,,,64907240,64907241
29253,29253,4,,,,,,64907242,64907243
29253,29253,4,,,,,,64907260,64907261
29253,29253,4,,,,,,64907262,64907263
29253,29253,4,,,,,,64907272,64907273
29253,29253,4,,,,,,64907274,64907275
29253,29253,4,,,,,,64906807,64906824
29253,29253,4,,,,,,64907246,64907247
29253,29253,4,,,,,,64907258,64907259
29253,29253,4,,,,,,64906934,64906935
29253,29253,4,,,,,,64907150,64907151
29253,29253,4,,,,,,64907268,64907269
29253,29253,4,,,,,,64895962,64895959
29253,29253,4,,,,,,64895991,64895988
29253,29253,4,,,,,,64895989,64895987
29253,29253,4,,,,,,64895967,64895970
29253,29253,4,,,,,,64895958,64895973
29253,29253,4,,,,,,64895971,64895972
29253,29253,4,,,,,,64895983,64895986
29253,29253,4,,,,,,64895966,64895965
29253,29253,4,,,,,,64895964,64895963
29253,29253,4,,,,,,64895979,64895975
29253,29253,4,,,,,,64895961,64895960
29253,29253,4,,,,,,64895976,64895977
29253,29253,4,,,,,,64895985,64895984
29253,29253,4,,,,,,64895980,64895982
29253,29253,4,,,,,,64895969,64895968
29253,29253,4,,,,,,64895981,64895978
29253,29253,4,,,,,,64897533,64897532
29253,29253,4,,,,,,64897537,64897531
29253,29253,4,,,,,,64897535,64897544
29253,29253,4,,,,,,64897536,64897556
29253,29253,4,,,,,,64897541,64897538
29253,29253,4,,,,,,64897543,64897542
29253,29253,4,,,,,,64897534,64897540
29253,29253,4,,,,,,64898399,64898482
29253,29253,4,,,,,,64898400,64898483
29253,29253,4,,,,,,64898463,64898484
29253,29253,4,,,,,,64898414,64898485
29253,29253,4,,,,,,64898419,64898487
29253,29253,4,,,,,,64898417,64898486
29253,29253,4,,,,,,64900407,64900490
29253,29253,4,,,,,,64900408,64900491
29253,29253,4,,,,,,64900471,64900492
29253,29253,4,,,,,,64900422,64900493
29253,29253,4,,,,,,64900427,64900495
29253,29253,4,,,,,,64900425,64900494
29253,29253,4,,,,,,67097443,67097452
29253,29253,4,,,,,,67097441,67097440
29253,29253,4,,,,,,67097444,67097466
29253,29253,4,,,,,,67097451,67097450
29253,29253,4,,,,,,67097449,67097446
29253,29253,4,,,,,,67097442,67097448
29253,29253,4,,,,,,67097445,67097439
29253,29253,4,,,,,,67136299,67136296
29253,29253,4,,,,,,67136297,67136295
29253,29253,4,,,,,,67136266,67136281
29253,29253,4,,,,,,67136279,67136280
29253,29253,4,,,,,,67136291,67136294
29253,29253,4,,,,,,67136272,67136271
29253,29253,4,,,,,,67136270,67136267
29253,29253,4,,,,,,67136284,67136285
29253,29253,4,,,,,,67136286,67136283
29253,29253,4,,,,,,67136269,67136268
29253,29253,4,,,,,,67136275,67136278
29253,29253,4,,,,,,67136293,67136292
29253,29253,4,,,,,,67136277,67136276
29253,29253,4,,,,,,67136288,67136290
29253,29253,4,,,,,,67136289,67136287
29253,29253,4,,,,,,67136274,67136273
29253,29253,4,,,,,,67132062,67132063
29253,29253,4,,,,,,67132102,67132103
29253,29253,4,,,,,,67132064,67132065
29253,29253,4,,,,,,67132100,67132101
29253,29253,4,,,,,,67132066,67132067
29253,29253,4,,,,,,67132068,67132069
29253,29253,4,,,,,,67132442,67132443
29253,29253,4,,,,,,67132444,67132445
29253,29253,4,,,,,,67132040,67132041
29253,29253,4,,,,,,67129790,67129791
29253,29253,4,,,,,,67129792,67129793
29253,29253,4,,,,,,67129794,67129795
29253,29253,4,,,,,,67132072,67132073
29253,29253,4,,,,,,67132074,67132075
29253,29253,4,,,,,,67132076,67132077
29253,29253,4,,,,,,67129810,67129811
29253,29253,4,,,,,,67129812,67129813
29253,29253,4,,,,,,67129814,67129815
29253,29253,4,,,,,,67132304,67132305
29253,29253,4,,,,,,67133522,67133523
29253,29253,4,,,,,,67134121,67134122
29253,29253,4,,,,,,67134199,67134200
29253,29253,4,,,,,,67134201,67134202
29253,29253,4,,,,,,67058557,67058558
29253,29253,4,,,,,,67058577,67058574
29253,29253,4,,,,,,67058575,67058573
29253,29253,4,,,,,,67058544,67058559
29253,29253,4,,,,,,67058553,67058556
29253,29253,4,,,,,,67058550,67058546
29253,29253,4,,,,,,67058549,67058547
29253,29253,4,,,,,,67058564,67058561
29253,29253,4,,,,,,67058562,67058563
29253,29253,4,,,,,,67058548,67058545
29253,29253,4,,,,,,67058570,67058572
29253,29253,4,,,,,,67058571,67058567
29253,29253,4,,,,,,67058555,67058554
29253,29253,4,,,,,,67058568,67058569
29253,29253,4,,,,,,67058566,67058565
29253,29253,4,,,,,,67058552,67058551
29253,29253,4,,,,,,67016026,67016035
29253,29253,4,,,,,,67016024,67016023
29253,29253,4,,,,,,67016027,67016049
29253,29253,4,,,,,,67016034,67016033
29253,29253,4,,,,,,67016032,67016029
29253,29253,4,,,,,,67016025,67016031
29253,29253,4,,,,,,67016028,67016022
29253,29253,4,,,,,,67121524,67121525
29253,29253,4,,,,,,67121567,67121568
29253,29253,4,,,,,,67121526,67121527
29253,29253,4,,,,,,67121565,67121566
29253,29253,4,,,,,,67121528,67121529
29253,29253,4,,,,,,67121530,67121531
29253,29253,4,,,,,,67122684,67122685
29253,29253,4,,,,,,67122686,67122687
29253,29253,4,,,,,,67121487,67121488
29253,29253,4,,,,,,67121354,67121355
29253,29253,4,,,,,,67121356,67121357
29253,29253,4,,,,,,67121358,67121359
29253,29253,4,,,,,,67121534,67121535
29253,29253,4,,,,,,67121536,67121537
29253,29253,4,,,,,,67121538,67121539
29253,29253,4,,,,,,67121389,67121390
29253,29253,4,,,,,,67121391,67121392
29253,29253,4,,,,,,67121393,67121394
29253,29253,4,,,,,,67121856,67121857
29253,29253,4,,,,,,67120019,67120020
29253,29253,4,,,,,,67120618,67120619
29253,29253,4,,,,,,67120696,67120697
29253,29253,4,,,,,,67120698,67120699
30250,30250,4,,,,,,66859162,66859160
30250,30250,4,,,,,,66859159,66859157
30250,30250,4,,,,,,66859154,66859151
30250,30250,4,,,,,,66859149,66859146
30250,30250,4,,,,,,66859143,66859139
30250,30250,4,,,,,,66859136,66859135
30250,30250,4,,,,,,66859131,66859128
30250,30250,4,,,,,,66859094,66859092
30250,30250,4,,,,,,66859083,66859064
30250,30250,4,,,,,,66859051,66859073
30250,30250,4,,,,,,66859084,66859062
30250,30250,4,,,,,,66859041,66859038
30250,30250,4,,,,,,66859037,66859036
30250,30250,4,,,,,,66859032,66859031
30250,30250,4,,,,,,66859030,66859021
30250,30250,4,,,,,,66859022,66859020
30250,30250,4,,,,,,66859027,66859026
30250,30250,4,,,,,,66859016,66859018
30250,30250,4,,,,,,66859019,66859014
30250,30250,4,,,,,,66859023,66859024
30250,30250,4,,,,,,66859017,66859015
30250,30250,4,,,,,,66859152,66859150
30250,30250,4,,,,,,66859148,66859142
30250,30250,4,,,,,,66859144,66859133
30250,30250,4,,,,,,66859137,66859130
30250,30250,4,,,,,,66859129,66859127
30250,30250,4,,,,,,66859125,66859123
30250,30250,4,,,,,,66859121,66859118
30250,30250,4,,,,,,66859117,66859115
30250,30250,4,,,,,,66859113,66859110
30250,30250,4,,,,,,66859108,66859107
30250,30250,4,,,,,,66859105,66859045
30250,30250,4,,,,,,66859101,66859081
30250,30250,4,,,,,,66859100,66859099
30250,30250,4,,,,,,66859085,66859044
30250,30250,4,,,,,,66859054,66859097
30250,30250,4,,,,,,66859096,66859039
30250,30250,4,,,,,,66859035,66859033
30250,30250,4,,,,,,66859034,66859029
30250,30250,4,,,,,,66859028,66859025
30250,30250,4,,,,,,66859011,66859012
30250,30250,4,,,,,,66859010,66859008
30250,30250,4,,,,,,66859004,66859002
30250,30250,4,,,,,,66859005,66858996
30250,30250,4,,,,,,66858997,66858994
30250,30250,4,,,,,,66859000,66858991
30250,30250,4,,,,,,66859013,66859009
30250,30250,4,,,,,,66859007,66859006
30250,30250,4,,,,,,66859001,66859003
30250,30250,4,,,,,,66858999,66858998
30250,30250,4,,,,,,66858995,66858992
30250,30250,4,,,,,,66858990,66858993
30250,30250,4,,,,,,66858989,66858985
30250,30250,4,,,,,,66859161,66859158
30250,30250,4,,,,,,66859156,66859155
30250,30250,4,,,,,,66859153,66859147
30250,30250,4,,,,,,66859145,66859141
30250,30250,4,,,,,,66859140,66859138
30250,30250,4,,,,,,66859134,66859132
30250,30250,4,,,,,,66859126,66859124
30250,30250,4,,,,,,66859122,66859120
30250,30250,4,,,,,,66859119,66859114
30250,30250,4,,,,,,66859116,66859112
30250,30250,4,,,,,,66859111,66859109
30250,30250,4,,,,,,66859106,66859082
30250,30250,4,,,,,,66859075,66859077
30250,30250,4,,,,,,66859042,66859090
30250,30250,4,,,,,,66859089,66859053
30250,30250,4,,,,,,66859059,66859086
30250,30250,4,,,,,,66859087,66859104
30250,30250,4,,,,,,66859067,66859050
30250,30250,4,,,,,,66859058,66859093
30250,30250,4,,,,,,66859047,66859040
30250,30250,4,,,,,,66859098,66859043
30250,30250,4,,,,,,66859056,66859061
30250,30250,4,,,,,,66859060,66859049
30250,30250,4,,,,,,66859063,66859102
30250,30250,4,,,,,,66859057,66859070
30250,30250,4,,,,,,66859065,66859091
30250,30250,4,,,,,,66859088,66859046
30250,30250,4,,,,,,66859078,66859076
30250,30250,4,,,,,,66859095,66859074
30250,30250,4,,,,,,66859072,66859068
30250,30250,4,,,,,,66859048,66859069
30250,30250,4,,,,,,66858979,66858980
30250,30250,4,,,,,,66858981,66858986
30250,30250,4,,,,,,66858977,66858988
30250,30250,4,,,,,,66858987,66858984
30250,30250,4,,,,,,66858978,66858982
30250,30250,4,,,,,,66859071,66859079
30250,30250,4,,,,,,66859080,66859055
30250,30250,4,,,,,,66859066,66859052
30250,30250,4,,,,,,65138083,65138072
30250,30250,4,,,,,,65138084,65138124
30250,30250,4,,,,,,65138113,65138120
30250,30250,4,,,,,,65138116,65138114
30250,30250,4,,,,,,65138117,65138115
30250,30250,4,,,,,,65138118,65138110
30250,30250,4,,,,,,65138121,65138111
30250,30250,4,,,,,,65138119,65138112
30250,30250,4,,,,,,65138073,65138080
30250,30250,4,,,,,,65138081,65138074
30250,30250,4,,,,,,65138077,65138078
30250,30250,4,,,,,,65138075,65138076
30250,30250,4,,,,,,65138079,65138082
30250,30250,4,,,,,,65138071,65138085
30250,30250,4,,,,,,65138090,65138088
30250,30250,4,,,,,,65138091,65138093
30250,30250,4,,,,,,65138087,65138086
30250,30250,4,,,,,,65138094,65138095
30250,30250,4,,,,,,65138096,65138092
30250,30250,4,,,,,,65138098,65138089
30250,30250,4,,,,,,65138099,65138097
30250,30250,4,,,,,,65138103,65138101
30250,30250,4,,,,,,65138104,65138107
30250,30250,4,,,,,,65138106,65138100
30250,30250,4,,,,,,65138109,65138105
30250,30250,4,,,,,,65138102,65138108
30250,30250,4,,,,,,65138059,65138056
30250,30250,4,,,,,,65138061,65138055
30250,30250,4,,,,,,65138057,65138065
30250,30250,4,,,,,,65138060,65138063
30250,30250,4,,,,,,65138066,65138064
30250,30250,4,,,,,,65138062,65138058
30250,30250,4,,,,,,65138000,65138001
30250,30250,4,,,,,,65137996,65138003
30250,30250,4,,,,,,65138004,65138002
30250,30250,4,,,,,,65138005,65138008
30250,30250,4,,,,,,65138006,65138014
30250,30250,4,,,,,,65138009,65138010
30250,30250,4,,,,,,65138011,65138012
30250,30250,4,,,,,,65138013,65138007
30250,30250,4,,,,,,65138019,65138017
30250,30250,4,,,,,,65138018,65138015
30250,30250,4,,,,,,65138020,65138021
30250,30250,4,,,,,,65138016,65137998
30250,30250,4,,,,,,65137999,65137997
30250,30250,4,,,,,,65138022,65137986
30250,30250,4,,,,,,65137987,65137980
30250,30250,4,,,,,,65137965,65137957
30250,30250,4,,,,,,65137960,65137959
30250,30250,4,,,,,,65137961,65137958
30250,30250,4,,,,,,65137962,65137963
30250,30250,4,,,,,,65137966,65137964
30250,30250,4,,,,,,65137942,65137951
30250,30250,4,,,,,,65137938,65137944
30250,30250,4,,,,,,65138049,65138050
30250,30250,4,,,,,,65138048,65138039
30250,30250,4,,,,,,65138044,65138045
30250,30250,4,,,,,,65138037,65138033
30250,30250,4,,,,,,65138036,65138028
30250,30250,4,,,,,,65138029,65138030
30250,30250,4,,,,,,65138027,65138024
30250,30250,4,,,,,,65137976,65137973
30250,30250,4,,,,,,65137972,65137970
30250,30250,4,,,,,,65137969,65137968
30250,30250,4,,,,,,65137971,65137940
30250,30250,4,,,,,,65137937,65137941
30250,30250,4,,,,,,65137932,65137933
30250,30250,4,,,,,,65137934,65137930
30250,30250,4,,,,,,65137931,65137927
30250,30250,4,,,,,,65137928,65137929
30250,30250,4,,,,,,65137915,65137914
30250,30250,4,,,,,,65137919,65137910
30250,30250,4,,,,,,65137918,65137907
30250,30250,4,,,,,,65137908,65137924
30250,30250,4,,,,,,65137922,65137923
30250,30250,4,,,,,,65137920,65137913
30250,30250,4,,,,,,65137921,65137916
30250,30250,4,,,,,,65137917,65137925
30250,30250,4,,,,,,65137911,65137905
30250,30250,4,,,,,,65137909,65137912
30250,30250,4,,,,,,65138040,65138042
30250,30250,4,,,,,,65138043,65138038
30250,30250,4,,,,,,65138041,65138034
30250,30250,4,,,,,,65138035,65138031
30250,30250,4,,,,,,65138032,65138025
30250,30250,4,,,,,,65138026,65137975
30250,30250,4,,,,,,65137939,65137943
30250,30250,4,,,,,,65137949,65137945
30250,30250,4,,,,,,65137946,65137947
30250,30250,4,,,,,,65137948,65137950
30250,30250,4,,,,,,65137955,65137954
30250,30250,4,,,,,,65137952,65137953
30250,30250,4,,,,,,65137982,65137983
30250,30250,4,,,,,,65137981,65137990
30250,30250,4,,,,,,65137985,65137984
30250,30250,4,,,,,,65137988,65137989
30250,30250,4,,,,,,65137992,65137994
30250,30250,4,,,,,,65137993,65137995
30250,30250,4,,,,,,65062890,65062812
30250,30250,4,,,,,,65062891,65062814
30250,30250,4,,,,,,65062894,65062816
30250,30250,4,,,,,,65062895,65062819
30250,30250,4,,,,,,65062898,65062821
30250,30250,4,,,,,,65062900,65062817
30250,30250,4,,,,,,65062897,65062826
30250,30250,4,,,,,,65062902,65062828
30250,30250,4,,,,,,65062906,65062830
30250,30250,4,,,,,,65062904,65062827
30250,30250,4,,,,,,65062908,65062832
30250,30250,4,,,,,,65062911,65062835
30250,30250,4,,,,,,65062913,65062833
30250,30250,4,,,,,,65062914,65062838
30250,30250,4,,,,,,65062916,65062842
30250,30250,4,,,,,,65062918,65062840
30250,30250,4,,,,,,65062920,65062844
30250,30250,4,,,,,,65062922,65062846
30250,30250,4,,,,,,65062925,65062848
30250,30250,4,,,,,,65062927,65062850
30250,30250,4,,,,,,65062926,65062853
30250,30250,4,,,,,,65062931,65062855
30250,30250,4,,,,,,65062933,65062857
30250,30250,4,,,,,,65062935,65062852
30250,30250,4,,,,,,65062936,65062860
30250,30250,4,,,,,,65062939,65062864
30250,30250,4,,,,,,65062938,65062861
30250,30250,4,,,,,,65062943,65062866
30250,30250,4,,,,,,65062944,65062869
30250,30250,4,,,,,,65062947,65062871
30250,30250,4,,,,,,65062945,65062872
30250,30250,4,,,,,,65062950,65062874
30250,30250,4,,,,,,65062952,65062877
30250,30250,4,,,,,,65062886,65062813
30250,30250,4,,,,,,65062892,65062815
30250,30250,4,,,,,,65062887,65062818
30250,30250,4,,,,,,65062896,65062820
30250,30250,4,,,,,,65062899,65062822
30250,30250,4,,,,,,65062893,65062825
30250,30250,4,,,,,,65062901,65062824
30250,30250,4,,,,,,65062905,65062829
30250,30250,4,,,,,,65062903,65062823
30250,30250,4,,,,,,65062907,65062831
30250,30250,4,,,,,,65062909,65062834
30250,30250,4,,,,,,65062912,65062836
30250,30250,4,,,,,,65062910,65062837
30250,30250,4,,,,,,65062915,65062839
30250,30250,4,,,,,,65062917,65062843
30250,30250,4,,,,,,65062919,65062841
30250,30250,4,,,,,,65062921,65062845
30250,30250,4,,,,,,65062924,65062847
30250,30250,4,,,,,,65062923,65062849
30250,30250,4,,,,,,65062929,65062851
30250,30250,4,,,,,,65062930,65062854
30250,30250,4,,,,,,65062928,65062856
30250,30250,4,,,,,,65062934,65062859
30250,30250,4,,,,,,65062932,65062858
30250,30250,4,,,,,,65062937,65062863
30250,30250,4,,,,,,65062940,65062865
30250,30250,4,,,,,,65062942,65062862
30250,30250,4,,,,,,65062941,65062867
30250,30250,4,,,,,,65062946,65062870
30250,30250,4,,,,,,65062948,65062868
30250,30250,4,,,,,,65062949,65062873
30250,30250,4,,,,,,65062951,65062876
30250,30250,4,,,,,,65062953,65062878
30250,30250,4,,,,,,65062955,65062879
30250,30250,4,,,,,,65062957,65062881
30250,30250,4,,,,,,65062960,65062883
30250,30250,4,,,,,,65062954,65062875
30250,30250,4,,,,,,65062956,65062880
30250,30250,4,,,,,,65062959,65062882
30250,30250,4,,,,,,65062958,65062884
30250,30250,4,,,,,,65062961,65062885
30250,30250,4,,,,,,65064633,65064565
30250,30250,4,,,,,,65064638,65064567
30250,30250,4,,,,,,65064640,65064569
30250,30250,4,,,,,,65064642,65064571
30250,30250,4,,,,,,65064644,65064573
30250,30250,4,,,,,,65064647,65064577
30250,30250,4,,,,,,65064650,65064574
30250,30250,4,,,,,,65064651,65064580
30250,30250,4,,,,,,65064652,65064581
30250,30250,4,,,,,,65064655,65064584
30250,30250,4,,,,,,65064654,65064586
30250,30250,4,,,,,,65064656,65064587
30250,30250,4,,,,,,65064660,65064589
30250,30250,4,,,,,,65064662,65064591
30250,30250,4,,,,,,65064664,65064593
30250,30250,4,,,,,,65064666,65064596
30250,30250,4,,,,,,65064669,65064594
30250,30250,4,,,,,,65064671,65064601
30250,30250,4,,,,,,65064672,65064599
30250,30250,4,,,,,,65064674,65064603
30250,30250,4,,,,,,65064677,65064605
30250,30250,4,,,,,,65064679,65064607
30250,30250,4,,,,,,65064680,65064609
30250,30250,4,,,,,,65064684,65064612
30250,30250,4,,,,,,65064685,65064611
30250,30250,4,,,,,,65064686,65064613
30250,30250,4,,,,,,65064688,65064617
30250,30250,4,,,,,,65064691,65064619
30250,30250,4,,,,,,65064693,65064622
30250,30250,4,,,,,,65064694,65064620
30250,30250,4,,,,,,65064696,65064626
30250,30250,4,,,,,,65064636,65064564
30250,30250,4,,,,,,65064637,65064566
30250,30250,4,,,,,,65064639,65064568
30250,30250,4,,,,,,65064641,65064570
30250,30250,4,,,,,,65064643,65064572
30250,30250,4,,,,,,65064645,65064575
30250,30250,4,,,,,,65064649,65064579
30250,30250,4,,,,,,65064648,65064576
30250,30250,4,,,,,,65064646,65064578
30250,30250,4,,,,,,65064653,65064582
30250,30250,4,,,,,,65064657,65064585
30250,30250,4,,,,,,65064658,65064583
30250,30250,4,,,,,,65064659,65064588
30250,30250,4,,,,,,65064661,65064590
30250,30250,4,,,,,,65064663,65064592
30250,30250,4,,,,,,65064665,65064595
30250,30250,4,,,,,,65064667,65064597
30250,30250,4,,,,,,65064670,65064600
30250,30250,4,,,,,,65064668,65064598
30250,30250,4,,,,,,65064673,65064602
30250,30250,4,,,,,,65064675,65064604
30250,30250,4,,,,,,65064678,65064606
30250,30250,4,,,,,,65064676,65064608
30250,30250,4,,,,,,65064682,65064610
30250,30250,4,,,,,,65064681,65064614
30250,30250,4,,,,,,65064683,65064615
30250,30250,4,,,,,,65064687,65064616
30250,30250,4,,,,,,65064689,65064618
30250,30250,4,,,,,,65064692,65064621
30250,30250,4,,,,,,65064690,65064623
30250,30250,4,,,,,,65064695,65064625
30250,30250,4,,,,,,65064697,65064627
30250,30250,4,,,,,,65064699,65064628
30250,30250,4,,,,,,65064701,65064630
30250,30250,4,,,,,,65064698,65064624
30250,30250,4,,,,,,65064700,65064629
30250,30250,4,,,,,,65064702,65064631
30250,30250,4,,,,,,65064705,65064632
30250,30250,4,,,,,,65064706,65064634
30250,30250,4,,,,,,65064707,65064635
30250,30250,4,,,,,,66869823,66869755
30250,30250,4,,,,,,66869828,66869757
30250,30250,4,,,,,,66869830,66869759
30250,30250,4,,,,,,66869832,66869761
30250,30250,4,,,,,,66869836,66869764
30250,30250,4,,,,,,66869837,66869767
30250,30250,4,,,,,,66869840,66869765
30250,30250,4,,,,,,66869841,66869771
30250,30250,4,,,,,,66869842,66869772
30250,30250,4,,,,,,66869845,66869774
30250,30250,4,,,,,,66869844,66869776
30250,30250,4,,,,,,66869846,66869777
30250,30250,4,,,,,,66869850,66869779
30250,30250,4,,,,,,66869852,66869781
30250,30250,4,,,,,,66869854,66869783
30250,30250,4,,,,,,66869856,66869786
30250,30250,4,,,,,,66869859,66869784
30250,30250,4,,,,,,66869861,66869791
30250,30250,4,,,,,,66869862,66869789
30250,30250,4,,,,,,66869864,66869793
30250,30250,4,,,,,,66869867,66869795
30250,30250,4,,,,,,66869871,66869797
30250,30250,4,,,,,,66869868,66869800
30250,30250,4,,,,,,66869874,66869802
30250,30250,4,,,,,,66869875,66869798
30250,30250,4,,,,,,66869876,66869803
30250,30250,4,,,,,,66869878,66869804
30250,30250,4,,,,,,66869881,66869809
30250,30250,4,,,,,,66869883,66869812
30250,30250,4,,,,,,66869884,66869810
30250,30250,4,,,,,,66869826,66869754
30250,30250,4,,,,,,66869827,66869756
30250,30250,4,,,,,,66869829,66869758
30250,30250,4,,,,,,66869831,66869760
30250,30250,4,,,,,,66869835,66869762
30250,30250,4,,,,,,66869833,66869766
30250,30250,4,,,,,,66869839,66869770
30250,30250,4,,,,,,66869838,66869763
30250,30250,4,,,,,,66869834,66869768
30250,30250,4,,,,,,66869843,66869769
30250,30250,4,,,,,,66869847,66869775
30250,30250,4,,,,,,66869848,66869773
30250,30250,4,,,,,,66869849,66869778
30250,30250,4,,,,,,66869851,66869780
30250,30250,4,,,,,,66869853,66869782
30250,30250,4,,,,,,66869855,66869785
30250,30250,4,,,,,,66869857,66869787
30250,30250,4,,,,,,66869860,66869790
30250,30250,4,,,,,,66869858,66869788
30250,30250,4,,,,,,66869863,66869792
30250,30250,4,,,,,,66869865,66869794
30250,30250,4,,,,,,66869870,66869796
30250,30250,4,,,,,,66869866,66869799
30250,30250,4,,,,,,66869872,66869801
30250,30250,4,,,,,,66869869,66869805
30250,30250,4,,,,,,66869873,66869806
30250,30250,4,,,,,,66869877,66869807
30250,30250,4,,,,,,66869879,66869808
30250,30250,4,,,,,,66869882,66869811
30250,30250,4,,,,,,66869880,66869813
30250,30250,4,,,,,,66869885,66869815
30250,30250,4,,,,,,66869887,66869817
30250,30250,4,,,,,,66869889,66869818
30250,30250,4,,,,,,66869891,66869820
30250,30250,4,,,,,,66869886,66869816
30250,30250,4,,,,,,66869888,66869814
30250,30250,4,,,,,,66869890,66869819
30250,30250,4,,,,,,66869892,66869821
30250,30250,4,,,,,,66869895,66869822
30250,30250,4,,,,,,66869897,66869824
30250,30250,4,,,,,,66869898,66869825
30250,30250,4,,,,,,66871644,66871764
30250,30250,4,,,,,,66871767,66871709
30250,30250,4,,,,,,66871758,66871643
30250,30250,4,,,,,,66871761,66871713
30250,30250,4,,,,,,66871759,66871594
30250,30250,4,,,,,,66871757,66871714
30250,30250,4,,,,,,66871769,66871702
30250,30250,4,,,,,,66871754,66871751
30250,30250,4,,,,,,66871752,66871690
30250,30250,4,,,,,,66871749,66871682
30250,30250,4,,,,,,66871753,66871693
30250,30250,4,,,,,,66871729,66871680
30250,30250,4,,,,,,66871734,66871681
30250,30250,4,,,,,,66871744,66871679
30250,30250,4,,,,,,66871747,66871669
30250,30250,4,,,,,,66871741,66871676
30250,30250,4,,,,,,66871731,66871750
30250,30250,4,,,,,,66871743,66871728
30250,30250,4,,,,,,66871735,66871740
30250,30250,4,,,,,,66871736,66871640
30250,30250,4,,,,,,66871737,66871627
30250,30250,4,,,,,,66871756,66871726
30250,30250,4,,,,,,66871725,66871721
30250,30250,4,,,,,,66871720,66871716
30250,30250,4,,,,,,66871717,66871705
30250,30250,4,,,,,,66871703,66871718
30250,30250,4,,,,,,66871704,66871701
30250,30250,4,,,,,,66871700,66871688
30250,30250,4,,,,,,66871699,66871698
30250,30250,4,,,,,,66871696,66871697
30250,30250,4,,,,,,66871689,66871686
30250,30250,4,,,,,,66871694,66871684
30250,30250,4,,,,,,66871691,66871687
30250,30250,4,,,,,,66871695,66871650
30250,30250,4,,,,,,66871685,66871648
30250,30250,4,,,,,,66871683,66871647
30250,30250,4,,,,,,66871692,66871641
30250,30250,4,,,,,,66871675,66871620
30250,30250,4,,,,,,66871673,66871618
30250,30250,4,,,,,,66871671,66871612
30250,30250,4,,,,,,66871678,66871611
30250,30250,4,,,,,,66871672,66871670
30250,30250,4,,,,,,66871677,66871712
30250,30250,4,,,,,,66871674,66871604
30250,30250,4,,,,,,66871707,66871603
30250,30250,4,,,,,,66871711,66871599
30250,30250,4,,,,,,66871616,66871617
30250,30250,4,,,,,,66871614,66871615
30250,30250,4,,,,,,66871621,66871706
30250,30250,4,,,,,,66871624,66871708
30250,30250,4,,,,,,66871636,66871710
30250,30250,4,,,,,,66871766,66871765
30250,30250,4,,,,,,66871763,66871762
30250,30250,4,,,,,,66871727,66871723
30250,30250,4,,,,,,66871724,66871722
30250,30250,4,,,,,,66871719,66871760
30250,30250,4,,,,,,66871715,66871768
30250,30250,4,,,,,,66871668,66871667
30250,30250,4,,,,,,66871666,66871665
30250,30250,4,,,,,,66871664,66871663
30250,30250,4,,,,,,66871661,66871662
30250,30250,4,,,,,,66871659,66871660
30250,30250,4,,,,,,66871655,66871658
30250,30250,4,,,,,,66871657,66871656
30250,30250,4,,,,,,66871654,66871652
30250,30250,4,,,,,,66871653,66871755
30250,30250,4,,,,,,66871651,66871748
30250,30250,4,,,,,,66871649,66871746
30250,30250,4,,,,,,66871646,66871739
30250,30250,4,,,,,,66871645,66871745
30250,30250,4,,,,,,66871619,66871733
30250,30250,4,,,,,,66871613,66871732
30250,30250,4,,,,,,66871610,66871742
30250,30250,4,,,,,,66871607,66871606
30250,30250,4,,,,,,66871608,66871609
30250,30250,4,,,,,,66871605,66871730
30250,30250,4,,,,,,66871602,66871738
30250,30250,4,,,,,,66871601,66871639
30250,30250,4,,,,,,66871600,66871625
30250,30250,4,,,,,,66871598,66871642
30250,30250,4,,,,,,66871595,66871592
30250,30250,4,,,,,,66871584,66871590
30250,30250,4,,,,,,66871623,66871597
30250,30250,4,,,,,,66871635,66871596
30250,30250,4,,,,,,66871637,66871628
30250,30250,4,,,,,,66871626,66871633
30250,30250,4,,,,,,66871629,66871634
30250,30250,4,,,,,,66871622,66871638
30250,30250,4,,,,,,66871630,66871631
30250,30250,4,,,,,,66871593,66871591
30250,30250,4,,,,,,66871589,66871586
30250,30250,4,,,,,,66871588,66871585
30250,30250,4,,,,,,66861138,66861136
30250,30250,4,,,,,,66861135,66861133
30250,30250,4,,,,,,66861130,66861127
30250,30250,4,,,,,,66861125,66861122
30250,30250,4,,,,,,66861119,66861115
30250,30250,4,,,,,,66861112,66861111
30250,30250,4,,,,,,66861107,66861104
30250,30250,4,,,,,,66861070,66861068
30250,30250,4,,,,,,66861059,66861040
30250,30250,4,,,,,,66861027,66861049
30250,30250,4,,,,,,66861060,66861038
30250,30250,4,,,,,,66861017,66861014
30250,30250,4,,,,,,66861013,66861012
30250,30250,4,,,,,,66861008,66861007
30250,30250,4,,,,,,66861006,66860997
30250,30250,4,,,,,,66860998,66860996
30250,30250,4,,,,,,66861003,66861002
30250,30250,4,,,,,,66860992,66860994
30250,30250,4,,,,,,66860995,66860990
30250,30250,4,,,,,,66860999,66861000
30250,30250,4,,,,,,66860993,66860991
30250,30250,4,,,,,,66861128,66861126
30250,30250,4,,,,,,66861124,66861118
30250,30250,4,,,,,,66861120,66861109
30250,30250,4,,,,,,66861113,66861106
30250,30250,4,,,,,,66861105,66861103
30250,30250,4,,,,,,66861101,66861099
30250,30250,4,,,,,,66861097,66861094
30250,30250,4,,,,,,66861093,66861091
30250,30250,4,,,,,,66861089,66861086
30250,30250,4,,,,,,66861084,66861083
30250,30250,4,,,,,,66861081,66861021
30250,30250,4,,,,,,66861077,66861057
30250,30250,4,,,,,,66861076,66861075
30250,30250,4,,,,,,66861061,66861020
30250,30250,4,,,,,,66861030,66861073
30250,30250,4,,,,,,66861072,66861015
30250,30250,4,,,,,,66861011,66861009
30250,30250,4,,,,,,66861010,66861005
30250,30250,4,,,,,,66861004,66861001
30250,30250,4,,,,,,66860987,66860988
30250,30250,4,,,,,,66860986,66860984
30250,30250,4,,,,,,66860980,66860978
30250,30250,4,,,,,,66860981,66860972
30250,30250,4,,,,,,66860973,66860970
30250,30250,4,,,,,,66860976,66860967
30250,30250,4,,,,,,66860989,66860985
30250,30250,4,,,,,,66860983,66860982
30250,30250,4,,,,,,66860977,66860979
30250,30250,4,,,,,,66860975,66860974
30250,30250,4,,,,,,66860971,66860968
30250,30250,4,,,,,,66860966,66860969
30250,30250,4,,,,,,66860965,66860961
30250,30250,4,,,,,,66861137,66861134
30250,30250,4,,,,,,66861132,66861131
30250,30250,4,,,,,,66861129,66861123
30250,30250,4,,,,,,66861121,66861117
30250,30250,4,,,,,,66861116,66861114
30250,30250,4,,,,,,66861110,66861108
30250,30250,4,,,,,,66861102,66861100
30250,30250,4,,,,,,66861098,66861096
30250,30250,4,,,,,,66861095,66861090
30250,30250,4,,,,,,66861092,66861088
30250,30250,4,,,,,,66861087,66861085
30250,30250,4,,,,,,66861082,66861058
30250,30250,4,,,,,,66861051,66861053
30250,30250,4,,,,,,66861018,66861066
30250,30250,4,,,,,,66861065,66861029
30250,30250,4,,,,,,66861035,66861062
30250,30250,4,,,,,,66861063,66861080
30250,30250,4,,,,,,66861043,66861026
30250,30250,4,,,,,,66861034,66861069
30250,30250,4,,,,,,66861023,66861016
30250,30250,4,,,,,,66861074,66861019
30250,30250,4,,,,,,66861032,66861037
30250,30250,4,,,,,,66861036,66861025
30250,30250,4,,,,,,66861039,66861078
30250,30250,4,,,,,,66861033,66861046
30250,30250,4,,,,,,66861041,66861067
30250,30250,4,,,,,,66861064,66861022
30250,30250,4,,,,,,66861054,66861052
30250,30250,4,,,,,,66861071,66861050
30250,30250,4,,,,,,66861048,66861044
30250,30250,4,,,,,,66861024,66861045
30250,30250,4,,,,,,66860955,66860956
30250,30250,4,,,,,,66860957,66860962
30250,30250,4,,,,,,66860953,66860964
30250,30250,4,,,,,,66860963,66860960
30250,30250,4,,,,,,66860954,66860958
30250,30250,4,,,,,,66861047,66861055
30250,30250,4,,,,,,66861056,66861031
30250,30250,4,,,,,,66861042,66861028
30250,30250,4,,,,,,66862956,66862878
30250,30250,4,,,,,,66862957,66862880
30250,30250,4,,,,,,66862959,66862881
30250,30250,4,,,,,,66862960,66862885
30250,30250,4,,,,,,66862963,66862887
30250,30250,4,,,,,,66862965,66862882
30250,30250,4,,,,,,66862962,66862891
30250,30250,4,,,,,,66862967,66862893
30250,30250,4,,,,,,66862971,66862895
30250,30250,4,,,,,,66862969,66862892
30250,30250,4,,,,,,66862973,66862897
30250,30250,4,,,,,,66862976,66862900
30250,30250,4,,,,,,66862978,66862898
30250,30250,4,,,,,,66862979,66862903
30250,30250,4,,,,,,66862981,66862907
30250,30250,4,,,,,,66862983,66862905
30250,30250,4,,,,,,66862985,66862909
30250,30250,4,,,,,,66862987,66862911
30250,30250,4,,,,,,66862991,66862913
30250,30250,4,,,,,,66862989,66862915
30250,30250,4,,,,,,66862992,66862918
30250,30250,4,,,,,,66862996,66862921
30250,30250,4,,,,,,66862998,66862919
30250,30250,4,,,,,,66863000,66862917
30250,30250,4,,,,,,66863001,66862925
30250,30250,4,,,,,,66863004,66862929
30250,30250,4,,,,,,66863003,66862926
30250,30250,4,,,,,,66863008,66862931
30250,30250,4,,,,,,66863009,66862934
30250,30250,4,,,,,,66863012,66862936
30250,30250,4,,,,,,66863010,66862937
30250,30250,4,,,,,,66863015,66862939
30250,30250,4,,,,,,66863017,66862942
30250,30250,4,,,,,,66862951,66862879
30250,30250,4,,,,,,66862954,66862877
30250,30250,4,,,,,,66862952,66862883
30250,30250,4,,,,,,66862961,66862886
30250,30250,4,,,,,,66862964,66862884
30250,30250,4,,,,,,66862958,66862890
30250,30250,4,,,,,,66862966,66862889
30250,30250,4,,,,,,66862970,66862894
30250,30250,4,,,,,,66862968,66862888
30250,30250,4,,,,,,66862972,66862896
30250,30250,4,,,,,,66862974,66862899
30250,30250,4,,,,,,66862977,66862901
30250,30250,4,,,,,,66862975,66862902
30250,30250,4,,,,,,66862980,66862904
30250,30250,4,,,,,,66862982,66862908
30250,30250,4,,,,,,66862984,66862906
30250,30250,4,,,,,,66862986,66862910
30250,30250,4,,,,,,66862990,66862912
30250,30250,4,,,,,,66862988,66862914
30250,30250,4,,,,,,66862994,66862916
30250,30250,4,,,,,,66862995,66862920
30250,30250,4,,,,,,66862993,66862922
30250,30250,4,,,,,,66862999,66862924
30250,30250,4,,,,,,66862997,66862923
30250,30250,4,,,,,,66863002,66862928
30250,30250,4,,,,,,66863005,66862930
30250,30250,4,,,,,,66863007,66862927
30250,30250,4,,,,,,66863006,66862932
30250,30250,4,,,,,,66863011,66862935
30250,30250,4,,,,,,66863013,66862933
30250,30250,4,,,,,,66863014,66862938
30250,30250,4,,,,,,66863016,66862941
30250,30250,4,,,,,,66863018,66862943
30250,30250,4,,,,,,66863020,66862944
30250,30250,4,,,,,,66863022,66862946
30250,30250,4,,,,,,66863026,66862948
30250,30250,4,,,,,,66863019,66862940
30250,30250,4,,,,,,66863021,66862945
30250,30250,4,,,,,,66863025,66862947
30250,30250,4,,,,,,66863023,66862949
30250,30250,4,,,,,,66863027,66862950
30250,30250,4,,,,,,66868218,66868150
30250,30250,4,,,,,,66868223,66868152
30250,30250,4,,,,,,66868225,66868154
30250,30250,4,,,,,,66868227,66868156
30250,30250,4,,,,,,66868230,66868159
30250,30250,4,,,,,,66868232,66868162
30250,30250,4,,,,,,66868235,66868160
30250,30250,4,,,,,,66868236,66868165
30250,30250,4,,,,,,66868237,66868166
30250,30250,4,,,,,,66868240,66868169
30250,30250,4,,,,,,66868239,66868171
30250,30250,4,,,,,,66868241,66868172
30250,30250,4,,,,,,66868245,66868174
30250,30250,4,,,,,,66868247,66868176
30250,30250,4,,,,,,66868249,66868178
30250,30250,4,,,,,,66868251,66868181
30250,30250,4,,,,,,66868254,66868179
30250,30250,4,,,,,,66868256,66868186
30250,30250,4,,,,,,66868257,66868184
30250,30250,4,,,,,,66868259,66868188
30250,30250,4,,,,,,66868262,66868190
30250,30250,4,,,,,,66868265,66868192
30250,30250,4,,,,,,66868266,66868195
30250,30250,4,,,,,,66868269,66868197
30250,30250,4,,,,,,66868270,66868193
30250,30250,4,,,,,,66868271,66868198
30250,30250,4,,,,,,66868273,66868202
30250,30250,4,,,,,,66868276,66868204
30250,30250,4,,,,,,66868278,66868207
30250,30250,4,,,,,,66868279,66868205
30250,30250,4,,,,,,66868281,66868211
30250,30250,4,,,,,,66868221,66868149
30250,30250,4,,,,,,66868222,66868151
30250,30250,4,,,,,,66868224,66868153
30250,30250,4,,,,,,66868226,66868155
30250,30250,4,,,,,,66868229,66868157
30250,30250,4,,,,,,66868231,66868161
30250,30250,4,,,,,,66868234,66868164
30250,30250,4,,,,,,66868233,66868158
30250,30250,4,,,,,,66868228,66868163
30250,30250,4,,,,,,66868238,66868167
30250,30250,4,,,,,,66868242,66868170
30250,30250,4,,,,,,66868243,66868168
30250,30250,4,,,,,,66868244,66868173
30250,30250,4,,,,,,66868246,66868175
30250,30250,4,,,,,,66868248,66868177
30250,30250,4,,,,,,66868250,66868180
30250,30250,4,,,,,,66868252,66868182
30250,30250,4,,,,,,66868255,66868185
30250,30250,4,,,,,,66868253,66868183
30250,30250,4,,,,,,66868258,66868187
30250,30250,4,,,,,,66868260,66868189
30250,30250,4,,,,,,66868264,66868191
30250,30250,4,,,,,,66868261,66868194
30250,30250,4,,,,,,66868267,66868196
30250,30250,4,,,,,,66868263,66868199
30250,30250,4,,,,,,66868268,66868200
30250,30250,4,,,,,,66868272,66868201
30250,30250,4,,,,,,66868274,66868203
30250,30250,4,,,,,,66868277,66868206
30250,30250,4,,,,,,66868275,66868208
30250,30250,4,,,,,,66868280,66868210
30250,30250,4,,,,,,66868282,66868212
30250,30250,4,,,,,,66868284,66868213
30250,30250,4,,,,,,66868286,66868215
30250,30250,4,,,,,,66868283,66868209
30250,30250,4,,,,,,66868285,66868214
30250,30250,4,,,,,,66868287,66868216
30250,30250,4,,,,,,66868290,66868217
30250,30250,4,,,,,,66868291,66868219
30250,30250,4,,,,,,66868292,66868220
30250,30250,4,,,,,,66865862,66865863
30250,30250,4,,,,,,66865864,66865865
30250,30250,4,,,,,,66865866,66865867
30250,30250,4,,,,,,66865868,66865869
30250,30250,4,,,,,,66865870,66865871
30250,30250,4,,,,,,66865873,66865872
30250,30250,4,,,,,,66865874,66865877
30250,30250,4,,,,,,66865931,66865933
30250,30250,4,,,,,,66865937,66865939
30250,30250,4,,,,,,66865944,66865945
30250,30250,4,,,,,,66865966,66865972
30250,30250,4,,,,,,66865976,66865978
30250,30250,4,,,,,,66865985,66865983
30250,30250,4,,,,,,66865989,66865987
30250,30250,4,,,,,,66865996,66865999
30250,30250,4,,,,,,66866014,66866016
30250,30250,4,,,,,,66866010,66866018
30250,30250,4,,,,,,66866011,66866012
30250,30250,4,,,,,,66866075,66866071
30250,30250,4,,,,,,66866074,66866072
30250,30250,4,,,,,,66866073,66866070
30250,30250,4,,,,,,66865885,66865887
30250,30250,4,,,,,,66865884,66865883
30250,30250,4,,,,,,66865886,66865880
30250,30250,4,,,,,,66865882,66865879
30250,30250,4,,,,,,66865878,66865881
30250,30250,4,,,,,,66865891,66865890
30250,30250,4,,,,,,66865893,66865892
30250,30250,4,,,,,,66865895,66865894
30250,30250,4,,,,,,66865896,66865897
30250,30250,4,,,,,,66865898,66865899
30250,30250,4,,,,,,66865912,66865904
30250,30250,4,,,,,,66865934,66865935
30250,30250,4,,,,,,66865940,66865942
30250,30250,4,,,,,,66865946,66865963
30250,30250,4,,,,,,66865971,66865973
30250,30250,4,,,,,,66865981,66865979
30250,30250,4,,,,,,66865984,66865988
30250,30250,4,,,,,,66865990,66865994
30250,30250,4,,,,,,66865997,66866017
30250,30250,4,,,,,,66866006,66866008
30250,30250,4,,,,,,66866005,66866009
30250,30250,4,,,,,,66866065,66866063
30250,30250,4,,,,,,66866061,66866069
30250,30250,4,,,,,,66866057,66866064
30250,30250,4,,,,,,66866066,66866058
30250,30250,4,,,,,,66866015,66866007
30250,30250,4,,,,,,66866004,66866062
30250,30250,4,,,,,,66866068,66866067
30250,30250,4,,,,,,66866060,66866059
30250,30250,4,,,,,,66866055,66866054
30250,30250,4,,,,,,66866056,66866094
30250,30250,4,,,,,,66866095,66866102
30250,30250,4,,,,,,66865926,66865927
30250,30250,4,,,,,,66865930,66865928
30250,30250,4,,,,,,66865929,66865925
30250,30250,4,,,,,,66865923,66865924
30250,30250,4,,,,,,66865921,66865920
30250,30250,4,,,,,,66865919,66865922
30250,30250,4,,,,,,66865911,66865910
30250,30250,4,,,,,,66865918,66865917
30250,30250,4,,,,,,66865916,66865906
30250,30250,4,,,,,,66865907,66865909
30250,30250,4,,,,,,66865915,66865914
30250,30250,4,,,,,,66865913,66865908
30250,30250,4,,,,,,66865905,66865932
30250,30250,4,,,,,,66865936,66865938
30250,30250,4,,,,,,66865941,66865943
30250,30250,4,,,,,,66865964,66865965
30250,30250,4,,,,,,66865974,66865977
30250,30250,4,,,,,,66865980,66865986
30250,30250,4,,,,,,66865991,66865992
30250,30250,4,,,,,,66865998,66865995
30250,30250,4,,,,,,66866023,66866013
30250,30250,4,,,,,,66866019,66866021
30250,30250,4,,,,,,66866022,66866020
30250,30250,4,,,,,,66866079,66866081
30250,30250,4,,,,,,66866077,66866078
30250,30250,4,,,,,,66866080,66866082
30250,30250,4,,,,,,66866083,66866076
30250,30250,4,,,,,,66866097,66866096
30250,30250,4,,,,,,66866107,66866106
30250,30250,4,,,,,,66866133,66866143
30250,30250,4,,,,,,66866105,66866132
30250,30250,4,,,,,,66866136,66866138
30250,30250,4,,,,,,66866137,66866139
30250,30250,4,,,,,,66866149,66866155
30250,30250,4,,,,,,66866187,66866191
30250,30250,4,,,,,,66866140,66866141
30250,30250,4,,,,,,66866142,66866150
30250,30250,4,,,,,,66866156,66866188
30250,30250,4,,,,,,66866192,66866199
3078,3078,4,,,,,,67290303,67290067
3078,3078,4,,,,,,67290304,67290068
3078,3078,4,,,,,,67290306,67290069
3078,3078,4,,,,,,67290309,67290070
3078,3078,4,,,,,,67290311,67290071
3078,3078,4,,,,,,67290314,67290072
3078,3078,4,,,,,,67290316,67290073
3078,3078,4,,,,,,67290319,67290074
3078,3078,4,,,,,,67290352,67290075
3078,3078,4,,,,,,67290356,67290076
3078,3078,4,,,,,,67290358,67290077
3078,3078,4,,,,,,67290359,67290078
3078,3078,4,,,,,,67290360,67290079
3078,3078,4,,,,,,67290361,67290080
3078,3078,4,,,,,,67290362,67290081
3078,3078,4,,,,,,67290363,67290082
3078,3078,4,,,,,,67290364,67290083
3078,3078,4,,,,,,67290365,67290084
3078,3078,4,,,,,,67290366,67290085
3078,3078,4,,,,,,67290367,67290086
3078,3078,4,,,,,,67290368,67290087
3078,3078,4,,,,,,65023458,65023438
3078,3078,4,,,,,,65023459,65023439
3078,3078,4,,,,,,65023460,65023440
3078,3078,4,,,,,,65023461,65023441
3078,3078,4,,,,,,65023462,65023442
3078,3078,4,,,,,,65023463,65023443
3078,3078,4,,,,,,65023464,65023444
3078,3078,4,,,,,,65023467,65023445
3078,3078,4,,,,,,65024817,65023446
3078,3078,4,,,,,,65024818,65023447
3078,3078,4,,,,,,65024819,65023448
3078,3078,4,,,,,,65024820,65023449
3078,3078,4,,,,,,65024821,65023450
3078,3078,4,,,,,,65024823,65023452
3078,3078,4,,,,,,65024824,65023453
3078,3078,4,,,,,,65024825,65023454
3078,3078,4,,,,,,65024826,65023455
3078,3078,4,,,,,,65024827,65023456
3078,3078,4,,,,,,65024828,65023457
3078,3078,4,,,,,,65024829,65023466
3078,3078,4,,,,,,64981857,64981846
3078,3078,4,,,,,,64981858,64981847
3078,3078,4,,,,,,64981859,64981848
3078,3078,4,,,,,,64981860,64981849
3078,3078,4,,,,,,64981861,64981850
3078,3078,4,,,,,,64981879,64981851
3078,3078,4,,,,,,64981880,64981852
3078,3078,4,,,,,,64981881,64981853
3078,3078,4,,,,,,64981882,64981854
3078,3078,4,,,,,,64981883,64981855
3078,3078,4,,,,,,64981884,64981856
3078,3078,4,,,,,,65029018,65029014
3078,3078,4,,,,,,65029022,65029020
3078,3078,4,,,,,,65029034,65029023
3078,3078,4,,,,,,65029035,65029015
3078,3078,4,,,,,,65029037,65029017
3078,3078,4,,,,,,65029038,65029021
3078,3078,4,,,,,,65029036,65029016
3078,3078,4,,,,,,67263152,67263148
3078,3078,4,,,,,,67263168,67263157
3078,3078,4,,,,,,67263169,67263149
3078,3078,4,,,,,,67263170,67263150
3078,3078,4,,,,,,67263172,67263155
3078,3078,4,,,,,,67263156,67263154
3078,3078,4,,,,,,67263171,67263151
3078,3078,4,,,,,,67263548,67263537
3078,3078,4,,,,,,67263549,67263538
3078,3078,4,,,,,,67263550,67263539
3078,3078,4,,,,,,67263551,67263540
3078,3078,4,,,,,,67263552,67263541
3078,3078,4,,,,,,67263570,67263542
3078,3078,4,,,,,,67263571,67263543
3078,3078,4,,,,,,67263572,67263544
3078,3078,4,,,,,,67263573,67263545
3078,3078,4,,,,,,67263574,67263546
3078,3078,4,,,,,,67263575,67263547
3078,3078,4,,,,,,67266359,67266339
3078,3078,4,,,,,,67266360,67266340
3078,3078,4,,,,,,67266361,67266341
3078,3078,4,,,,,,67266362,67266342
3078,3078,4,,,,,,67266363,67266343
3078,3078,4,,,,,,67266364,67266344
3078,3078,4,,,,,,67266365,67266345
3078,3078,4,,,,,,67266368,67266346
3078,3078,4,,,,,,67266382,67266347
3078,3078,4,,,,,,67266383,67266348
3078,3078,4,,,,,,67266384,67266349
3078,3078,4,,,,,,67266385,67266350
3078,3078,4,,,,,,67266386,67266351
3078,3078,4,,,,,,67266390,67266355
3078,3078,4,,,,,,67266392,67266356
3078,3078,4,,,,,,67266393,67266357
3078,3078,4,,,,,,67266394,67266358
3078,3078,4,,,,,,67266391,67266367
3078,3078,4,,,,,,67266387,67266352
3078,3078,4,,,,,,67266388,67266353
3078,3078,4,,,,,,67266389,67266354
3078,3078,4,,,,,,67233124,67233113
3078,3078,4,,,,,,67233125,67233114
3078,3078,4,,,,,,67233126,67233115
3078,3078,4,,,,,,67233127,67233116
3078,3078,4,,,,,,67233128,67233117
3078,3078,4,,,,,,67233146,67233118
3078,3078,4,,,,,,67233147,67233119
3078,3078,4,,,,,,67233148,67233120
3078,3078,4,,,,,,67233149,67233121
3078,3078,4,,,,,,67233150,67233122
3078,3078,4,,,,,,67233151,67233123
3078,3078,4,,,,,,67238428,67238424
3078,3078,4,,,,,,67238444,67238433
3078,3078,4,,,,,,67238445,67238425
3078,3078,4,,,,,,67238446,67238426
3078,3078,4,,,,,,67238448,67238431
3078,3078,4,,,,,,67238432,67238430
3078,3078,4,,,,,,67238447,67238427
3078,3078,4,,,,,,67305971,67305777
3078,3078,4,,,,,,67305972,67305778
3078,3078,4,,,,,,67305974,67305779
3078,3078,4,,,,,,67305976,67305780
3078,3078,4,,,,,,67305977,67305781
3078,3078,4,,,,,,67305979,67305782
3078,3078,4,,,,,,67305984,67305783
3078,3078,4,,,,,,67305987,67305784
3078,3078,4,,,,,,67306020,67305785
3078,3078,4,,,,,,67306023,67305786
3078,3078,4,,,,,,67306024,67305787
3078,3078,4,,,,,,67306025,67305788
3078,3078,4,,,,,,67306026,67305789
3078,3078,4,,,,,,67306027,67305790
3078,3078,4,,,,,,67306028,67305791
3078,3078,4,,,,,,67306029,67305792
3078,3078,4,,,,,,67306030,67305793
3078,3078,4,,,,,,67306031,67305794
3078,3078,4,,,,,,67306032,67305795
3078,3078,4,,,,,,67306033,67305796
3078,3078,4,,,,,,67306034,67305801
31255,31255,4,,,,,,66646008,66645997
31255,31255,4,,,,,,66646096,66646091
31255,31255,4,,,,,,66646001,66646094
31255,31255,4,,,,,,66646092,66646098
31255,31255,4,,,,,,66646818,66646817
31255,31255,4,,,,,,64460575,64460581
31255,31255,4,,,,,,64461541,64461540
31255,31255,4,,,,,,64460490,64460481
31255,31255,4,,,,,,64460579,64460574
31255,31255,4,,,,,,64460482,64460577
31255,31255,4,,,,,,66985172,66985179
31255,31255,4,,,,,,66985878,66985877
31255,31255,4,,,,,,66985083,66985174
31255,31255,4,,,,,,66985092,66985081
31255,31255,4,,,,,,66985177,66985171
31255,31255,4,,,,,,66914684,66914689
31255,31255,4,,,,,,66914797,66914796
31255,31255,4,,,,,,66914629,66914686
31255,31255,4,,,,,,66914632,66914626
31255,31255,4,,,,,,66914687,66914683
322,322,4,,,,,,64462665_1,64462665_2
322,322,4,,,,,,66650782_1,66650782_2
322,322,4,,,,,,66650781_1,66650781_2
322,322,4,,,,,,64462664_1,64462664_2
3265,3265,4,,,,,,67290657,67290454
3265,3265,4,,,,,,67290676,67290457
3265,3265,4,,,,,,67290634,67290450
3265,3265,4,,,,,,67290694,67290460
3265,3265,4,,,,,,67290711,67290463
3265,3265,4,,,,,,67290896,67290503
3265,3265,4,,,,,,67290908,67290505
3265,3265,4,,,,,,67290618,67290447
3265,3265,4,,,,,,67290640,67290451
3265,3265,4,,,,,,67290609,67290445
3265,3265,4,,,,,,67290628,67290449
3265,3265,4,,,,,,67290650,67290453
3265,3265,4,,,,,,67290668,67290456
3265,3265,4,,,,,,67290686,67290459
3265,3265,4,,,,,,67290705,67290462
3265,3265,4,,,,,,67290716,67290465
3265,3265,4,,,,,,67290698,67290461
3265,3265,4,,,,,,67290713,67290464
3265,3265,4,,,,,,67290727,67290467
3265,3265,4,,,,,,67290740,67290470
3265,3265,4,,,,,,67290777,67290480
3265,3265,4,,,,,,67290792,67290485
3265,3265,4,,,,,,67290807,67290488
3265,3265,4,,,,,,67290824,67290491
3265,3265,4,,,,,,67290840,67290494
3265,3265,4,,,,,,67290857,67290497
3265,3265,4,,,,,,67290812,67290489
3265,3265,4,,,,,,67290829,67290492
3265,3265,4,,,,,,67290846,67290495
3265,3265,4,,,,,,67290861,67290498
3265,3265,4,,,,,,67290800,67290487
3265,3265,4,,,,,,67290817,67290490
3265,3265,4,,,,,,67290834,67290493
3265,3265,4,,,,,,67290901,67290504
3265,3265,4,,,,,,67290914,67290506
3265,3265,4,,,,,,67290925,67290508
3265,3265,4,,,,,,67290935,67290510
3265,3265,4,,,,,,67290946,67290512
3265,3265,4,,,,,,67290930,67290509
3265,3265,4,,,,,,67290941,67290511
3265,3265,4,,,,,,67290948,67290513
3265,3265,4,,,,,,67290722,67290466
3265,3265,4,,,,,,67290734,67290469
3265,3265,4,,,,,,67290747,67290472
3265,3265,4,,,,,,67290753,67290473
3265,3265,4,,,,,,67290762,67290476
3265,3265,4,,,,,,67290757,67290474
3265,3265,4,,,,,,67290768,67290477
3265,3265,4,,,,,,67290760,67290475
3265,3265,4,,,,,,67290773,67290478
3265,3265,4,,,,,,67290787,67290484
3265,3265,4,,,,,,67290593,67290442
3265,3265,4,,,,,,67290603,67290444
3265,3265,4,,,,,,67290779,67290481
3265,3265,4,,,,,,67290796,67290486
3265,3265,4,,,,,,67290598,67290443
3265,3265,4,,,,,,67290617,67290446
3265,3265,4,,,,,,67290879,67290500
3265,3265,4,,,,,,67290851,67290496
3265,3265,4,,,,,,67290867,67290499
3265,3265,4,,,,,,67290730,67290468
3265,3265,4,,,,,,67290744,67290471
3265,3265,4,,,,,,67290892,67290502
3265,3265,4,,,,,,67290663,67290455
3265,3265,4,,,,,,67290682,67290458
3265,3265,4,,,,,,67290627,67290448
3265,3265,4,,,,,,67290646,67290452
3265,3265,4,,,,,,67290884,67290501
3265,3265,4,,,,,,67290920,67290507
3265,3265,4,,,,,,65025090,65025032
3265,3265,4,,,,,,65025092,65025030
3265,3265,4,,,,,,65025115,65025053
3265,3265,4,,,,,,65025091,65025029
3265,3265,4,,,,,,65025098,65025041
3265,3265,4,,,,,,65025101,65025031
3265,3265,4,,,,,,65025104,65025043
3265,3265,4,,,,,,65025108,65025046
3265,3265,4,,,,,,65025107,65025049
3265,3265,4,,,,,,65025112,65025051
3265,3265,4,,,,,,65025093,65025033
3265,3265,4,,,,,,65025096,65025034
3265,3265,4,,,,,,65025099,65025038
3265,3265,4,,,,,,65025100,65025035
3265,3265,4,,,,,,65025103,65025039
3265,3265,4,,,,,,65025106,65025045
3265,3265,4,,,,,,65025130,65025069
3265,3265,4,,,,,,65025133,65025072
3265,3265,4,,,,,,65025136,65025075
3265,3265,4,,,,,,65025139,65025078
3265,3265,4,,,,,,65025131,65025070
3265,3265,4,,,,,,65025134,65025073
3265,3265,4,,,,,,65025137,65025076
3265,3265,4,,,,,,65025140,65025079
3265,3265,4,,,,,,65025144,65025082
3265,3265,4,,,,,,65025145,65025084
3265,3265,4,,,,,,65025146,65025085
3265,3265,4,,,,,,65025147,65025086
3265,3265,4,,,,,,65025148,65025087
3265,3265,4,,,,,,65025149,65025088
3265,3265,4,,,,,,65025150,65025089
3265,3265,4,,,,,,65025114,65025056
3265,3265,4,,,,,,65025116,65025054
3265,3265,4,,,,,,65025119,65025058
3265,3265,4,,,,,,65025118,65025057
3265,3265,4,,,,,,65025120,65025059
3265,3265,4,,,,,,65025122,65025061
3265,3265,4,,,,,,65025121,65025060
3265,3265,4,,,,,,65025124,65025063
3265,3265,4,,,,,,65025127,65025066
3265,3265,4,,,,,,65025110,65025048
3265,3265,4,,,,,,65025095,65025037
3265,3265,4,,,,,,65025132,65025071
3265,3265,4,,,,,,65025135,65025074
3265,3265,4,,,,,,65025126,65025065
3265,3265,4,,,,,,65025129,65025068
3265,3265,4,,,,,,65025117,65025055
3265,3265,4,,,,,,65025125,65025064
3265,3265,4,,,,,,65025128,65025067
3265,3265,4,,,,,,65025123,65025062
3265,3265,4,,,,,,65025138,65025077
3265,3265,4,,,,,,65025111,65025050
3265,3265,4,,,,,,65025113,65025052
3265,3265,4,,,,,,65025143,65025081
3265,3265,4,,,,,,65025102,65025042
3265,3265,4,,,,,,65025105,65025044
3265,3265,4,,,,,,65025109,65025047
3265,3265,4,,,,,,65025094,65025036
3265,3265,4,,,,,,65025097,65025040
3265,3265,4,,,,,,65025142,65025080
3265,3265,4,,,,,,65025141,65025083
3265,3265,4,,,,,,64988703,64988671
3265,3265,4,,,,,,64988704,64988694
3265,3265,4,,,,,,64988705,64988672
3265,3265,4,,,,,,64988706,64988673
3265,3265,4,,,,,,64988707,64988674
3265,3265,4,,,,,,64988708,64988695
3265,3265,4,,,,,,64988709,64988675
3265,3265,4,,,,,,64988710,64988676
3265,3265,4,,,,,,64988718,64988683
3265,3265,4,,,,,,64988719,64988684
3265,3265,4,,,,,,64988716,64988685
3265,3265,4,,,,,,64988720,64988686
3265,3265,4,,,,,,64988721,64988687
3265,3265,4,,,,,,64988722,64988688
3265,3265,4,,,,,,64988727,64988692
3265,3265,4,,,,,,64988728,64988689
3265,3265,4,,,,,,64988732,64988697
3265,3265,4,,,,,,64988729,64988699
3265,3265,4,,,,,,64988730,64988700
3265,3265,4,,,,,,64988733,64988701
3265,3265,4,,,,,,64988711,64988677
3265,3265,4,,,,,,64988712,64988679
3265,3265,4,,,,,,64988713,64988680
3265,3265,4,,,,,,64988714,64988681
3265,3265,4,,,,,,64988715,64988678
3265,3265,4,,,,,,64988717,64988682
3265,3265,4,,,,,,64988734,64988702
3265,3265,4,,,,,,64988725,64988696
3265,3265,4,,,,,,64988726,64988698
3265,3265,4,,,,,,64988723,64988690
3265,3265,4,,,,,,64988724,64988691
3265,3265,4,,,,,,65034278,65034256
3265,3265,4,,,,,,65034279,65034253
3265,3265,4,,,,,,65034280,65034257
3265,3265,4,,,,,,65034281,65034254
3265,3265,4,,,,,,65034282,65034258
3265,3265,4,,,,,,65034283,65034259
3265,3265,4,,,,,,65034297,65034273
3265,3265,4,,,,,,65034298,65034274
3265,3265,4,,,,,,65034276,65034251
3265,3265,4,,,,,,65034277,65034252
3265,3265,4,,,,,,65034290,65034265
3265,3265,4,,,,,,65034291,65034266
3265,3265,4,,,,,,65034292,65034267
3265,3265,4,,,,,,65034289,65034268
3265,3265,4,,,,,,65034293,65034269
3265,3265,4,,,,,,65034294,65034270
3265,3265,4,,,,,,65034295,65034271
3265,3265,4,,,,,,65034296,65034272
3265,3265,4,,,,,,65034302,65034301
3265,3265,4,,,,,,65034304,65034303
3265,3265,4,,,,,,65034284,65034260
3265,3265,4,,,,,,65034285,65034261
3265,3265,4,,,,,,65034286,65034262
3265,3265,4,,,,,,65034275,65034250
3265,3265,4,,,,,,65034287,65034263
3265,3265,4,,,,,,65034288,65034264
3265,3265,4,,,,,,67263253,67263229
3265,3265,4,,,,,,67263263,67263239
3265,3265,4,,,,,,67263260,67263240
3265,3265,4,,,,,,67263265,67263241
3265,3265,4,,,,,,67263268,67263242
3265,3265,4,,,,,,67263264,67263243
3265,3265,4,,,,,,67263267,67263244
3265,3265,4,,,,,,67263269,67263245
3265,3265,4,,,,,,67263266,67263246
3265,3265,4,,,,,,67263270,67263247
3265,3265,4,,,,,,67263271,67263248
3265,3265,4,,,,,,67263272,67263249
3265,3265,4,,,,,,67263273,67263250
3265,3265,4,,,,,,67263277,67263276
3265,3265,4,,,,,,67263279,67263278
3265,3265,4,,,,,,67263258,67263232
3265,3265,4,,,,,,67263259,67263235
3265,3265,4,,,,,,67263261,67263237
3265,3265,4,,,,,,67263262,67263238
3265,3265,4,,,,,,67263251,67263228
3265,3265,4,,,,,,67263252,67263230
3265,3265,4,,,,,,67263257,67263231
3265,3265,4,,,,,,67263254,67263226
3265,3265,4,,,,,,67263255,67263234
3265,3265,4,,,,,,67263741,67263708
3265,3265,4,,,,,,67263738,67263709
3265,3265,4,,,,,,67263732,67263700
3265,3265,4,,,,,,67263733,67263701
3265,3265,4,,,,,,67263727,67263697
3265,3265,4,,,,,,67263728,67263717
3265,3265,4,,,,,,67263729,67263694
3265,3265,4,,,,,,67263723,67263698
3265,3265,4,,,,,,67263730,67263699
3265,3265,4,,,,,,67263742,67263710
3265,3265,4,,,,,,67263743,67263711
3265,3265,4,,,,,,67263745,67263714
3265,3265,4,,,,,,67263746,67263719
3265,3265,4,,,,,,67263747,67263721
3265,3265,4,,,,,,67263748,67263715
3265,3265,4,,,,,,67263749,67263712
3265,3265,4,,,,,,67263750,67263722
3265,3265,4,,,,,,67263751,67263724
3265,3265,4,,,,,,67263753,67263720
3265,3265,4,,,,,,67263754,67263725
3265,3265,4,,,,,,67264142,67264143
3265,3265,4,,,,,,67263755,67263726
3265,3265,4,,,,,,67263734,67263703
3265,3265,4,,,,,,67263735,67263704
3265,3265,4,,,,,,67263736,67263705
3265,3265,4,,,,,,67263737,67263702
3265,3265,4,,,,,,67263739,67263706
3265,3265,4,,,,,,67263740,67263707
3265,3265,4,,,,,,67263744,67263713
3265,3265,4,,,,,,67263731,67263718
3265,3265,4,,,,,,67267087,67267086
3265,3265,4,,,,,,67267074,67267073
3265,3265,4,,,,,,67267010,67266994
3265,3265,4,,,,,,67267017,67267004
3265,3265,4,,,,,,67267014,67267007
3265,3265,4,,,,,,67267121,67267120
3265,3265,4,,,,,,67267016,67267001
3265,3265,4,,,,,,67267019,67267018
3265,3265,4,,,,,,67267015,67267002
3265,3265,4,,,,,,67267067,67267066
3265,3265,4,,,,,,67267065,67267064
3265,3265,4,,,,,,67267063,67267061
3265,3265,4,,,,,,67267062,67267060
3265,3265,4,,,,,,67267119,67267118
3265,3265,4,,,,,,67267116,67267112
3265,3265,4,,,,,,67267117,67267115
3265,3265,4,,,,,,67266993,67267000
3265,3265,4,,,,,,67266985,67267006
3265,3265,4,,,,,,67266987,67267009
3265,3265,4,,,,,,67266988,67266998
3265,3265,4,,,,,,67267020,67267021
3265,3265,4,,,,,,67267050,67267049
3265,3265,4,,,,,,67267047,67267044
3265,3265,4,,,,,,67267046,67267045
3265,3265,4,,,,,,67267042,67267043
3265,3265,4,,,,,,67267040,67267041
3265,3265,4,,,,,,67267026,67267027
3265,3265,4,,,,,,67267025,67267024
3265,3265,4,,,,,,67267082,67267081
3265,3265,4,,,,,,67267080,67267079
3265,3265,4,,,,,,67267076,67267077
3265,3265,4,,,,,,67267059,67267058
3265,3265,4,,,,,,67267057,67267056
3265,3265,4,,,,,,67267055,67267054
3265,3265,4,,,,,,67267053,67267052
3265,3265,4,,,,,,67267051,67267048
3265,3265,4,,,,,,67266984,67267005
3265,3265,4,,,,,,67267022,67267023
3265,3265,4,,,,,,67266989,67267003
3265,3265,4,,,,,,67267109,67267108
3265,3265,4,,,,,,67267107,67267106
3265,3265,4,,,,,,67267105,67267104
3265,3265,4,,,,,,67267103,67267102
3265,3265,4,,,,,,67266992,67267008
3265,3265,4,,,,,,67266991,67266997
3265,3265,4,,,,,,67267100,67267101
3265,3265,4,,,,,,67267099,67267097
3265,3265,4,,,,,,67267096,67267098
3265,3265,4,,,,,,67267095,67267094
3265,3265,4,,,,,,67267078,67267083
3265,3265,4,,,,,,67267012,67266996
3265,3265,4,,,,,,67267030,67267031
3265,3265,4,,,,,,67266986,67267013
3265,3265,4,,,,,,67267084,67267085
3265,3265,4,,,,,,67267028,67267029
3265,3265,4,,,,,,67267072,67267075
3265,3265,4,,,,,,67267034,67267035
3265,3265,4,,,,,,67266990,67266999
3265,3265,4,,,,,,67267113,67267114
3265,3265,4,,,,,,67267111,67267110
3265,3265,4,,,,,,67267071,67267070
3265,3265,4,,,,,,67267069,67267068
3265,3265,4,,,,,,67267093,67267092
3265,3265,4,,,,,,67267091,67267090
3265,3265,4,,,,,,67267039,67267038
3265,3265,4,,,,,,67267037,67267036
3265,3265,4,,,,,,67267088,67267089
3265,3265,4,,,,,,67267033,67267032
3265,3265,4,,,,,,67267011,67266995
3265,3265,4,,,,,,67233317,67233284
3265,3265,4,,,,,,67233314,67233285
3265,3265,4,,,,,,67233308,67233276
3265,3265,4,,,,,,67233309,67233277
3265,3265,4,,,,,,67233303,67233273
3265,3265,4,,,,,,67233304,67233293
3265,3265,4,,,,,,67233305,67233270
3265,3265,4,,,,,,67233299,67233274
3265,3265,4,,,,,,67233306,67233275
3265,3265,4,,,,,,67233318,67233286
3265,3265,4,,,,,,67233319,67233287
3265,3265,4,,,,,,67233321,67233290
3265,3265,4,,,,,,67233322,67233295
3265,3265,4,,,,,,67233323,67233297
3265,3265,4,,,,,,67233324,67233291
3265,3265,4,,,,,,67233325,67233288
3265,3265,4,,,,,,67233326,67233298
3265,3265,4,,,,,,67233327,67233300
3265,3265,4,,,,,,67233329,67233296
3265,3265,4,,,,,,67233330,67233301
3265,3265,4,,,,,,67233718,67233719
3265,3265,4,,,,,,67233331,67233302
3265,3265,4,,,,,,67233310,67233279
3265,3265,4,,,,,,67233311,67233280
3265,3265,4,,,,,,67233312,67233281
3265,3265,4,,,,,,67233313,67233278
3265,3265,4,,,,,,67233315,67233282
3265,3265,4,,,,,,67233316,67233283
3265,3265,4,,,,,,67233320,67233289
3265,3265,4,,,,,,67233307,67233294
3265,3265,4,,,,,,67239029,67238505
3265,3265,4,,,,,,67239039,67238515
3265,3265,4,,,,,,67239036,67238516
3265,3265,4,,,,,,67239041,67238517
3265,3265,4,,,,,,67239043,67238518
3265,3265,4,,,,,,67239040,67238519
3265,3265,4,,,,,,67239042,67238520
3265,3265,4,,,,,,67239044,67239021
3265,3265,4,,,,,,67239045,67239022
3265,3265,4,,,,,,67239046,67239023
3265,3265,4,,,,,,67239047,67239024
3265,3265,4,,,,,,67239048,67239025
3265,3265,4,,,,,,67239049,67239026
3265,3265,4,,,,,,67239053,67239052
3265,3265,4,,,,,,67239055,67239054
3265,3265,4,,,,,,67239034,67238507
3265,3265,4,,,,,,67239035,67238511
3265,3265,4,,,,,,67239037,67238513
3265,3265,4,,,,,,67239038,67238514
3265,3265,4,,,,,,67239027,67238504
3265,3265,4,,,,,,67239028,67238506
3265,3265,4,,,,,,67239033,67238510
3265,3265,4,,,,,,67239030,67238502
3265,3265,4,,,,,,67239031,67238509
3265,3265,4,,,,,,67306248,67306106
3265,3265,4,,,,,,67306258,67306108
3265,3265,4,,,,,,67306511,67306161
3265,3265,4,,,,,,67306293,67306115
3265,3265,4,,,,,,67306310,67306120
3265,3265,4,,,,,,67306327,67306118
3265,3265,4,,,,,,67306340,67306130
3265,3265,4,,,,,,67306355,67306132
3265,3265,4,,,,,,67306298,67306116
3265,3265,4,,,,,,67306316,67306117
3265,3265,4,,,,,,67306332,67306122
3265,3265,4,,,,,,67306344,67306131
3265,3265,4,,,,,,67306357,67306124
3265,3265,4,,,,,,67306302,67306119
3265,3265,4,,,,,,67306321,67306121
3265,3265,4,,,,,,67306336,67306129
3265,3265,4,,,,,,67306349,67306123
3265,3265,4,,,,,,67306360,67306125
3265,3265,4,,,,,,67306434,67306146
3265,3265,4,,,,,,67306448,67306149
3265,3265,4,,,,,,67306462,67306152
3265,3265,4,,,,,,67306467,67306153
3265,3265,4,,,,,,67306484,67306156
3265,3265,4,,,,,,67306499,67306159
3265,3265,4,,,,,,67306457,67306151
3265,3265,4,,,,,,67306472,67306154
3265,3265,4,,,,,,67306489,67306157
3265,3265,4,,,,,,67306478,67306155
3265,3265,4,,,,,,67306495,67306158
3265,3265,4,,,,,,67306558,67306171
3265,3265,4,,,,,,67306564,67306173
3265,3265,4,,,,,,67306374,67306127
3265,3265,4,,,,,,67306387,67306135
3265,3265,4,,,,,,67306400,67306138
3265,3265,4,,,,,,67306366,67306133
3265,3265,4,,,,,,67306378,67306128
3265,3265,4,,,,,,67306390,67306136
3265,3265,4,,,,,,67306403,67306139
3265,3265,4,,,,,,67306416,67306142
3265,3265,4,,,,,,67306371,67306126
3265,3265,4,,,,,,67306383,67306134
3265,3265,4,,,,,,67306396,67306137
3265,3265,4,,,,,,67306405,67306140
3265,3265,4,,,,,,67306420,67306143
3265,3265,4,,,,,,67306411,67306141
3265,3265,4,,,,,,67306422,67306144
3265,3265,4,,,,,,67306438,67306147
3265,3265,4,,,,,,67306452,67306150
3265,3265,4,,,,,,67306273,67306111
3265,3265,4,,,,,,67306525,67306164
3265,3265,4,,,,,,67306534,67306166
3265,3265,4,,,,,,67306540,67306167
3265,3265,4,,,,,,67306522,67306163
3265,3265,4,,,,,,67306549,67306169
3265,3265,4,,,,,,67306505,67306160
3265,3265,4,,,,,,67306529,67306165
3265,3265,4,,,,,,67306515,67306162
3265,3265,4,,,,,,67306561,67306172
3265,3265,4,,,,,,67306565,67306174
3265,3265,4,,,,,,67306264,67306109
3265,3265,4,,,,,,67306282,67306113
3265,3265,4,,,,,,67306281,67306112
3265,3265,4,,,,,,67306429,67306145
3265,3265,4,,,,,,67306442,67306148
3265,3265,4,,,,,,67306272,67306110
3265,3265,4,,,,,,67306287,67306114
3265,3265,4,,,,,,67306253,67306107
3265,3265,4,,,,,,67306544,67306168
3265,3265,4,,,,,,67306553,67306170
38813,38813,4,,,,,,67290321,67290519
38813,38813,4,,,,,,67290346,67290534
38813,38813,4,,,,,,67290350,67290537
38813,38813,4,,,,,,67290327,67290522
38813,38813,4,,,,,,67290328,67290523
38813,38813,4,,,,,,67290330,67290524
38813,38813,4,,,,,,67290332,67290525
38813,38813,4,,,,,,67290333,67290526
38813,38813,4,,,,,,67290335,67290527
38813,38813,4,,,,,,67290337,67290528
38813,38813,4,,,,,,67290308,67290514
38813,38813,4,,,,,,67290312,67290515
38813,38813,4,,,,,,67290315,67290516
38813,38813,4,,,,,,67290318,67290517
38813,38813,4,,,,,,67290344,67290533
38813,38813,4,,,,,,67290349,67290536
38813,38813,4,,,,,,67290353,67290539
38813,38813,4,,,,,,67290341,67290531
38813,38813,4,,,,,,67290347,67290535
38813,38813,4,,,,,,67290351,67290538
38813,38813,4,,,,,,67290324,67290520
38813,38813,4,,,,,,67290325,67290521
38813,38813,4,,,,,,67290339,67290529
38813,38813,4,,,,,,67290340,67290530
38813,38813,4,,,,,,67290343,67290532
38813,38813,4,,,,,,65023468,65024830
38813,38813,4,,,,,,65023469,65024831
38813,38813,4,,,,,,65023470,65024832
38813,38813,4,,,,,,65023465,65024833
38813,38813,4,,,,,,65024807,65024834
38813,38813,4,,,,,,65024815,65024842
38813,38813,4,,,,,,65024816,65024843
38813,38813,4,,,,,,65024808,65024836
38813,38813,4,,,,,,65024809,65024837
38813,38813,4,,,,,,65024810,65024838
38813,38813,4,,,,,,65024811,65024835
38813,38813,4,,,,,,65024812,65024839
38813,38813,4,,,,,,65024845,65024857
38813,38813,4,,,,,,65024846,65024858
38813,38813,4,,,,,,65024847,65024853
38813,38813,4,,,,,,65024844,65024859
38813,38813,4,,,,,,65024849,65024860
38813,38813,4,,,,,,65024850,65024862
38813,38813,4,,,,,,65024851,65024864
38813,38813,4,,,,,,65024856,65024866
38813,38813,4,,,,,,65024854,65024861
38813,38813,4,,,,,,65024855,65024863
38813,38813,4,,,,,,65024852,65024865
38813,38813,4,,,,,,65024813,65024840
38813,38813,4,,,,,,65024814,65024841
38813,38813,4,,,,,,64981863,64981885
38813,38813,4,,,,,,64981864,64981886
38813,38813,4,,,,,,64981865,64981887
38813,38813,4,,,,,,64981862,64981888
38813,38813,4,,,,,,64981877,64981899
38813,38813,4,,,,,,64981874,64981900
38813,38813,4,,,,,,64981878,64981902
38813,38813,4,,,,,,64981866,64981889
38813,38813,4,,,,,,64981867,64981890
38813,38813,4,,,,,,64981868,64981892
38813,38813,4,,,,,,64981869,64981893
38813,38813,4,,,,,,64981870,64981894
38813,38813,4,,,,,,64981871,64981891
38813,38813,4,,,,,,64981872,64981895
38813,38813,4,,,,,,64981873,64981896
38813,38813,4,,,,,,64981875,64981897
38813,38813,4,,,,,,64981876,64981898
38813,38813,4,,,,,,65029025,65029040
38813,38813,4,,,,,,65029026,65029041
38813,38813,4,,,,,,65029019,65029042
38813,38813,4,,,,,,65029027,65034200
38813,38813,4,,,,,,65029028,65034201
38813,38813,4,,,,,,65029031,65034204
38813,38813,4,,,,,,65029032,65034205
38813,38813,4,,,,,,65029033,65034206
38813,38813,4,,,,,,65029029,65034202
38813,38813,4,,,,,,65029030,65034203
38813,38813,4,,,,,,65029024,65029039
38813,38813,4,,,,,,67263158,67263173
38813,38813,4,,,,,,67263164,67263180
38813,38813,4,,,,,,67263165,67263181
38813,38813,4,,,,,,67263166,67263182
38813,38813,4,,,,,,67263167,67263183
38813,38813,4,,,,,,67263159,67263174
38813,38813,4,,,,,,67263160,67263175
38813,38813,4,,,,,,67263153,67263176
38813,38813,4,,,,,,67263161,67263177
38813,38813,4,,,,,,67263162,67263178
38813,38813,4,,,,,,67263163,67263179
38813,38813,4,,,,,,67263554,67263576
38813,38813,4,,,,,,67263555,67263577
38813,38813,4,,,,,,67263556,67263578
38813,38813,4,,,,,,67263553,67263579
38813,38813,4,,,,,,67263557,67263580
38813,38813,4,,,,,,67263558,67263581
38813,38813,4,,,,,,67263559,67263583
38813,38813,4,,,,,,67263568,67263591
38813,38813,4,,,,,,67263565,67263592
38813,38813,4,,,,,,67263569,67263590
38813,38813,4,,,,,,67263560,67263584
38813,38813,4,,,,,,67263561,67263586
38813,38813,4,,,,,,67263562,67263582
38813,38813,4,,,,,,67263563,67263587
38813,38813,4,,,,,,67263564,67263588
38813,38813,4,,,,,,67263566,67263585
38813,38813,4,,,,,,67263567,67263589
38813,38813,4,,,,,,67266369,67266395
38813,38813,4,,,,,,67266370,67266396
38813,38813,4,,,,,,67266378,67266405
38813,38813,4,,,,,,67266379,67266407
38813,38813,4,,,,,,67266380,67266408
38813,38813,4,,,,,,67266381,67266409
38813,38813,4,,,,,,67266371,67266397
38813,38813,4,,,,,,67266366,67266398
38813,38813,4,,,,,,67266372,67266399
38813,38813,4,,,,,,67266373,67266402
38813,38813,4,,,,,,67266374,67266403
38813,38813,4,,,,,,67266375,67266400
38813,38813,4,,,,,,67266376,67266401
38813,38813,4,,,,,,67266377,67266404
38813,38813,4,,,,,,67266410,67266422
38813,38813,4,,,,,,67266411,67266423
38813,38813,4,,,,,,67266412,67266418
38813,38813,4,,,,,,67266406,67266424
38813,38813,4,,,,,,67266414,67266426
38813,38813,4,,,,,,67266415,67266428
38813,38813,4,,,,,,67266416,67266429
38813,38813,4,,,,,,67266421,67266431
38813,38813,4,,,,,,67266419,67266427
38813,38813,4,,,,,,67266420,67266425
38813,38813,4,,,,,,67266417,67266430
38813,38813,4,,,,,,67233130,67233152
38813,38813,4,,,,,,67233131,67233153
38813,38813,4,,,,,,67233132,67233154
38813,38813,4,,,,,,67233129,67233155
38813,38813,4,,,,,,67233133,67233156
38813,38813,4,,,,,,67233134,67233157
38813,38813,4,,,,,,67233135,67233159
38813,38813,4,,,,,,67233144,67233167
38813,38813,4,,,,,,67233141,67233168
38813,38813,4,,,,,,67233145,67233166
38813,38813,4,,,,,,67233136,67233160
38813,38813,4,,,,,,67233137,67233162
38813,38813,4,,,,,,67233138,67233158
38813,38813,4,,,,,,67233139,67233163
38813,38813,4,,,,,,67233140,67233164
38813,38813,4,,,,,,67233142,67233161
38813,38813,4,,,,,,67233143,67233165
38813,38813,4,,,,,,67238434,67238449
38813,38813,4,,,,,,67238440,67238456
38813,38813,4,,,,,,67238441,67238457
38813,38813,4,,,,,,67238442,67238458
38813,38813,4,,,,,,67238443,67238459
38813,38813,4,,,,,,67238435,67238450
38813,38813,4,,,,,,67238436,67238451
38813,38813,4,,,,,,67238429,67238452
38813,38813,4,,,,,,67238437,67238453
38813,38813,4,,,,,,67238438,67238454
38813,38813,4,,,,,,67238439,67238455
38813,38813,4,,,,,,67305989,67306179
38813,38813,4,,,,,,67305992,67306180
38813,38813,4,,,,,,67305993,67306181
38813,38813,4,,,,,,67305995,67306182
38813,38813,4,,,,,,67305996,67306183
38813,38813,4,,,,,,67305998,67306184
38813,38813,4,,,,,,67306000,67306185
38813,38813,4,,,,,,67306014,67306194
38813,38813,4,,,,,,67306018,67306197
38813,38813,4,,,,,,67306001,67306186
38813,38813,4,,,,,,67306003,67306187
38813,38813,4,,,,,,67306005,67306188
38813,38813,4,,,,,,67306008,67306190
38813,38813,4,,,,,,67306011,67306192
38813,38813,4,,,,,,67305981,67306175
38813,38813,4,,,,,,67305983,67306176
38813,38813,4,,,,,,67305980,67306177
38813,38813,4,,,,,,67305986,67306178
38813,38813,4,,,,,,67306007,67306189
38813,38813,4,,,,,,67306012,67306193
38813,38813,4,,,,,,67306017,67306196
38813,38813,4,,,,,,67306021,67306199
38813,38813,4,,,,,,67306009,67306191
38813,38813,4,,,,,,67306015,67306195
38813,38813,4,,,,,,67306019,67306198
49001,49001,4,,,,,,66858731,66858732
49001,49001,4,,,,,,66858733,66858737
49001,49001,4,,,,,,66858734,66858738
49001,49001,4,,,,,,66858735,66858736
49001,49001,4,,,,,,66858708,66858710
49001,49001,4,,,,,,66858709,66858726
49001,49001,4,,,,,,66858711,66858729
49001,49001,4,,,,,,66858715,66858727
49001,49001,4,,,,,,66858725,66858718
49001,49001,4,,,,,,66858679,66858678
49001,49001,4,,,,,,66858681,66858680
49001,49001,4,,,,,,66858677,66858651
49001,49001,4,,,,,,66858645,66858652
49001,49001,4,,,,,,66858644,66858639
49001,49001,4,,,,,,66858642,66858643
49001,49001,4,,,,,,66858618,66858622
49001,49001,4,,,,,,66858616,66858619
49001,49001,4,,,,,,66858627,66858613
49001,49001,4,,,,,,66858620,66858614
49001,49001,4,,,,,,66858628,66858612
49001,49001,4,,,,,,66858675,66858668
49001,49001,4,,,,,,66858664,66858665
49001,49001,4,,,,,,66858666,66858667
49001,49001,4,,,,,,66858669,66858671
49001,49001,4,,,,,,66858672,66858673
49001,49001,4,,,,,,66858670,66858674
49001,49001,4,,,,,,66858676,66858638
49001,49001,4,,,,,,66858663,66858657
49001,49001,4,,,,,,66858630,66858634
49001,49001,4,,,,,,66858632,66858604
49001,49001,4,,,,,,66858608,66858625
49001,49001,4,,,,,,66858615,66858623
49001,49001,4,,,,,,66858626,66858617
49001,49001,4,,,,,,66858624,66858621
49001,49001,4,,,,,,66858559,66858557
49001,49001,4,,,,,,66858566,66858561
49001,49001,4,,,,,,66858568,66858567
49001,49001,4,,,,,,66858558,66858553
49001,49001,4,,,,,,66858564,66858569
49001,49001,4,,,,,,66858599,66858596
49001,49001,4,,,,,,66858592,66858593
49001,49001,4,,,,,,66858594,66858595
49001,49001,4,,,,,,66858591,66858602
49001,49001,4,,,,,,66858598,66858600
49001,49001,4,,,,,,66858601,66858590
49001,49001,4,,,,,,66858589,66858597
49001,49001,4,,,,,,66858631,66858633
49001,49001,4,,,,,,66858629,66858605
49001,49001,4,,,,,,66858603,66858607
49001,49001,4,,,,,,66858576,66858574
49001,49001,4,,,,,,66858570,66858572
49001,49001,4,,,,,,66858578,66858579
49001,49001,4,,,,,,66858510,66858507
49001,49001,4,,,,,,66858500,66858509
49001,49001,4,,,,,,66858552,66858551
49001,49001,4,,,,,,66858550,66858584
49001,49001,4,,,,,,66858583,66858563
49001,49001,4,,,,,,66858565,66858562
49001,49001,4,,,,,,66858554,66858555
49001,49001,4,,,,,,66858556,66858560
49001,49001,4,,,,,,66858540,66858541
49001,49001,4,,,,,,66858533,66858546
49001,49001,4,,,,,,66858538,66858548
49001,49001,4,,,,,,66858537,66858544
49001,49001,4,,,,,,66858742,66858740
49001,49001,4,,,,,,66858730,66858713
49001,49001,4,,,,,,66858640,66858647
49001,49001,4,,,,,,66858648,66858646
49001,49001,4,,,,,,66858649,66858653
49001,49001,4,,,,,,66858654,66858650
49001,49001,4,,,,,,66858699,66858694
49001,49001,4,,,,,,66858695,66858693
49001,49001,4,,,,,,66858528,66858536
49001,49001,4,,,,,,66858529,66858547
49001,49001,4,,,,,,66858543,66858542
49001,49001,4,,,,,,66858532,66858545
49001,49001,4,,,,,,66858530,66858531
49001,49001,4,,,,,,66858712,66858716
49001,49001,4,,,,,,66858714,66858728
49001,49001,4,,,,,,66858724,66858720
49001,49001,4,,,,,,66858721,66858722
49001,49001,4,,,,,,66858491,66858489
49001,49001,4,,,,,,66858515,66858524
49001,49001,4,,,,,,66858518,66858527
49001,49001,4,,,,,,66858516,66858520
49001,49001,4,,,,,,66858521,66858525
49001,49001,4,,,,,,66858519,66858514
49001,49001,4,,,,,,66858523,66858522
49001,49001,4,,,,,,66858513,66858526
49001,49001,4,,,,,,66858610,66858611
49001,49001,4,,,,,,66858585,66858586
49001,49001,4,,,,,,66858587,66858588
49001,49001,4,,,,,,66858692,66858683
49001,49001,4,,,,,,66858682,66858684
49001,49001,4,,,,,,66858685,66858743
49001,49001,4,,,,,,66858549,66858575
49001,49001,4,,,,,,66858573,66858582
49001,49001,4,,,,,,66858581,66858577
49001,49001,4,,,,,,66858490,66858495
49001,49001,4,,,,,,66858493,66858496
49001,49001,4,,,,,,66858487,66858486
49001,49001,4,,,,,,66858488,66858492
49001,49001,4,,,,,,66858497,66858498
49001,49001,4,,,,,,66858700,66858706
49001,49001,4,,,,,,66858707,66858702
49001,49001,4,,,,,,66858698,66858705
49001,49001,4,,,,,,66858701,66858703
49001,49001,4,,,,,,66858704,66858723
49001,49001,4,,,,,,66858717,66858719
49001,49001,4,,,,,,66858686,66858690
49001,49001,4,,,,,,66858688,66858687
49001,49001,4,,,,,,66858689,66858691
49001,49001,4,,,,,,66858641,66858661
49001,49001,4,,,,,,66858656,66858658
49001,49001,4,,,,,,66858502,66858508
49001,49001,4,,,,,,66858511,66858504
49001,49001,4,,,,,,66858501,66858503
49001,49001,4,,,,,,66858499,66858505
49001,49001,4,,,,,,66858506,66858512
49001,49001,4,,,,,,66858662,66858655
49001,49001,4,,,,,,66858635,66858637
49001,49001,4,,,,,,65137357,65137358
49001,49001,4,,,,,,65137359,65137363
49001,49001,4,,,,,,65137360,65137364
49001,49001,4,,,,,,65137361,65137362
49001,49001,4,,,,,,65137368,65137366
49001,49001,4,,,,,,65137370,65137367
49001,49001,4,,,,,,65137356,65137339
49001,49001,4,,,,,,65137266,65137273
49001,49001,4,,,,,,65137274,65137272
49001,49001,4,,,,,,65137275,65137279
49001,49001,4,,,,,,65137334,65137336
49001,49001,4,,,,,,65137335,65137352
49001,49001,4,,,,,,65137337,65137355
49001,49001,4,,,,,,65137341,65137353
49001,49001,4,,,,,,65137351,65137344
49001,49001,4,,,,,,65137305,65137304
49001,49001,4,,,,,,65137307,65137306
49001,49001,4,,,,,,65137303,65137277
49001,49001,4,,,,,,65137271,65137278
49001,49001,4,,,,,,65137270,65137265
49001,49001,4,,,,,,65137268,65137269
49001,49001,4,,,,,,65137244,65137249
49001,49001,4,,,,,,65137242,65137245
49001,49001,4,,,,,,65137253,65137239
49001,49001,4,,,,,,65137246,65137240
49001,49001,4,,,,,,65137254,65137238
49001,49001,4,,,,,,65137301,65137294
49001,49001,4,,,,,,65137290,65137291
49001,49001,4,,,,,,65137292,65137293
49001,49001,4,,,,,,65137256,65137260
49001,49001,4,,,,,,65137258,65137230
49001,49001,4,,,,,,65137234,65137248
49001,49001,4,,,,,,65137241,65137250
49001,49001,4,,,,,,65137252,65137243
49001,49001,4,,,,,,65137251,65137247
49001,49001,4,,,,,,65137178,65137177
49001,49001,4,,,,,,65137176,65137210
49001,49001,4,,,,,,65137209,65137189
49001,49001,4,,,,,,65137191,65137188
49001,49001,4,,,,,,65137180,65137181
49001,49001,4,,,,,,65137182,65137183
49001,49001,4,,,,,,65137166,65137167
49001,49001,4,,,,,,65137159,65137172
49001,49001,4,,,,,,65137164,65137174
49001,49001,4,,,,,,65137163,65137170
49001,49001,4,,,,,,65137165,65137143
49001,49001,4,,,,,,65137175,65137201
49001,49001,4,,,,,,65137199,65137208
49001,49001,4,,,,,,65137207,65137203
49001,49001,4,,,,,,65137206,65137197
49001,49001,4,,,,,,65137202,65137200
49001,49001,4,,,,,,65137196,65137198
49001,49001,4,,,,,,65137204,65137205
49001,49001,4,,,,,,65137136,65137133
49001,49001,4,,,,,,65137126,65137135
49001,49001,4,,,,,,65137128,65137134
49001,49001,4,,,,,,65137154,65137162
49001,49001,4,,,,,,65137155,65137173
49001,49001,4,,,,,,65137169,65137168
49001,49001,4,,,,,,65137158,65137171
49001,49001,4,,,,,,65137156,65137157
49001,49001,4,,,,,,65137338,65137342
49001,49001,4,,,,,,65137340,65137354
49001,49001,4,,,,,,65137350,65137347
49001,49001,4,,,,,,65137348,65137345
49001,49001,4,,,,,,65137115,65137118
49001,49001,4,,,,,,65137120,65137122
49001,49001,4,,,,,,65137112,65137106
49001,49001,4,,,,,,65137113,65137119
49001,49001,4,,,,,,65137123,65137124
49001,49001,4,,,,,,65137325,65137320
49001,49001,4,,,,,,65137321,65137319
49001,49001,4,,,,,,65137322,65137323
49001,49001,4,,,,,,65137326,65137332
49001,49001,4,,,,,,65137333,65137328
49001,49001,4,,,,,,65137324,65137331
49001,49001,4,,,,,,65137327,65137329
49001,49001,4,,,,,,65137330,65137349
49001,49001,4,,,,,,65137298,65137299
49001,49001,4,,,,,,65137296,65137300
49001,49001,4,,,,,,65137302,65137264
49001,49001,4,,,,,,65137289,65137284
49001,49001,4,,,,,,65137192,65137187
49001,49001,4,,,,,,65137194,65137193
49001,49001,4,,,,,,65137185,65137179
49001,49001,4,,,,,,65137190,65137195
49001,49001,4,,,,,,65137225,65137222
49001,49001,4,,,,,,65137219,65137216
49001,49001,4,,,,,,65137220,65137221
49001,49001,4,,,,,,65137218,65137228
49001,49001,4,,,,,,65137224,65137226
49001,49001,4,,,,,,65137227,65137217
49001,49001,4,,,,,,65137215,65137223
49001,49001,4,,,,,,65137257,65137259
49001,49001,4,,,,,,65137255,65137231
49001,49001,4,,,,,,65137229,65137233
49001,49001,4,,,,,,65137141,65137151
49001,49001,4,,,,,,65137144,65137150
49001,49001,4,,,,,,65137142,65137146
49001,49001,4,,,,,,65137147,65137152
49001,49001,4,,,,,,65137145,65137140
49001,49001,4,,,,,,65137149,65137148
49001,49001,4,,,,,,65137139,65137153
49001,49001,4,,,,,,65137343,65137346
49001,49001,4,,,,,,65137312,65137313
49001,49001,4,,,,,,65137283,65137281
49001,49001,4,,,,,,65137286,65137285
49001,49001,4,,,,,,65137288,65137282
49001,49001,4,,,,,,65137261,65137263
49001,49001,4,,,,,,65137235,65137232
49001,49001,4,,,,,,65137236,65137237
49001,49001,4,,,,,,65137211,65137212
49001,49001,4,,,,,,65137213,65137214
49001,49001,4,,,,,,65137137,65137130
49001,49001,4,,,,,,65137127,65137129
49001,49001,4,,,,,,65137125,65137131
49001,49001,4,,,,,,65137132,65137138
49001,49001,4,,,,,,65137316,65137317
49001,49001,4,,,,,,65137318,65137309
49001,49001,4,,,,,,65137308,65137310
49001,49001,4,,,,,,65137311,65137371
49001,49001,4,,,,,,65063326,65063340
49001,49001,4,,,,,,65063327,65063339
49001,49001,4,,,,,,65063311,65063342
49001,49001,4,,,,,,65063325,65063323
49001,49001,4,,,,,,65063341,65063312
49001,49001,4,,,,,,65063313,65063321
49001,49001,4,,,,,,65063318,65063322
49001,49001,4,,,,,,65063337,65063310
49001,49001,4,,,,,,65063316,65063332
49001,49001,4,,,,,,65063331,65063320
49001,49001,4,,,,,,65063335,65063336
49001,49001,4,,,,,,65063334,65063309
49001,49001,4,,,,,,65063330,65063324
49001,49001,4,,,,,,65063333,65063338
49001,49001,4,,,,,,65063317,65063319
49001,49001,4,,,,,,65063328,65063329
49001,49001,4,,,,,,65063345,65063350
49001,49001,4,,,,,,65063349,65063353
49001,49001,4,,,,,,65063358,65063365
49001,49001,4,,,,,,65063284,65063266
49001,49001,4,,,,,,65063264,65063269
49001,49001,4,,,,,,65063286,65063280
49001,49001,4,,,,,,65063285,65063265
49001,49001,4,,,,,,65063263,65063283
49001,49001,4,,,,,,65063262,65063278
49001,49001,4,,,,,,65063279,65063270
49001,49001,4,,,,,,65063267,65063288
49001,49001,4,,,,,,65063268,65063273
49001,49001,4,,,,,,65063281,65063271
49001,49001,4,,,,,,65063277,65063282
49001,49001,4,,,,,,65063276,65063275
49001,49001,4,,,,,,65063274,65063272
49001,49001,4,,,,,,65063289,65063293
49001,49001,4,,,,,,65063295,65063301
49001,49001,4,,,,,,65063302,65063306
49001,49001,4,,,,,,65063492,65063495
49001,49001,4,,,,,,65063528,65063534
49001,49001,4,,,,,,65063494,65063500
49001,49001,4,,,,,,65063510,65063488
49001,49001,4,,,,,,65063530,65063525
49001,49001,4,,,,,,65063493,65063486
49001,49001,4,,,,,,65063499,65063537
49001,49001,4,,,,,,65063531,65063489
49001,49001,4,,,,,,65063532,65063524
49001,49001,4,,,,,,65063514,65063522
49001,49001,4,,,,,,65063485,65063523
49001,49001,4,,,,,,65063533,65063519
49001,49001,4,,,,,,65063512,65063516
49001,49001,4,,,,,,65063511,65063513
49001,49001,4,,,,,,65063497,65063529
49001,49001,4,,,,,,65063393,65063421
49001,49001,4,,,,,,65063424,65063420
49001,49001,4,,,,,,65063403,65063404
49001,49001,4,,,,,,65063384,65063391
49001,49001,4,,,,,,65063388,65063389
49001,49001,4,,,,,,65063419,65063412
49001,49001,4,,,,,,65063405,65063401
49001,49001,4,,,,,,65063394,65063417
49001,49001,4,,,,,,65063409,65063402
49001,49001,4,,,,,,65063422,65063415
49001,49001,4,,,,,,65063418,65063416
49001,49001,4,,,,,,65063390,65063406
49001,49001,4,,,,,,65063413,65063397
49001,49001,4,,,,,,65063407,65063385
49001,49001,4,,,,,,65063414,65063425
49001,49001,4,,,,,,65063426,65063392
49001,49001,4,,,,,,65063398,65063427
49001,49001,4,,,,,,65063387,65063423
49001,49001,4,,,,,,65063410,65063400
49001,49001,4,,,,,,65063408,65063396
49001,49001,4,,,,,,65063429,65063435
49001,49001,4,,,,,,65063442,65063443
49001,49001,4,,,,,,65063354,65063360
49001,49001,4,,,,,,65063362,65063367
49001,49001,4,,,,,,65063372,65063374
49001,49001,4,,,,,,65063515,65063505
49001,49001,4,,,,,,65063507,65063509
49001,49001,4,,,,,,65063508,65063526
49001,49001,4,,,,,,65063535,65063536
49001,49001,4,,,,,,65063487,65063520
49001,49001,4,,,,,,65063518,65063504
49001,49001,4,,,,,,65063368,65063375
49001,49001,4,,,,,,65063378,65063383
49001,49001,4,,,,,,65063430,65063434
49001,49001,4,,,,,,65063439,65063445
49001,49001,4,,,,,,65063379,65063411
49001,49001,4,,,,,,65063431,65063438
49001,49001,4,,,,,,65063441,65063448
49001,49001,4,,,,,,65063454,65063458
49001,49001,4,,,,,,65063463,65063469
49001,49001,4,,,,,,65063473,65063479
49001,49001,4,,,,,,65063451,65063455
49001,49001,4,,,,,,65063461,65063466
49001,49001,4,,,,,,65063471,65063476
49001,49001,4,,,,,,65063481,65063538
49001,49001,4,,,,,,65063449,65063453
49001,49001,4,,,,,,65063459,65063464
49001,49001,4,,,,,,65063468,65063474
49001,49001,4,,,,,,65063480,65063483
49001,49001,4,,,,,,65063490,65063491
49001,49001,4,,,,,,65063496,65063501
49001,49001,4,,,,,,65063517,65063527
49001,49001,4,,,,,,65063521,65063506
49001,49001,4,,,,,,65063963,65064055
49001,49001,4,,,,,,65063967,65063997
49001,49001,4,,,,,,65064001,65064044
49001,49001,4,,,,,,65064008,65064049
49001,49001,4,,,,,,65064013,65064054
49001,49001,4,,,,,,65064000,65064039
49001,49001,4,,,,,,65064003,65064048
49001,49001,4,,,,,,65064010,65064052
49001,49001,4,,,,,,65064012,65063991
49001,49001,4,,,,,,65064009,65064051
49001,49001,4,,,,,,65064015,65064061
49001,49001,4,,,,,,65064019,65064059
49001,49001,4,,,,,,65064024,65064067
49001,49001,4,,,,,,65064014,65064060
49001,49001,4,,,,,,65064018,65063994
49001,49001,4,,,,,,65064023,65064066
49001,49001,4,,,,,,65064029,65064072
49001,49001,4,,,,,,65064016,65063995
49001,49001,4,,,,,,65064021,65064064
49001,49001,4,,,,,,65064027,65064065
49001,49001,4,,,,,,65064017,65063996
49001,49001,4,,,,,,65064022,65064062
49001,49001,4,,,,,,65064025,65064069
49001,49001,4,,,,,,65064020,65064063
49001,49001,4,,,,,,65064026,65064068
49001,49001,4,,,,,,65063937,65063938
49001,49001,4,,,,,,65063941,65063972
49001,49001,4,,,,,,65063944,65063971
49001,49001,4,,,,,,65063947,65063979
49001,49001,4,,,,,,65063950,65063981
49001,49001,4,,,,,,65063953,65063983
49001,49001,4,,,,,,65063956,65063986
49001,49001,4,,,,,,65063939,65063969
49001,49001,4,,,,,,65063942,65063973
49001,49001,4,,,,,,65063945,65063976
49001,49001,4,,,,,,65063948,65063975
49001,49001,4,,,,,,65063951,65063978
49001,49001,4,,,,,,65063954,65063984
49001,49001,4,,,,,,65063940,65063970
49001,49001,4,,,,,,65063943,65063974
49001,49001,4,,,,,,65063946,65063977
49001,49001,4,,,,,,65063949,65063980
49001,49001,4,,,,,,65063952,65063982
49001,49001,4,,,,,,65063955,65063985
49001,49001,4,,,,,,65063959,65063989
49001,49001,4,,,,,,65063957,65063987
49001,49001,4,,,,,,65063961,65063992
49001,49001,4,,,,,,65063965,65064057
49001,49001,4,,,,,,65063999,65064042
49001,49001,4,,,,,,65064005,65064047
49001,49001,4,,,,,,65063958,65063988
49001,49001,4,,,,,,65063962,65063993
49001,49001,4,,,,,,65063966,65064058
49001,49001,4,,,,,,65064002,65064043
49001,49001,4,,,,,,65064007,65064046
49001,49001,4,,,,,,65064011,65064053
49001,49001,4,,,,,,65064028,65064073
49001,49001,4,,,,,,65064034,65064076
49001,49001,4,,,,,,65064037,65064081
49001,49001,4,,,,,,65064035,65064077
49001,49001,4,,,,,,65064041,65064082
49001,49001,4,,,,,,65064087,65064127
49001,49001,4,,,,,,65064032,65064071
49001,49001,4,,,,,,65064036,65064078
49001,49001,4,,,,,,65064083,65064125
49001,49001,4,,,,,,65064088,65064133
49001,49001,4,,,,,,65064094,65064135
49001,49001,4,,,,,,65064096,65064140
49001,49001,4,,,,,,65064038,65064079
49001,49001,4,,,,,,65064084,65064126
49001,49001,4,,,,,,65064089,65064134
49001,49001,4,,,,,,65064095,65064136
49001,49001,4,,,,,,65064097,65064141
49001,49001,4,,,,,,65064040,65064080
49001,49001,4,,,,,,65064085,65064128
49001,49001,4,,,,,,65064090,65064130
49001,49001,4,,,,,,65064086,65064129
49001,49001,4,,,,,,65064091,65064131
49001,49001,4,,,,,,65064099,65064138
49001,49001,4,,,,,,65064102,65064143
49001,49001,4,,,,,,65064105,65064147
49001,49001,4,,,,,,65064092,65064132
49001,49001,4,,,,,,65064100,65064139
49001,49001,4,,,,,,65064103,65064144
49001,49001,4,,,,,,65064106,65064148
49001,49001,4,,,,,,65064110,65064152
49001,49001,4,,,,,,65064114,65064156
49001,49001,4,,,,,,65064118,65064160
49001,49001,4,,,,,,65064122,65064167
49001,49001,4,,,,,,65064093,65064137
49001,49001,4,,,,,,65064098,65064142
49001,49001,4,,,,,,65064101,65064146
49001,49001,4,,,,,,65064108,65064150
49001,49001,4,,,,,,65064112,65064154
49001,49001,4,,,,,,65064116,65064158
49001,49001,4,,,,,,65064120,65064163
49001,49001,4,,,,,,65064104,65064145
49001,49001,4,,,,,,65064107,65064149
49001,49001,4,,,,,,65064111,65064153
49001,49001,4,,,,,,65064115,65064157
49001,49001,4,,,,,,65064119,65064162
49001,49001,4,,,,,,65064123,65064168
49001,49001,4,,,,,,65064113,65064155
49001,49001,4,,,,,,65064117,65064159
49001,49001,4,,,,,,65064121,65064161
49001,49001,4,,,,,,65064124,65064164
49001,49001,4,,,,,,65063960,65063990
49001,49001,4,,,,,,65063964,65064056
49001,49001,4,,,,,,65063968,65063998
49001,49001,4,,,,,,65064004,65064045
49001,49001,4,,,,,,65064006,65064050
49001,49001,4,,,,,,66869183,66869184
49001,49001,4,,,,,,66869187,66869218
49001,49001,4,,,,,,66869190,66869217
49001,49001,4,,,,,,66869193,66869226
49001,49001,4,,,,,,66869196,66869227
49001,49001,4,,,,,,66869199,66869229
49001,49001,4,,,,,,66869202,66869232
49001,49001,4,,,,,,66869206,66869236
49001,49001,4,,,,,,66869210,66869302
49001,49001,4,,,,,,66869185,66869215
49001,49001,4,,,,,,66869188,66869219
49001,49001,4,,,,,,66869191,66869222
49001,49001,4,,,,,,66869194,66869221
49001,49001,4,,,,,,66869197,66869225
49001,49001,4,,,,,,66869200,66869230
49001,49001,4,,,,,,66869204,66869234
49001,49001,4,,,,,,66869186,66869216
49001,49001,4,,,,,,66869189,66869220
49001,49001,4,,,,,,66869192,66869224
49001,49001,4,,,,,,66869195,66869223
49001,49001,4,,,,,,66869198,66869228
49001,49001,4,,,,,,66869201,66869231
49001,49001,4,,,,,,66869205,66869235
49001,49001,4,,,,,,66869209,66869301
49001,49001,4,,,,,,66869213,66869243
49001,49001,4,,,,,,66869247,66869290
49001,49001,4,,,,,,66869203,66869233
49001,49001,4,,,,,,66869207,66869238
49001,49001,4,,,,,,66869211,66869303
49001,49001,4,,,,,,66869245,66869285
49001,49001,4,,,,,,66869252,66869294
49001,49001,4,,,,,,66869255,66869297
49001,49001,4,,,,,,66869280,66869319
49001,49001,4,,,,,,66869283,66869328
49001,49001,4,,,,,,66869332,66869375
49001,49001,4,,,,,,66869277,66869316
49001,49001,4,,,,,,66869281,66869323
49001,49001,4,,,,,,66869288,66869325
49001,49001,4,,,,,,66869273,66869311
49001,49001,4,,,,,,66869278,66869317
49001,49001,4,,,,,,66869284,66869326
49001,49001,4,,,,,,66869330,66869372
49001,49001,4,,,,,,66869335,66869380
49001,49001,4,,,,,,66869341,66869382
49001,49001,4,,,,,,66869343,66869388
49001,49001,4,,,,,,66869275,66869318
49001,49001,4,,,,,,66869279,66869322
49001,49001,4,,,,,,66869287,66869327
49001,49001,4,,,,,,66869331,66869374
49001,49001,4,,,,,,66869329,66869371
49001,49001,4,,,,,,66869334,66869379
49001,49001,4,,,,,,66869333,66869373
49001,49001,4,,,,,,66869338,66869378
49001,49001,4,,,,,,66869346,66869386
49001,49001,4,,,,,,66869349,66869390
49001,49001,4,,,,,,66869353,66869391
49001,49001,4,,,,,,66869336,66869376
49001,49001,4,,,,,,66869339,66869383
49001,49001,4,,,,,,66869344,66869385
49001,49001,4,,,,,,66869347,66869393
49001,49001,4,,,,,,66869355,66869396
49001,49001,4,,,,,,66869359,66869400
49001,49001,4,,,,,,66869362,66869404
49001,49001,4,,,,,,66869366,66869409
49001,49001,4,,,,,,66869340,66869381
49001,49001,4,,,,,,66869342,66869387
49001,49001,4,,,,,,66869350,66869392
49001,49001,4,,,,,,66869354,66869395
49001,49001,4,,,,,,66869357,66869399
49001,49001,4,,,,,,66869358,66869403
49001,49001,4,,,,,,66869365,66869408
49001,49001,4,,,,,,66869369,66869414
49001,49001,4,,,,,,66869345,66869384
49001,49001,4,,,,,,66869348,66869389
49001,49001,4,,,,,,66869351,66869394
49001,49001,4,,,,,,66869352,66869397
49001,49001,4,,,,,,66869360,66869401
49001,49001,4,,,,,,66869363,66869405
49001,49001,4,,,,,,66869367,66869407
49001,49001,4,,,,,,66869370,66869410
49001,49001,4,,,,,,66869356,66869398
49001,49001,4,,,,,,66869361,66869402
49001,49001,4,,,,,,66869364,66869406
49001,49001,4,,,,,,66869368,66869413
49001,49001,4,,,,,,66869208,66869239
49001,49001,4,,,,,,66869212,66869304
49001,49001,4,,,,,,66869248,66869289
49001,49001,4,,,,,,66869254,66869293
49001,49001,4,,,,,,66869258,66869299
49001,49001,4,,,,,,66869262,66869241
49001,49001,4,,,,,,66869267,66869310
49001,49001,4,,,,,,66869214,66869244
49001,49001,4,,,,,,66869250,66869292
49001,49001,4,,,,,,66869253,66869296
49001,49001,4,,,,,,66869257,66869306
49001,49001,4,,,,,,66869264,66869240
49001,49001,4,,,,,,66869269,66869312
49001,49001,4,,,,,,66869246,66869286
49001,49001,4,,,,,,66869249,66869291
49001,49001,4,,,,,,66869256,66869298
49001,49001,4,,,,,,66869259,66869237
49001,49001,4,,,,,,66869266,66869309
49001,49001,4,,,,,,66869272,66869314
49001,49001,4,,,,,,66869251,66869295
49001,49001,4,,,,,,66869260,66869300
49001,49001,4,,,,,,66869263,66869242
49001,49001,4,,,,,,66869268,66869308
49001,49001,4,,,,,,66869271,66869315
49001,49001,4,,,,,,66869265,66869305
49001,49001,4,,,,,,66869270,66869313
49001,49001,4,,,,,,66869274,66869320
49001,49001,4,,,,,,66871242,66871240
49001,49001,4,,,,,,66871233,66871234
49001,49001,4,,,,,,66871237,66871235
49001,49001,4,,,,,,66871232,66871239
49001,49001,4,,,,,,66871236,66871243
49001,49001,4,,,,,,66871231,66871238
49001,49001,4,,,,,,66871241,66871223
49001,49001,4,,,,,,66871185,66871190
49001,49001,4,,,,,,66871197,66871198
49001,49001,4,,,,,,66871193,66871192
49001,49001,4,,,,,,66871203,66871191
49001,49001,4,,,,,,66871213,66871218
49001,49001,4,,,,,,66871210,66871209
49001,49001,4,,,,,,66871211,66871212
49001,49001,4,,,,,,66871204,66871205
49001,49001,4,,,,,,66871206,66871214
49001,49001,4,,,,,,66871217,66871216
49001,49001,4,,,,,,66871207,66871215
49001,49001,4,,,,,,66871219,66871225
49001,49001,4,,,,,,66871189,66871201
49001,49001,4,,,,,,66871194,66871195
49001,49001,4,,,,,,66871196,66871200
49001,49001,4,,,,,,66871220,66871208
49001,49001,4,,,,,,66871221,66871227
49001,49001,4,,,,,,66871222,66871230
49001,49001,4,,,,,,66871228,66871229
49001,49001,4,,,,,,66871226,66871224
49001,49001,4,,,,,,66871269,66871267
49001,49001,4,,,,,,66871264,66871265
49001,49001,4,,,,,,66871275,66871276
49001,49001,4,,,,,,66871273,66871266
49001,49001,4,,,,,,66871272,66871281
49001,49001,4,,,,,,66871270,66871280
49001,49001,4,,,,,,66871278,66871249
49001,49001,4,,,,,,66871262,66871263
49001,49001,4,,,,,,66871279,66871274
49001,49001,4,,,,,,66871271,66871277
49001,49001,4,,,,,,66871268,66871261
49001,49001,4,,,,,,66871259,66871260
49001,49001,4,,,,,,66871258,66871255
49001,49001,4,,,,,,66871256,66871257
49001,49001,4,,,,,,66871244,66871252
49001,49001,4,,,,,,66871247,66871250
49001,49001,4,,,,,,66871248,66871246
49001,49001,4,,,,,,66871251,66871245
49001,49001,4,,,,,,66871284,66871296
49001,49001,4,,,,,,66871287,66871286
49001,49001,4,,,,,,66871299,66871283
49001,49001,4,,,,,,66871298,66871292
49001,49001,4,,,,,,66871297,66871289
49001,49001,4,,,,,,66871301,66871294
49001,49001,4,,,,,,66871355,66871367
49001,49001,4,,,,,,66871378,66871380
49001,49001,4,,,,,,66871357,66871381
49001,49001,4,,,,,,66871377,66871366
49001,49001,4,,,,,,66871356,66871358
49001,49001,4,,,,,,66871334,66871328
49001,49001,4,,,,,,66871324,66871325
49001,49001,4,,,,,,66871326,66871327
49001,49001,4,,,,,,66871332,66871282
49001,49001,4,,,,,,66871331,66871335
49001,49001,4,,,,,,66871305,66871333
49001,49001,4,,,,,,66871323,66871329
49001,49001,4,,,,,,66871290,66871288
49001,49001,4,,,,,,66871293,66871285
49001,49001,4,,,,,,66871300,66871295
49001,49001,4,,,,,,66871365,66871364
49001,49001,4,,,,,,66871368,66871318
49001,49001,4,,,,,,66871317,66871372
49001,49001,4,,,,,,66871376,66871369
49001,49001,4,,,,,,66871354,66871353
49001,49001,4,,,,,,66871360,66871375
49001,49001,4,,,,,,66871363,66871373
49001,49001,4,,,,,,66871350,66871370
49001,49001,4,,,,,,66871374,66871371
49001,49001,4,,,,,,66871362,66871352
49001,49001,4,,,,,,66871379,66871351
49001,49001,4,,,,,,66871382,66871311
49001,49001,4,,,,,,66871310,66871320
49001,49001,4,,,,,,66871316,66871313
49001,49001,4,,,,,,66871309,66871361
49001,49001,4,,,,,,66871312,66871307
49001,49001,4,,,,,,66871359,66871308
49001,49001,4,,,,,,66871314,66871315
49001,49001,4,,,,,,66871404,66871416
49001,49001,4,,,,,,66871407,66871417
49001,49001,4,,,,,,66871414,66871413
49001,49001,4,,,,,,66871410,66871415
49001,49001,4,,,,,,66871408,66871409
49001,49001,4,,,,,,66871383,66871385
49001,49001,4,,,,,,66871389,66871387
49001,49001,4,,,,,,66871386,66871388
49001,49001,4,,,,,,66871390,66871384
49001,49001,4,,,,,,66871391,66871394
49001,49001,4,,,,,,66871393,66871411
49001,49001,4,,,,,,66871405,66871403
49001,49001,4,,,,,,66871397,66871398
49001,49001,4,,,,,,66871392,66871401
49001,49001,4,,,,,,66871406,66871396
49001,49001,4,,,,,,66871400,66871399
49001,49001,4,,,,,,66871395,66871402
49001,49001,4,,,,,,66871485,66871493
49001,49001,4,,,,,,66871486,66871488
49001,49001,4,,,,,,66871490,66871489
49001,49001,4,,,,,,66871492,66871487
49001,49001,4,,,,,,66871349,66871348
49001,49001,4,,,,,,66871343,66871337
49001,49001,4,,,,,,66871345,66871341
49001,49001,4,,,,,,66871342,66871340
49001,49001,4,,,,,,66871339,66871336
49001,49001,4,,,,,,66871484,66871494
49001,49001,4,,,,,,66871431,66871432
49001,49001,4,,,,,,66871429,66871425
49001,49001,4,,,,,,66871424,66871422
49001,49001,4,,,,,,66871428,66871427
49001,49001,4,,,,,,66871423,66871430
49001,49001,4,,,,,,66871426,66871346
49001,49001,4,,,,,,66871347,66871338
49001,49001,4,,,,,,66871186,66871188
49001,49001,4,,,,,,66871187,66871421
49001,49001,4,,,,,,66871420,66871433
49001,49001,4,,,,,,66871302,66871303
49001,49001,4,,,,,,66871291,66871304
49001,49001,4,,,,,,66871330,66871319
49001,49001,4,,,,,,66871321,66871322
49001,49001,4,,,,,,66860707,66860708
49001,49001,4,,,,,,66860709,66860713
49001,49001,4,,,,,,66860710,66860714
49001,49001,4,,,,,,66860711,66860712
49001,49001,4,,,,,,66860684,66860686
49001,49001,4,,,,,,66860685,66860702
49001,49001,4,,,,,,66860687,66860705
49001,49001,4,,,,,,66860691,66860703
49001,49001,4,,,,,,66860701,66860694
49001,49001,4,,,,,,66860655,66860654
49001,49001,4,,,,,,66860657,66860656
49001,49001,4,,,,,,66860653,66860627
49001,49001,4,,,,,,66860621,66860628
49001,49001,4,,,,,,66860620,66860615
49001,49001,4,,,,,,66860618,66860619
49001,49001,4,,,,,,66860594,66860598
49001,49001,4,,,,,,66860592,66860595
49001,49001,4,,,,,,66860603,66860589
49001,49001,4,,,,,,66860596,66860590
49001,49001,4,,,,,,66860604,66860588
49001,49001,4,,,,,,66860651,66860644
49001,49001,4,,,,,,66860640,66860641
49001,49001,4,,,,,,66860642,66860643
49001,49001,4,,,,,,66860645,66860647
49001,49001,4,,,,,,66860648,66860649
49001,49001,4,,,,,,66860646,66860650
49001,49001,4,,,,,,66860652,66860614
49001,49001,4,,,,,,66860639,66860633
49001,49001,4,,,,,,66860606,66860610
49001,49001,4,,,,,,66860608,66860580
49001,49001,4,,,,,,66860584,66860601
49001,49001,4,,,,,,66860591,66860599
49001,49001,4,,,,,,66860602,66860593
49001,49001,4,,,,,,66860600,66860597
49001,49001,4,,,,,,66860535,66860533
49001,49001,4,,,,,,66860542,66860537
49001,49001,4,,,,,,66860544,66860543
49001,49001,4,,,,,,66860534,66860529
49001,49001,4,,,,,,66860540,66860545
49001,49001,4,,,,,,66860575,66860572
49001,49001,4,,,,,,66860568,66860569
49001,49001,4,,,,,,66860570,66860571
49001,49001,4,,,,,,66860567,66860578
49001,49001,4,,,,,,66860574,66860576
49001,49001,4,,,,,,66860577,66860566
49001,49001,4,,,,,,66860565,66860573
49001,49001,4,,,,,,66860607,66860609
49001,49001,4,,,,,,66860605,66860581
49001,49001,4,,,,,,66860579,66860583
49001,49001,4,,,,,,66860552,66860550
49001,49001,4,,,,,,66860546,66860548
49001,49001,4,,,,,,66860554,66860555
49001,49001,4,,,,,,66860486,66860483
49001,49001,4,,,,,,66860476,66860485
49001,49001,4,,,,,,66860528,66860527
49001,49001,4,,,,,,66860526,66860560
49001,49001,4,,,,,,66860559,66860539
49001,49001,4,,,,,,66860541,66860538
49001,49001,4,,,,,,66860530,66860531
49001,49001,4,,,,,,66860532,66860536
49001,49001,4,,,,,,66860516,66860517
49001,49001,4,,,,,,66860509,66860522
49001,49001,4,,,,,,66860514,66860524
49001,49001,4,,,,,,66860513,66860520
49001,49001,4,,,,,,66860718,66860716
49001,49001,4,,,,,,66860706,66860689
49001,49001,4,,,,,,66860616,66860623
49001,49001,4,,,,,,66860624,66860622
49001,49001,4,,,,,,66860625,66860629
49001,49001,4,,,,,,66860630,66860626
49001,49001,4,,,,,,66860675,66860670
49001,49001,4,,,,,,66860671,66860669
49001,49001,4,,,,,,66860504,66860512
49001,49001,4,,,,,,66860505,66860523
49001,49001,4,,,,,,66860519,66860518
49001,49001,4,,,,,,66860508,66860521
49001,49001,4,,,,,,66860506,66860507
49001,49001,4,,,,,,66860688,66860692
49001,49001,4,,,,,,66860690,66860704
49001,49001,4,,,,,,66860700,66860696
49001,49001,4,,,,,,66860697,66860698
49001,49001,4,,,,,,66860467,66860465
49001,49001,4,,,,,,66860491,66860500
49001,49001,4,,,,,,66860494,66860503
49001,49001,4,,,,,,66860492,66860496
49001,49001,4,,,,,,66860497,66860501
49001,49001,4,,,,,,66860495,66860490
49001,49001,4,,,,,,66860499,66860498
49001,49001,4,,,,,,66860489,66860502
49001,49001,4,,,,,,66860586,66860587
49001,49001,4,,,,,,66860561,66860562
49001,49001,4,,,,,,66860563,66860564
49001,49001,4,,,,,,66860668,66860659
49001,49001,4,,,,,,66860658,66860660
49001,49001,4,,,,,,66860661,66860719
49001,49001,4,,,,,,66860525,66860551
49001,49001,4,,,,,,66860549,66860558
49001,49001,4,,,,,,66860557,66860553
49001,49001,4,,,,,,66860466,66860471
49001,49001,4,,,,,,66860469,66860472
49001,49001,4,,,,,,66860463,66860462
49001,49001,4,,,,,,66860464,66860468
49001,49001,4,,,,,,66860473,66860474
49001,49001,4,,,,,,66860676,66860682
49001,49001,4,,,,,,66860683,66860678
49001,49001,4,,,,,,66860674,66860681
49001,49001,4,,,,,,66860677,66860679
49001,49001,4,,,,,,66860680,66860699
49001,49001,4,,,,,,66860693,66860695
49001,49001,4,,,,,,66860662,66860666
49001,49001,4,,,,,,66860664,66860663
49001,49001,4,,,,,,66860665,66860667
49001,49001,4,,,,,,66860617,66860637
49001,49001,4,,,,,,66860632,66860634
49001,49001,4,,,,,,66860478,66860484
49001,49001,4,,,,,,66860487,66860480
49001,49001,4,,,,,,66860477,66860479
49001,49001,4,,,,,,66860475,66860481
49001,49001,4,,,,,,66860482,66860488
49001,49001,4,,,,,,66860638,66860631
49001,49001,4,,,,,,66860611,66860613
49001,49001,4,,,,,,66863391,66863405
49001,49001,4,,,,,,66863392,66863404
49001,49001,4,,,,,,66863376,66863408
49001,49001,4,,,,,,66863390,66863388
49001,49001,4,,,,,,66863407,66863377
49001,49001,4,,,,,,66863378,66863386
49001,49001,4,,,,,,66863383,66863387
49001,49001,4,,,,,,66863402,66863372
49001,49001,4,,,,,,66863381,66863397
49001,49001,4,,,,,,66863396,66863385
49001,49001,4,,,,,,66863400,66863401
49001,49001,4,,,,,,66863399,66863375
49001,49001,4,,,,,,66863395,66863389
49001,49001,4,,,,,,66863398,66863403
49001,49001,4,,,,,,66863382,66863384
49001,49001,4,,,,,,66863410,66863415
49001,49001,4,,,,,,66863414,66863418
49001,49001,4,,,,,,66863423,66863430
49001,49001,4,,,,,,66863349,66863331
49001,49001,4,,,,,,66863329,66863334
49001,49001,4,,,,,,66863351,66863345
49001,49001,4,,,,,,66863350,66863330
49001,49001,4,,,,,,66863328,66863348
49001,49001,4,,,,,,66863327,66863343
49001,49001,4,,,,,,66863380,66863411
49001,49001,4,,,,,,66863419,66863425
49001,49001,4,,,,,,66863427,66863432
49001,49001,4,,,,,,66863437,66863440
49001,49001,4,,,,,,66863557,66863560
49001,49001,4,,,,,,66863593,66863599
49001,49001,4,,,,,,66863559,66863565
49001,49001,4,,,,,,66863576,66863553
49001,49001,4,,,,,,66863595,66863590
49001,49001,4,,,,,,66863558,66863551
49001,49001,4,,,,,,66863564,66863602
49001,49001,4,,,,,,66863596,66863554
49001,49001,4,,,,,,66863597,66863589
49001,49001,4,,,,,,66863579,66863587
49001,49001,4,,,,,,66863550,66863588
49001,49001,4,,,,,,66863598,66863584
49001,49001,4,,,,,,66863574,66863581
49001,49001,4,,,,,,66863577,66863578
49001,49001,4,,,,,,66863562,66863594
49001,49001,4,,,,,,66863568,66863563
49001,49001,4,,,,,,66863555,66863556
49001,49001,4,,,,,,66863561,66863566
49001,49001,4,,,,,,66863582,66863592
49001,49001,4,,,,,,66863586,66863571
49001,49001,4,,,,,,66863580,66863570
49001,49001,4,,,,,,66863458,66863486
49001,49001,4,,,,,,66863489,66863485
49001,49001,4,,,,,,66863468,66863469
49001,49001,4,,,,,,66863449,66863456
49001,49001,4,,,,,,66863453,66863454
49001,49001,4,,,,,,66863484,66863477
49001,49001,4,,,,,,66863470,66863466
49001,49001,4,,,,,,66863459,66863482
49001,49001,4,,,,,,66863475,66863467
49001,49001,4,,,,,,66863487,66863480
49001,49001,4,,,,,,66863483,66863481
49001,49001,4,,,,,,66863455,66863471
49001,49001,4,,,,,,66863478,66863462
49001,49001,4,,,,,,66863472,66863450
49001,49001,4,,,,,,66863479,66863490
49001,49001,4,,,,,,66863491,66863457
49001,49001,4,,,,,,66863463,66863492
49001,49001,4,,,,,,66863332,66863353
49001,49001,4,,,,,,66863333,66863339
49001,49001,4,,,,,,66863346,66863336
49001,49001,4,,,,,,66863342,66863347
49001,49001,4,,,,,,66863338,66863341
49001,49001,4,,,,,,66863340,66863337
49001,49001,4,,,,,,66863354,66863358
49001,49001,4,,,,,,66863360,66863366
49001,49001,4,,,,,,66863452,66863488
49001,49001,4,,,,,,66863476,66863465
49001,49001,4,,,,,,66863474,66863461
49001,49001,4,,,,,,66863494,66863500
49001,49001,4,,,,,,66863508,66863509
49001,49001,4,,,,,,66863433,66863441
49001,49001,4,,,,,,66863443,66863448
49001,49001,4,,,,,,66863495,66863499
49001,49001,4,,,,,,66863504,66863507
49001,49001,4,,,,,,66863444,66863473
49001,49001,4,,,,,,66863496,66863503
49001,49001,4,,,,,,66863506,66863513
49001,49001,4,,,,,,66863519,66863523
49001,49001,4,,,,,,66863528,66863534
49001,49001,4,,,,,,66863538,66863544
49001,49001,4,,,,,,66863572,66863575
49001,49001,4,,,,,,66863573,66863591
49001,49001,4,,,,,,66863600,66863601
49001,49001,4,,,,,,66863552,66863585
49001,49001,4,,,,,,66863583,66863569
49001,49001,4,,,,,,66863516,66863520
49001,49001,4,,,,,,66863526,66863531
49001,49001,4,,,,,,66863536,66863542
49001,49001,4,,,,,,66863546,66863603
49001,49001,4,,,,,,66863514,66863518
49001,49001,4,,,,,,66863524,66863529
49001,49001,4,,,,,,66863533,66863539
49001,49001,4,,,,,,66863545,66863548
49001,49001,4,,,,,,66867754,66867796
49001,49001,4,,,,,,66867758,66867800
49001,49001,4,,,,,,66867762,66867802
49001,49001,4,,,,,,66867765,66867805
49001,49001,4,,,,,,66867604,66867696
49001,49001,4,,,,,,66867608,66867638
49001,49001,4,,,,,,66867642,66867685
49001,49001,4,,,,,,66867646,66867690
49001,49001,4,,,,,,66867654,66867695
49001,49001,4,,,,,,66867609,66867639
49001,49001,4,,,,,,66867645,66867686
49001,49001,4,,,,,,66867648,66867691
49001,49001,4,,,,,,66867655,66867701
49001,49001,4,,,,,,66867641,66867681
49001,49001,4,,,,,,66867644,66867689
49001,49001,4,,,,,,66867651,66867693
49001,49001,4,,,,,,66867656,66867702
49001,49001,4,,,,,,66867660,66867700
49001,49001,4,,,,,,66867653,66867632
49001,49001,4,,,,,,66867661,66867704
49001,49001,4,,,,,,66867667,66867709
49001,49001,4,,,,,,66867658,66867637
49001,49001,4,,,,,,66867663,66867703
49001,49001,4,,,,,,66867666,66867710
49001,49001,4,,,,,,66867659,66867635
49001,49001,4,,,,,,66867664,66867707
49001,49001,4,,,,,,66867670,66867713
49001,49001,4,,,,,,66867578,66867579
49001,49001,4,,,,,,66867582,66867613
49001,49001,4,,,,,,66867585,66867612
49001,49001,4,,,,,,66867588,66867620
49001,49001,4,,,,,,66867591,66867622
49001,49001,4,,,,,,66867594,66867624
49001,49001,4,,,,,,66867597,66867627
49001,49001,4,,,,,,66867601,66867631
49001,49001,4,,,,,,66867580,66867610
49001,49001,4,,,,,,66867583,66867614
49001,49001,4,,,,,,66867586,66867617
49001,49001,4,,,,,,66867589,66867616
49001,49001,4,,,,,,66867592,66867619
49001,49001,4,,,,,,66867595,66867625
49001,49001,4,,,,,,66867581,66867611
49001,49001,4,,,,,,66867584,66867615
49001,49001,4,,,,,,66867587,66867618
49001,49001,4,,,,,,66867590,66867621
49001,49001,4,,,,,,66867593,66867623
49001,49001,4,,,,,,66867596,66867626
49001,49001,4,,,,,,66867600,66867630
49001,49001,4,,,,,,66867598,66867628
49001,49001,4,,,,,,66867602,66867633
49001,49001,4,,,,,,66867606,66867698
49001,49001,4,,,,,,66867640,66867680
49001,49001,4,,,,,,66867647,66867688
49001,49001,4,,,,,,66867650,66867692
49001,49001,4,,,,,,66867599,66867629
49001,49001,4,,,,,,66867603,66867634
49001,49001,4,,,,,,66867607,66867699
49001,49001,4,,,,,,66867643,66867684
49001,49001,4,,,,,,66867649,66867687
49001,49001,4,,,,,,66867652,66867694
49001,49001,4,,,,,,66867669,66867715
49001,49001,4,,,,,,66867675,66867714
49001,49001,4,,,,,,66867678,66867722
49001,49001,4,,,,,,66867676,66867718
49001,49001,4,,,,,,66867683,66867723
49001,49001,4,,,,,,66867728,66867768
49001,49001,4,,,,,,66867733,66867773
49001,49001,4,,,,,,66867657,66867636
49001,49001,4,,,,,,66867662,66867705
49001,49001,4,,,,,,66867668,66867706
49001,49001,4,,,,,,66867673,66867712
49001,49001,4,,,,,,66867677,66867719
49001,49001,4,,,,,,66867679,66867720
49001,49001,4,,,,,,66867725,66867767
49001,49001,4,,,,,,66867730,66867775
49001,49001,4,,,,,,66867736,66867777
49001,49001,4,,,,,,66867738,66867783
49001,49001,4,,,,,,66867682,66867721
49001,49001,4,,,,,,66867726,66867769
49001,49001,4,,,,,,66867731,66867771
49001,49001,4,,,,,,66867724,66867766
49001,49001,4,,,,,,66867729,66867774
49001,49001,4,,,,,,66867735,66867776
49001,49001,4,,,,,,66867737,66867782
49001,49001,4,,,,,,66867745,66867786
49001,49001,4,,,,,,66867749,66867790
49001,49001,4,,,,,,66867727,66867770
49001,49001,4,,,,,,66867732,66867772
49001,49001,4,,,,,,66867740,66867779
49001,49001,4,,,,,,66867743,66867784
49001,49001,4,,,,,,66867746,66867788
49001,49001,4,,,,,,66867734,66867778
49001,49001,4,,,,,,66867739,66867780
49001,49001,4,,,,,,66867742,66867787
49001,49001,4,,,,,,66867750,66867791
49001,49001,4,,,,,,66867753,66867795
49001,49001,4,,,,,,66867757,66867799
49001,49001,4,,,,,,66867761,66867804
49001,49001,4,,,,,,66867741,66867781
49001,49001,4,,,,,,66867744,66867785
49001,49001,4,,,,,,66867748,66867789
49001,49001,4,,,,,,66867751,66867793
49001,49001,4,,,,,,66867755,66867797
49001,49001,4,,,,,,66867759,66867801
49001,49001,4,,,,,,66867763,66867808
49001,49001,4,,,,,,66867752,66867794
49001,49001,4,,,,,,66867756,66867798
49001,49001,4,,,,,,66867760,66867803
49001,49001,4,,,,,,66867764,66867809
49001,49001,4,,,,,,66866420,66866414
49001,49001,4,,,,,,66866418,66866419
49001,49001,4,,,,,,66866415,66866421
49001,49001,4,,,,,,66866416,66866417
49001,49001,4,,,,,,66866429,66866428
49001,49001,4,,,,,,66866430,66866437
49001,49001,4,,,,,,66866431,66866433
49001,49001,4,,,,,,66866436,66866435
49001,49001,4,,,,,,66866432,66866434
49001,49001,4,,,,,,66866475,66866474
49001,49001,4,,,,,,66866473,66866472
49001,49001,4,,,,,,66866477,66866457
49001,49001,4,,,,,,66866451,66866448
49001,49001,4,,,,,,66866456,66866445
49001,49001,4,,,,,,66866449,66866446
49001,49001,4,,,,,,66866442,66866452
49001,49001,4,,,,,,66866450,66866454
49001,49001,4,,,,,,66866453,66866443
49001,49001,4,,,,,,66866447,66866440
49001,49001,4,,,,,,66866521,66866524
49001,49001,4,,,,,,66866522,66866506
49001,49001,4,,,,,,66866513,66866519
49001,49001,4,,,,,,66866529,66866518
49001,49001,4,,,,,,66866528,66866520
49001,49001,4,,,,,,66866526,66866525
49001,49001,4,,,,,,66866485,66866481
49001,49001,4,,,,,,66866491,66866490
49001,49001,4,,,,,,66866487,66866482
49001,49001,4,,,,,,66866486,66866480
49001,49001,4,,,,,,66866492,66866483
49001,49001,4,,,,,,66866499,66866503
49001,49001,4,,,,,,66866497,66866509
49001,49001,4,,,,,,66866498,66866502
49001,49001,4,,,,,,66866484,66866510
49001,49001,4,,,,,,66866504,66866501
49001,49001,4,,,,,,66866508,66866496
49001,49001,4,,,,,,66866495,66866500
49001,49001,4,,,,,,66866527,66866517
49001,49001,4,,,,,,66866523,66866505
49001,49001,4,,,,,,66866511,66866512
49001,49001,4,,,,,,66866564,66866557
49001,49001,4,,,,,,66866555,66866573
49001,49001,4,,,,,,66866581,66866575
49001,49001,4,,,,,,66866563,66866569
49001,49001,4,,,,,,66866561,66866559
49001,49001,4,,,,,,66866558,66866562
49001,49001,4,,,,,,66866531,66866532
49001,49001,4,,,,,,66866554,66866536
49001,49001,4,,,,,,66866533,66866568
49001,49001,4,,,,,,66866535,66866534
49001,49001,4,,,,,,66866530,66866553
49001,49001,4,,,,,,66866576,66866578
49001,49001,4,,,,,,66866574,66866580
49001,49001,4,,,,,,66866571,66866572
49001,49001,4,,,,,,66866556,66866560
49001,49001,4,,,,,,66866566,66866577
49001,49001,4,,,,,,66866570,66866565
49001,49001,4,,,,,,66866567,66866579
49001,49001,4,,,,,,66866551,66866548
49001,49001,4,,,,,,66866541,66866550
49001,49001,4,,,,,,66866538,66866549
49001,49001,4,,,,,,66866425,66866424
49001,49001,4,,,,,,66866413,66866411
49001,49001,4,,,,,,66866379,66866381
49001,49001,4,,,,,,66866382,66866391
49001,49001,4,,,,,,66866386,66866388
49001,49001,4,,,,,,66866389,66866387
49001,49001,4,,,,,,66866407,66866400
49001,49001,4,,,,,,66866404,66866403
49001,49001,4,,,,,,66866604,66866584
49001,49001,4,,,,,,66866605,66866582
49001,49001,4,,,,,,66866586,66866585
49001,49001,4,,,,,,66866608,66866587
49001,49001,4,,,,,,66866609,66866606
49001,49001,4,,,,,,66866611,66866613
49001,49001,4,,,,,,66866612,66866614
49001,49001,4,,,,,,66866616,66866617
49001,49001,4,,,,,,66866615,66866618
49001,49001,4,,,,,,66866592,66866588
49001,49001,4,,,,,,66866594,66866598
49001,49001,4,,,,,,66866622,66866619
49001,49001,4,,,,,,66866627,66866624
49001,49001,4,,,,,,66866620,66866626
49001,49001,4,,,,,,66866625,66866623
49001,49001,4,,,,,,66866629,66866630
49001,49001,4,,,,,,66866405,66866396
49001,49001,4,,,,,,66866401,66866406
49001,49001,4,,,,,,66866399,66866410
49001,49001,4,,,,,,66866397,66866408
49001,49001,4,,,,,,66866409,66866412
49001,49001,4,,,,,,66866471,66866463
49001,49001,4,,,,,,66866469,66866460
49001,49001,4,,,,,,66866461,66866462
49001,49001,4,,,,,,66866470,66866465
49001,49001,4,,,,,,66866466,66866467
49001,49001,4,,,,,,66866464,66866468
49001,49001,4,,,,,,66866476,66866455
49001,49001,4,,,,,,66866459,66866458
49001,49001,4,,,,,,66866591,66866603
49001,49001,4,,,,,,66866599,66866600
49001,49001,4,,,,,,66866596,66866590
49001,49001,4,,,,,,66866607,66866597
49001,49001,4,,,,,,66866593,66866601
49001,49001,4,,,,,,66866643,66866642
49001,49001,4,,,,,,66866638,66866640
49001,49001,4,,,,,,66866639,66866633
49001,49001,4,,,,,,66866634,66866632
49001,49001,4,,,,,,66866378,66866392
49001,49001,4,,,,,,66866380,66866377
49001,49001,4,,,,,,66866394,66866395
49001,49001,4,,,,,,66866393,66866390
49001,49001,4,,,,,,66866383,66866385
49001,49001,4,,,,,,66866514,66866507
49001,49001,4,,,,,,66866515,66866516
49001,49001,4,,,,,,66866488,66866494
49001,49001,4,,,,,,66866489,66866493
49001,49001,4,,,,,,66866552,66866539
49001,49001,4,,,,,,66866545,66866546
49001,49001,4,,,,,,66866537,66866547
49001,49001,4,,,,,,66866540,66866542
49001,49001,4,,,,,,66866641,66866631
49001,49001,4,,,,,,66866637,66866635
49001,49001,4,,,,,,66866636,66866644
49795,49795,4,,,,,,67008566,67008565
49795,49795,4,,,,,,67008567,67008563
49795,49795,4,,,,,,67008560,67008561
49795,49795,4,,,,,,67008556,67008555
49795,49795,4,,,,,,67008558,67008557
49795,49795,4,,,,,,67008553,67008550
49795,49795,4,,,,,,67008551,67008552
49795,49795,4,,,,,,64821231,64821230
49795,49795,4,,,,,,64821232,64821228
49795,49795,4,,,,,,64821225,64821226
49795,49795,4,,,,,,64821221,64821220
49795,49795,4,,,,,,64821223,64821222
49795,49795,4,,,,,,64821216,64821218
49795,49795,4,,,,,,64821219,64821215
49795,49795,4,,,,,,67165705,67165704
49795,49795,4,,,,,,67165706,67165702
49795,49795,4,,,,,,67165699,67165700
49795,49795,4,,,,,,67165695,67165694
49795,49795,4,,,,,,67165697,67165696
49795,49795,4,,,,,,67165692,67165689
49795,49795,4,,,,,,67165690,67165691
49795,49795,4,,,,,,67018542,67018541
49795,49795,4,,,,,,67018543,67018539
49795,49795,4,,,,,,67018536,67018537
49795,49795,4,,,,,,67018532,67018531
49795,49795,4,,,,,,67018534,67018533
49795,49795,4,,,,,,67018529,67018526
49795,49795,4,,,,,,67018527,67018528
507,507,4,,,,,,67251025,67251026
507,507,4,,,,,,67251027,67251028
507,507,4,,,,,,67251029,67251009
507,507,4,,,,,,67250468,67250470
507,507,4,,,,,,67250472,67250463
507,507,4,,,,,,67250462,67250465
507,507,4,,,,,,67250466,67250459
507,507,4,,,,,,67250464,67250460
507,507,4,,,,,,67250461,67250467
507,507,4,,,,,,67250469,67250471
507,507,4,,,,,,67250473,67250483
507,507,4,,,,,,67250476,67250480
507,507,4,,,,,,67251183,67251177
507,507,4,,,,,,67250475,67250482
507,507,4,,,,,,67250478,67250484
507,507,4,,,,,,67250474,67250489
507,507,4,,,,,,67250490,67250485
507,507,4,,,,,,67250486,67250479
507,507,4,,,,,,67250477,67250481
507,507,4,,,,,,67250488,67250509
507,507,4,,,,,,67250506,67250505
507,507,4,,,,,,67250507,67250487
507,507,4,,,,,,67250491,67250498
507,507,4,,,,,,67250499,67250493
507,507,4,,,,,,67250494,67250495
507,507,4,,,,,,67250500,67250492
507,507,4,,,,,,67250496,67250504
507,507,4,,,,,,67250501,67250503
507,507,4,,,,,,67250497,67250502
507,507,4,,,,,,67251011,67251008
507,507,4,,,,,,67251010,67251012
507,507,4,,,,,,67251015,67251016
507,507,4,,,,,,67251018,67251019
507,507,4,,,,,,67251020,67251017
507,507,4,,,,,,67251021,67251022
507,507,4,,,,,,67251023,67251024
507,507,4,,,,,,65049892,65049893
507,507,4,,,,,,65049894,65049895
507,507,4,,,,,,65049896,65049873
507,507,4,,,,,,65049882,65049883
507,507,4,,,,,,65049884,65049885
507,507,4,,,,,,65049886,65049887
507,507,4,,,,,,65049888,65049889
507,507,4,,,,,,65049890,65049891
507,507,4,,,,,,65049333,65049335
507,507,4,,,,,,65049339,65049328
507,507,4,,,,,,65049325,65049330
507,507,4,,,,,,65049331,65049326
507,507,4,,,,,,65049329,65049327
507,507,4,,,,,,65049322,65049332
507,507,4,,,,,,65049334,65049336
507,507,4,,,,,,65049340,65049348
507,507,4,,,,,,65049338,65049345
507,507,4,,,,,,65050053,65050046
507,507,4,,,,,,65049337,65049347
507,507,4,,,,,,65049343,65049349
507,507,4,,,,,,65049342,65049353
507,507,4,,,,,,65049354,65049350
507,507,4,,,,,,65049351,65049344
507,507,4,,,,,,65049341,65049346
507,507,4,,,,,,65049352,65049374
507,507,4,,,,,,65049371,65049370
507,507,4,,,,,,65049372,65049355
507,507,4,,,,,,65049356,65049363
507,507,4,,,,,,65049364,65049358
507,507,4,,,,,,65049359,65049360
507,507,4,,,,,,65049365,65049357
507,507,4,,,,,,65049361,65049369
507,507,4,,,,,,65049366,65049368
507,507,4,,,,,,65049362,65049367
507,507,4,,,,,,65049875,65049876
507,507,4,,,,,,65049874,65049878
507,507,4,,,,,,65071062,65071063
507,507,4,,,,,,65071060,65071064
507,507,4,,,,,,65071067,65071068
507,507,4,,,,,,65071066,65071065
507,507,4,,,,,,65071069,65071070
507,507,4,,,,,,65071769,65071763
507,507,4,,,,,,65071759,65071753
507,507,4,,,,,,65071756,65071755
507,507,4,,,,,,65071749,65071750
507,507,4,,,,,,65071041,65071042
507,507,4,,,,,,65071043,65071046
507,507,4,,,,,,65071047,65071044
507,507,4,,,,,,65071045,65071048
507,507,4,,,,,,65071050,65071051
507,507,4,,,,,,65071052,65071049
507,507,4,,,,,,65071053,65071054
507,507,4,,,,,,65071055,65071056
507,507,4,,,,,,65071057,65071058
507,507,4,,,,,,65071059,65071061
507,507,4,,,,,,65071071,65071073
507,507,4,,,,,,65071074,65071075
507,507,4,,,,,,65071072,65071076
507,507,4,,,,,,65071077,65071078
507,507,4,,,,,,65071079,65071082
507,507,4,,,,,,65071083,65071080
507,507,4,,,,,,65071081,65071084
507,507,4,,,,,,65071086,65071087
507,507,4,,,,,,65071088,65071085
507,507,4,,,,,,65071089,65071090
507,507,4,,,,,,65071091,65071092
507,507,4,,,,,,65071093,65071094
507,507,4,,,,,,65071751,65071752
507,507,4,,,,,,65071754,65071757
507,507,4,,,,,,65071766,65071761
507,507,4,,,,,,65071760,65071764
507,507,4,,,,,,65071765,65071758
507,507,4,,,,,,65071767,65071770
507,507,4,,,,,,65071762,65071768
507,507,4,,,,,,65074609,65074623
507,507,4,,,,,,65074604,65074617
507,507,4,,,,,,65074603,65074616
507,507,4,,,,,,65074605,65074618
507,507,4,,,,,,65074610,65074620
507,507,4,,,,,,65074613,65074626
507,507,4,,,,,,65074611,65074624
507,507,4,,,,,,65074612,65074625
507,507,4,,,,,,65074606,65074619
507,507,4,,,,,,65074614,65074627
507,507,4,,,,,,65074615,65074577
507,507,4,,,,,,65074608,65074622
507,507,4,,,,,,65074607,65074621
507,507,4,,,,,,67166655,67166668
507,507,4,,,,,,67166659,67166671
507,507,4,,,,,,67166654,67166667
507,507,4,,,,,,67166663,67166676
507,507,4,,,,,,67166658,67166670
507,507,4,,,,,,67166657,67166669
507,507,4,,,,,,67166664,67166674
507,507,4,,,,,,67166656,67166672
507,507,4,,,,,,67166661,67166673
507,507,4,,,,,,67166665,67166678
507,507,4,,,,,,67166666,67166628
507,507,4,,,,,,67166660,67166677
507,507,4,,,,,,67166662,67166675
507,507,4,,,,,,67163774,67163775
507,507,4,,,,,,67163776,67163779
507,507,4,,,,,,67163780,67163777
507,507,4,,,,,,67163778,67163781
507,507,4,,,,,,67163783,67163784
507,507,4,,,,,,67163785,67163782
507,507,4,,,,,,67163786,67163787
507,507,4,,,,,,67163788,67163789
507,507,4,,,,,,67163790,67163791
507,507,4,,,,,,67163792,67163794
507,507,4,,,,,,67163795,67163796
507,507,4,,,,,,67163793,67163797
507,507,4,,,,,,67163800,67163801
507,507,4,,,,,,67163799,67163798
507,507,4,,,,,,67163802,67163803
507,507,4,,,,,,67163804,67163806
507,507,4,,,,,,67163807,67163808
507,507,4,,,,,,67163805,67163809
507,507,4,,,,,,67163810,67163811
507,507,4,,,,,,67163812,67163815
507,507,4,,,,,,67163816,67163813
507,507,4,,,,,,67163814,67163817
507,507,4,,,,,,67163819,67163820
507,507,4,,,,,,67163821,67163818
507,507,4,,,,,,67163822,67163823
507,507,4,,,,,,67163824,67163825
507,507,4,,,,,,67163826,67163827
507,507,4,,,,,,67164484,67164485
507,507,4,,,,,,67164487,67164490
507,507,4,,,,,,67164499,67164494
507,507,4,,,,,,67164493,67164497
507,507,4,,,,,,67164498,67164491
507,507,4,,,,,,67164500,67164503
507,507,4,,,,,,67164495,67164501
507,507,4,,,,,,67164502,67164496
507,507,4,,,,,,67164492,67164486
507,507,4,,,,,,67164489,67164488
507,507,4,,,,,,67164482,67164483
507,507,4,,,,,,67255912,67255913
507,507,4,,,,,,67255914,67255915
507,507,4,,,,,,67255916,67255896
507,507,4,,,,,,67255902,67255903
507,507,4,,,,,,67255905,67255906
507,507,4,,,,,,67255907,67255904
507,507,4,,,,,,67255908,67255909
507,507,4,,,,,,67255910,67255911
507,507,4,,,,,,67255355,67255357
507,507,4,,,,,,67255359,67255350
507,507,4,,,,,,67255349,67255352
507,507,4,,,,,,67255353,67255346
507,507,4,,,,,,67255351,67255347
507,507,4,,,,,,67255348,67255354
507,507,4,,,,,,67255356,67255358
507,507,4,,,,,,67255360,67255370
507,507,4,,,,,,67255363,67255367
507,507,4,,,,,,67256067,67256061
507,507,4,,,,,,67255362,67255369
507,507,4,,,,,,67255365,67255371
507,507,4,,,,,,67255361,67255376
507,507,4,,,,,,67255377,67255372
507,507,4,,,,,,67255373,67255366
507,507,4,,,,,,67255364,67255368
507,507,4,,,,,,67255375,67255396
507,507,4,,,,,,67255393,67255392
507,507,4,,,,,,67255394,67255374
507,507,4,,,,,,67255378,67255385
507,507,4,,,,,,67255386,67255380
507,507,4,,,,,,67255381,67255382
507,507,4,,,,,,67255387,67255379
507,507,4,,,,,,67255383,67255391
507,507,4,,,,,,67255388,67255390
507,507,4,,,,,,67255384,67255389
507,507,4,,,,,,67255898,67255895
507,507,4,,,,,,67255897,67255899
507,507,4,,,,,,67237049,67237050
507,507,4,,,,,,67237047,67237051
507,507,4,,,,,,67237054,67237055
507,507,4,,,,,,67237053,67237052
507,507,4,,,,,,67237056,67237057
507,507,4,,,,,,67237757,67237750
507,507,4,,,,,,67237746,67237740
507,507,4,,,,,,67237743,67237742
507,507,4,,,,,,67237736,67237737
507,507,4,,,,,,67237028,67237029
507,507,4,,,,,,67237030,67237033
507,507,4,,,,,,67237034,67237031
507,507,4,,,,,,67237032,67237035
507,507,4,,,,,,67237037,67237038
507,507,4,,,,,,67237039,67237036
507,507,4,,,,,,67237040,67237042
507,507,4,,,,,,67237043,67237044
507,507,4,,,,,,67237041,67237045
507,507,4,,,,,,67237046,67237048
507,507,4,,,,,,67237058,67237060
507,507,4,,,,,,67237061,67237062
507,507,4,,,,,,67237059,67237063
507,507,4,,,,,,67237064,67237065
507,507,4,,,,,,67237066,67237069
507,507,4,,,,,,67237070,67237067
507,507,4,,,,,,67237068,67237071
507,507,4,,,,,,67237073,67237074
507,507,4,,,,,,67237075,67237072
507,507,4,,,,,,67237076,67237078
507,507,4,,,,,,67237079,67237080
507,507,4,,,,,,67237077,67237081
507,507,4,,,,,,67237738,67237739
507,507,4,,,,,,67237741,67237744
507,507,4,,,,,,67237753,67237748
507,507,4,,,,,,67237747,67237751
507,507,4,,,,,,67237752,67237745
507,507,4,,,,,,67237755,67237754
507,507,4,,,,,,67237749,67237756
507,507,4,,,,,,67258620,67258634
507,507,4,,,,,,67258615,67258628
507,507,4,,,,,,67258614,67258627
507,507,4,,,,,,67258616,67258629
507,507,4,,,,,,67258621,67258631
507,507,4,,,,,,67258624,67258637
507,507,4,,,,,,67258622,67258635
507,507,4,,,,,,67258623,67258636
507,507,4,,,,,,67258617,67258630
507,507,4,,,,,,67258625,67258638
507,507,4,,,,,,67258626,67258588
507,507,4,,,,,,67258619,67258633
507,507,4,,,,,,67258618,67258632
507,507,4,,,,,,67253519,67253520
507,507,4,,,,,,67253521,67253522
507,507,4,,,,,,67253523,67253503
507,507,4,,,,,,67253509,67253510
507,507,4,,,,,,67253512,67253513
507,507,4,,,,,,67253514,67253511
507,507,4,,,,,,67253515,67253516
507,507,4,,,,,,67253517,67253518
507,507,4,,,,,,67252962,67252964
507,507,4,,,,,,67252966,67252957
507,507,4,,,,,,67252956,67252959
507,507,4,,,,,,67252960,67252953
507,507,4,,,,,,67252958,67252954
507,507,4,,,,,,67252955,67252961
507,507,4,,,,,,67252963,67252965
507,507,4,,,,,,67252967,67252977
507,507,4,,,,,,67252970,67252974
507,507,4,,,,,,67253674,67253668
507,507,4,,,,,,67252969,67252976
507,507,4,,,,,,67252972,67252978
507,507,4,,,,,,67252968,67252983
507,507,4,,,,,,67252984,67252979
507,507,4,,,,,,67252980,67252973
507,507,4,,,,,,67252971,67252975
507,507,4,,,,,,67252982,67253003
507,507,4,,,,,,67253000,67252999
507,507,4,,,,,,67253001,67252981
507,507,4,,,,,,67252985,67252992
507,507,4,,,,,,67252993,67252987
507,507,4,,,,,,67252988,67252989
507,507,4,,,,,,67252994,67252986
507,507,4,,,,,,67252990,67252998
507,507,4,,,,,,67252995,67252997
507,507,4,,,,,,67252991,67252996
507,507,4,,,,,,67253505,67253502
507,507,4,,,,,,67253504,67253506
5819,5819,4,,,,,,67202523,67202249
5819,5819,4,,,,,,67202521,67202250
5819,5819,4,,,,,,67202525,67202252
5819,5819,4,,,,,,67202531,67202254
5819,5819,4,,,,,,67202527,67202251
5819,5819,4,,,,,,67202529,67202253
5819,5819,4,,,,,,67202533,67202255
5819,5819,4,,,,,,67202536,67202256
5819,5819,4,,,,,,67202550,67202264
5819,5819,4,,,,,,67202554,67202266
5819,5819,4,,,,,,67202557,67202267
5819,5819,4,,,,,,67202549,67202263
5819,5819,4,,,,,,67202552,67202265
5819,5819,4,,,,,,67202559,67202268
5819,5819,4,,,,,,67202561,67202269
5819,5819,4,,,,,,67202538,67202257
5819,5819,4,,,,,,67202540,67202258
5819,5819,4,,,,,,67202542,67202259
5819,5819,4,,,,,,67202545,67202261
5819,5819,4,,,,,,67202544,67202260
5819,5819,4,,,,,,67202547,67202262
5819,5819,4,,,,,,65138702,65138681
5819,5819,4,,,,,,65138703,65138682
5819,5819,4,,,,,,65138705,65138683
5819,5819,4,,,,,,65138707,65138684
5819,5819,4,,,,,,65138704,65138687
5819,5819,4,,,,,,65138706,65138688
5819,5819,4,,,,,,65138708,65138689
5819,5819,4,,,,,,65138709,65138685
5819,5819,4,,,,,,65138714,65138692
5819,5819,4,,,,,,65138712,65138694
5819,5819,4,,,,,,65138717,65138696
5819,5819,4,,,,,,65138719,65138699
5819,5819,4,,,,,,65138720,65138700
5819,5819,4,,,,,,65138721,65138697
5819,5819,4,,,,,,65138722,65138701
5819,5819,4,,,,,,65138710,65138686
5819,5819,4,,,,,,65138711,65138690
5819,5819,4,,,,,,65138713,65138691
5819,5819,4,,,,,,65138715,65138693
5819,5819,4,,,,,,65138716,65138695
5819,5819,4,,,,,,65138718,65138698
5819,5819,4,,,,,,65139742,65139731
5819,5819,4,,,,,,65139743,65139732
5819,5819,4,,,,,,65139744,65139733
5819,5819,4,,,,,,65139745,65139734
5819,5819,4,,,,,,65139750,65139739
5819,5819,4,,,,,,65139751,65139740
5819,5819,4,,,,,,65139752,65139741
5819,5819,4,,,,,,65139746,65139735
5819,5819,4,,,,,,65139747,65139736
5819,5819,4,,,,,,65139748,65139737
5819,5819,4,,,,,,65139749,65139738
5819,5819,4,,,,,,65142061,65142051
5819,5819,4,,,,,,65142062,65142052
5819,5819,4,,,,,,65142063,65142053
5819,5819,4,,,,,,65142064,65142054
5819,5819,4,,,,,,65142068,65142059
5819,5819,4,,,,,,65142069,65142057
5819,5819,4,,,,,,65142070,65142060
5819,5819,4,,,,,,65142065,65142055
5819,5819,4,,,,,,65142066,65142056
5819,5819,4,,,,,,65142067,65142058
5819,5819,4,,,,,,67227098,67226991
5819,5819,4,,,,,,67227095,67226992
5819,5819,4,,,,,,67227100,67226993
5819,5819,4,,,,,,67227102,67226994
5819,5819,4,,,,,,67227110,67226998
5819,5819,4,,,,,,67227112,67226999
5819,5819,4,,,,,,67227114,67227000
5819,5819,4,,,,,,67227104,67226995
5819,5819,4,,,,,,67227106,67226996
5819,5819,4,,,,,,67227108,67226997
5819,5819,4,,,,,,67227837,67227688
5819,5819,4,,,,,,67227839,67227689
5819,5819,4,,,,,,67227841,67227690
5819,5819,4,,,,,,67227843,67227691
5819,5819,4,,,,,,67227845,67227692
5819,5819,4,,,,,,67227853,67227696
5819,5819,4,,,,,,67227855,67227697
5819,5819,4,,,,,,67227857,67227698
5819,5819,4,,,,,,67227847,67227693
5819,5819,4,,,,,,67227849,67227694
5819,5819,4,,,,,,67227851,67227695
5819,5819,4,,,,,,67229795,67229531
5819,5819,4,,,,,,67229793,67229532
5819,5819,4,,,,,,67229797,67229534
5819,5819,4,,,,,,67229803,67229536
5819,5819,4,,,,,,67229799,67229533
5819,5819,4,,,,,,67229801,67229535
5819,5819,4,,,,,,67229805,67229537
5819,5819,4,,,,,,67229809,67229538
5819,5819,4,,,,,,67229822,67229546
5819,5819,4,,,,,,67229826,67229548
5819,5819,4,,,,,,67229829,67229549
5819,5819,4,,,,,,67229821,67229545
5819,5819,4,,,,,,67229824,67229547
5819,5819,4,,,,,,67229831,67229550
5819,5819,4,,,,,,67229833,67229551
5819,5819,4,,,,,,67229810,67229539
5819,5819,4,,,,,,67229812,67229540
5819,5819,4,,,,,,67229814,67229541
5819,5819,4,,,,,,67229817,67229543
5819,5819,4,,,,,,67229816,67229542
5819,5819,4,,,,,,67229819,67229544
5819,5819,4,,,,,,67203455,67203306
5819,5819,4,,,,,,67203457,67203307
5819,5819,4,,,,,,67203459,67203308
5819,5819,4,,,,,,67203461,67203309
5819,5819,4,,,,,,67203463,67203310
5819,5819,4,,,,,,67203471,67203314
5819,5819,4,,,,,,67203473,67203315
5819,5819,4,,,,,,67203475,67203316
5819,5819,4,,,,,,67203465,67203311
5819,5819,4,,,,,,67203467,67203312
5819,5819,4,,,,,,67203469,67203313
5819,5819,4,,,,,,67223378,67223272
5819,5819,4,,,,,,67223379,67223273
5819,5819,4,,,,,,67223381,67223274
5819,5819,4,,,,,,67223383,67223275
5819,5819,4,,,,,,67223391,67223279
5819,5819,4,,,,,,67223393,67223280
5819,5819,4,,,,,,67223395,67223281
5819,5819,4,,,,,,67223385,67223276
5819,5819,4,,,,,,67223387,67223277
5819,5819,4,,,,,,67223389,67223278
5819,5819,4,,,,,,67204218,67203954
5819,5819,4,,,,,,67204216,67203955
5819,5819,4,,,,,,67204220,67203957
5819,5819,4,,,,,,67204226,67203959
5819,5819,4,,,,,,67204222,67203956
5819,5819,4,,,,,,67204224,67203958
5819,5819,4,,,,,,67204228,67203960
5819,5819,4,,,,,,67204231,67203961
5819,5819,4,,,,,,67204245,67203969
5819,5819,4,,,,,,67204249,67203971
5819,5819,4,,,,,,67204252,67203972
5819,5819,4,,,,,,67204244,67203968
5819,5819,4,,,,,,67204247,67203970
5819,5819,4,,,,,,67204254,67203973
5819,5819,4,,,,,,67204256,67203974
5819,5819,4,,,,,,67204233,67203962
5819,5819,4,,,,,,67204235,67203963
5819,5819,4,,,,,,67204237,67203964
5819,5819,4,,,,,,67204240,67203966
5819,5819,4,,,,,,67204239,67203965
5819,5819,4,,,,,,67204242,67203967
64000,64000,4,,,,,,64464008_2,64464008_3
64000,64000,4,,,,,,66645323_2,66645323_3
64000,64000,4,,,,,,64459729_1,64459729_2
64000,64000,4,,,,,,66645286_1,66645286_2
6411,6411,4,,,,,,67250347,67250989
6411,6411,4,,,,,,67250994,67250990
6411,6411,4,,,,,,67250991,67250992
6411,6411,4,,,,,,67251005,67251006
6411,6411,4,,,,,,67250997,67250998
6411,6411,4,,,,,,67250996,67251002
6411,6411,4,,,,,,67250341,67250316
6411,6411,4,,,,,,67250339,67250319
6411,6411,4,,,,,,67250324,67250318
6411,6411,4,,,,,,67250327,67250325
6411,6411,4,,,,,,67250458,67250456
6411,6411,4,,,,,,67250453,67250449
6411,6411,4,,,,,,67250446,67250335
6411,6411,4,,,,,,67250909,67250911
6411,6411,4,,,,,,67250910,67250912
6411,6411,4,,,,,,67250451,67250450
6411,6411,4,,,,,,67250447,67250445
6411,6411,4,,,,,,67250999,67251000
6411,6411,4,,,,,,67251003,67251001
6411,6411,4,,,,,,67250993,67250995
6411,6411,4,,,,,,67251004,67250317
6411,6411,4,,,,,,67250342,67250321
6411,6411,4,,,,,,67250340,67250320
6411,6411,4,,,,,,67250326,67250322
6411,6411,4,,,,,,67250328,67250323
6411,6411,4,,,,,,67250457,67250443
6411,6411,4,,,,,,67250448,67250438
6411,6411,4,,,,,,67250345,67250330
6411,6411,4,,,,,,67250332,67250331
6411,6411,4,,,,,,67250329,67250334
6411,6411,4,,,,,,67250337,67250336
6411,6411,4,,,,,,67250343,67250338
6411,6411,4,,,,,,65049216,65049855
6411,6411,4,,,,,,65049860,65049856
6411,6411,4,,,,,,65049857,65049858
6411,6411,4,,,,,,65049871,65049872
6411,6411,4,,,,,,65049863,65049864
6411,6411,4,,,,,,65049862,65049867
6411,6411,4,,,,,,65049209,65049184
6411,6411,4,,,,,,65049207,65049185
6411,6411,4,,,,,,65049192,65049189
6411,6411,4,,,,,,65049195,65049193
6411,6411,4,,,,,,65049323,65049314
6411,6411,4,,,,,,65049319,65049318
6411,6411,4,,,,,,65049313,65049203
6411,6411,4,,,,,,65049780,65049776
6411,6411,4,,,,,,65049773,65049777
6411,6411,4,,,,,,65049324,65049321
6411,6411,4,,,,,,65049316,65049312
6411,6411,4,,,,,,65049868,65049865
6411,6411,4,,,,,,65049869,65049866
6411,6411,4,,,,,,65049859,65049861
6411,6411,4,,,,,,65049870,65049186
6411,6411,4,,,,,,65049210,65049188
6411,6411,4,,,,,,65049208,65049187
6411,6411,4,,,,,,65049194,65049190
6411,6411,4,,,,,,65049196,65049191
6411,6411,4,,,,,,65049320,65049315
6411,6411,4,,,,,,65049317,65049305
6411,6411,4,,,,,,65049213,65049200
6411,6411,4,,,,,,65049201,65049197
6411,6411,4,,,,,,65049202,65049199
6411,6411,4,,,,,,65049205,65049204
6411,6411,4,,,,,,65049211,65049206
6411,6411,4,,,,,,65070974,65070967
6411,6411,4,,,,,,65070972,65070969
6411,6411,4,,,,,,65070978,65070966
6411,6411,4,,,,,,65070980,65070964
6411,6411,4,,,,,,65070982,65070961
6411,6411,4,,,,,,65070984,65070956
6411,6411,4,,,,,,65070963,65070971
6411,6411,4,,,,,,65070975,65070970
6411,6411,4,,,,,,65070976,65070968
6411,6411,4,,,,,,65070979,65070965
6411,6411,4,,,,,,65070986,65070958
6411,6411,4,,,,,,65070989,65070952
6411,6411,4,,,,,,65070990,65070945
6411,6411,4,,,,,,65070988,65070953
6411,6411,4,,,,,,65070981,65070959
6411,6411,4,,,,,,65070987,65070957
6411,6411,4,,,,,,65070985,65070955
6411,6411,4,,,,,,65070991,65070954
6411,6411,4,,,,,,65071097,65071098
6411,6411,4,,,,,,65071099,65071096
6411,6411,4,,,,,,65071100,65071101
6411,6411,4,,,,,,65071095,65071102
6411,6411,4,,,,,,65071103,65071104
6411,6411,4,,,,,,65071105,65071106
6411,6411,4,,,,,,65070977,65070962
6411,6411,4,,,,,,65070983,65070960
6411,6411,4,,,,,,65074214,65074247
6411,6411,4,,,,,,65074551,65074633
6411,6411,4,,,,,,65074652,65074634
6411,6411,4,,,,,,65074651,65074636
6411,6411,4,,,,,,65074650,65074637
6411,6411,4,,,,,,65074648,65074635
6411,6411,4,,,,,,65074647,65074639
6411,6411,4,,,,,,65074645,65074640
6411,6411,4,,,,,,65074644,65074641
6411,6411,4,,,,,,65074643,65074642
6411,6411,4,,,,,,65074646,65074632
6411,6411,4,,,,,,65074649,65074638
6411,6411,4,,,,,,67166464,67166498
6411,6411,4,,,,,,67166601,67166684
6411,6411,4,,,,,,67166703,67166685
6411,6411,4,,,,,,67166702,67166686
6411,6411,4,,,,,,67166701,67166687
6411,6411,4,,,,,,67166696,67166689
6411,6411,4,,,,,,67166699,67166690
6411,6411,4,,,,,,67166697,67166691
6411,6411,4,,,,,,67166692,67166693
6411,6411,4,,,,,,67166695,67166694
6411,6411,4,,,,,,67166698,67166682
6411,6411,4,,,,,,67166700,67166688
6411,6411,4,,,,,,67163707,67163700
6411,6411,4,,,,,,67163705,67163702
6411,6411,4,,,,,,67163696,67163704
6411,6411,4,,,,,,67163708,67163703
6411,6411,4,,,,,,67163709,67163701
6411,6411,4,,,,,,67163712,67163698
6411,6411,4,,,,,,67163711,67163699
6411,6411,4,,,,,,67163713,67163697
6411,6411,4,,,,,,67163715,67163694
6411,6411,4,,,,,,67163717,67163689
6411,6411,4,,,,,,67163719,67163691
6411,6411,4,,,,,,67163722,67163685
6411,6411,4,,,,,,67163723,67163678
6411,6411,4,,,,,,67163714,67163692
6411,6411,4,,,,,,67163720,67163690
6411,6411,4,,,,,,67163718,67163688
6411,6411,4,,,,,,67163724,67163687
6411,6411,4,,,,,,67163830,67163831
6411,6411,4,,,,,,67163832,67163829
6411,6411,4,,,,,,67163833,67163834
6411,6411,4,,,,,,67163828,67163835
6411,6411,4,,,,,,67163836,67163837
6411,6411,4,,,,,,67163838,67163839
6411,6411,4,,,,,,67163710,67163695
6411,6411,4,,,,,,67163716,67163693
6411,6411,4,,,,,,67163721,67163686
6411,6411,4,,,,,,67255236,67255876
6411,6411,4,,,,,,67255881,67255877
6411,6411,4,,,,,,67255878,67255879
6411,6411,4,,,,,,67255892,67255893
6411,6411,4,,,,,,67255884,67255885
6411,6411,4,,,,,,67255883,67255889
6411,6411,4,,,,,,67255230,67255205
6411,6411,4,,,,,,67255228,67255208
6411,6411,4,,,,,,67255213,67255207
6411,6411,4,,,,,,67255216,67255214
6411,6411,4,,,,,,67255345,67255343
6411,6411,4,,,,,,67255340,67255336
6411,6411,4,,,,,,67255333,67255224
6411,6411,4,,,,,,67255796,67255798
6411,6411,4,,,,,,67255797,67255799
6411,6411,4,,,,,,67255338,67255337
6411,6411,4,,,,,,67255334,67255332
6411,6411,4,,,,,,67255886,67255887
6411,6411,4,,,,,,67255890,67255888
6411,6411,4,,,,,,67255880,67255882
6411,6411,4,,,,,,67255891,67255206
6411,6411,4,,,,,,67255231,67255210
6411,6411,4,,,,,,67255229,67255209
6411,6411,4,,,,,,67255215,67255211
6411,6411,4,,,,,,67255217,67255212
6411,6411,4,,,,,,67255344,67255330
6411,6411,4,,,,,,67255335,67255325
6411,6411,4,,,,,,67255234,67255219
6411,6411,4,,,,,,67255221,67255220
6411,6411,4,,,,,,67255218,67255223
6411,6411,4,,,,,,67255226,67255225
6411,6411,4,,,,,,67255232,67255227
6411,6411,4,,,,,,67236961,67236954
6411,6411,4,,,,,,67236959,67236956
6411,6411,4,,,,,,67236965,67236953
6411,6411,4,,,,,,67236967,67236951
6411,6411,4,,,,,,67236969,67236948
6411,6411,4,,,,,,67236972,67236943
6411,6411,4,,,,,,67236950,67236958
6411,6411,4,,,,,,67236962,67236957
6411,6411,4,,,,,,67236963,67236955
6411,6411,4,,,,,,67236966,67236952
6411,6411,4,,,,,,67236970,67236945
6411,6411,4,,,,,,67236976,67236939
6411,6411,4,,,,,,67236977,67236932
6411,6411,4,,,,,,67236975,67236940
6411,6411,4,,,,,,67236968,67236946
6411,6411,4,,,,,,67236974,67236944
6411,6411,4,,,,,,67236973,67236942
6411,6411,4,,,,,,67236978,67236941
6411,6411,4,,,,,,67237084,67237085
6411,6411,4,,,,,,67237086,67237083
6411,6411,4,,,,,,67237087,67237088
6411,6411,4,,,,,,67237082,67237089
6411,6411,4,,,,,,67237090,67237091
6411,6411,4,,,,,,67237092,67237093
6411,6411,4,,,,,,67236964,67236949
6411,6411,4,,,,,,67236971,67236947
6411,6411,4,,,,,,67258425,67258458
6411,6411,4,,,,,,67258562,67258644
6411,6411,4,,,,,,67258663,67258645
6411,6411,4,,,,,,67258662,67258647
6411,6411,4,,,,,,67258661,67258648
6411,6411,4,,,,,,67258659,67258646
6411,6411,4,,,,,,67258658,67258650
6411,6411,4,,,,,,67258656,67258651
6411,6411,4,,,,,,67258655,67258652
6411,6411,4,,,,,,67258654,67258653
6411,6411,4,,,,,,67258657,67258643
6411,6411,4,,,,,,67258660,67258649
6411,6411,4,,,,,,67252844,67253483
6411,6411,4,,,,,,67253488,67253484
6411,6411,4,,,,,,67253485,67253486
6411,6411,4,,,,,,67253499,67253500
6411,6411,4,,,,,,67253491,67253492
6411,6411,4,,,,,,67253490,67253496
6411,6411,4,,,,,,67252838,67252813
6411,6411,4,,,,,,67252836,67252816
6411,6411,4,,,,,,67252821,67252815
6411,6411,4,,,,,,67252824,67252822
6411,6411,4,,,,,,67252952,67252950
6411,6411,4,,,,,,67252947,67252943
6411,6411,4,,,,,,67252940,67252832
6411,6411,4,,,,,,67253403,67253405
6411,6411,4,,,,,,67253404,67253406
6411,6411,4,,,,,,67252945,67252944
6411,6411,4,,,,,,67252941,67252939
6411,6411,4,,,,,,67253493,67253494
6411,6411,4,,,,,,67253497,67253495
6411,6411,4,,,,,,67253487,67253489
6411,6411,4,,,,,,67253498,67252814
6411,6411,4,,,,,,67252839,67252818
6411,6411,4,,,,,,67252837,67252817
6411,6411,4,,,,,,67252823,67252819
6411,6411,4,,,,,,67252825,67252820
6411,6411,4,,,,,,67252951,67252937
6411,6411,4,,,,,,67252942,67252932
6411,6411,4,,,,,,67252842,67252827
6411,6411,4,,,,,,67252829,67252828
6411,6411,4,,,,,,67252826,67252831
6411,6411,4,,,,,,67252834,67252833
6411,6411,4,,,,,,67252840,67252835
6613,6613,4,,,,,,67202277,67202244
6613,6613,4,,,,,,67202316,67202246
6613,6613,4,,,,,,67202742,67202247
6613,6613,4,,,,,,67202749,67202248
6613,6613,4,,,,,,67202290,67202245
6613,6613,4,,,,,,65139003,65138998
6613,6613,4,,,,,,65139004,65138999
6613,6613,4,,,,,,65139005,65139000
6613,6613,4,,,,,,65139006,65139001
6613,6613,4,,,,,,65139007,65139002
6613,6613,4,,,,,,67229559,67229526
6613,6613,4,,,,,,67230008,67229529
6613,6613,4,,,,,,67229594,67229528
6613,6613,4,,,,,,67229568,67229527
6613,6613,4,,,,,,67230015,67229530
6613,6613,4,,,,,,67203982,67203949
6613,6613,4,,,,,,67204431,67203952
6613,6613,4,,,,,,67204017,67203951
6613,6613,4,,,,,,67203991,67203950
6613,6613,4,,,,,,67204438,67203953
7784,7784,4,,,,,,67008724,67008725
7784,7784,4,,,,,,67008722,67008718
7784,7784,4,,,,,,67008780,67008781
7784,7784,4,,,,,,67008694,67008692
7784,7784,4,,,,,,67008698,67008696
7784,7784,4,,,,,,67008744,67008738
7784,7784,4,,,,,,67008688,67008666
7784,7784,4,,,,,,67008619,67008616
7784,7784,4,,,,,,67008658,67008660
7784,7784,4,,,,,,67008659,67008655
7784,7784,4,,,,,,67008627,67008626
7784,7784,4,,,,,,67008749,67008754
7784,7784,4,,,,,,67008753,67008751
7784,7784,4,,,,,,67008747,67008748
7784,7784,4,,,,,,67008656,67008641
7784,7784,4,,,,,,64821388,64821389
7784,7784,4,,,,,,64821387,64821386
7784,7784,4,,,,,,64821320,64821306
7784,7784,4,,,,,,64821359,64821356
7784,7784,4,,,,,,64821363,64821361
7784,7784,4,,,,,,64821409,64821403
7784,7784,4,,,,,,64821353,64821331
7784,7784,4,,,,,,64821283,64821284
7784,7784,4,,,,,,64821445,64821446
7784,7784,4,,,,,,64821322,64821325
7784,7784,4,,,,,,64821324,64821323
7784,7784,4,,,,,,64821414,64821418
7784,7784,4,,,,,,64821417,64821416
7784,7784,4,,,,,,64821412,64821413
7784,7784,4,,,,,,64821292,64821291
7784,7784,4,,,,,,64824910,64824925
7784,7784,4,,,,,,64824924,64824916
7784,7784,4,,,,,,64824968,64824962
7784,7784,4,,,,,,64824961,64824972
7784,7784,4,,,,,,64824901,64824875
7784,7784,4,,,,,,64824879,64824882
7784,7784,4,,,,,,64824987,64824989
7784,7784,4,,,,,,64824974,64824986
7784,7784,4,,,,,,64824991,64824983
7784,7784,4,,,,,,64825012,64825011
7784,7784,4,,,,,,64825005,64824994
7784,7784,4,,,,,,64825040,64825043
7784,7784,4,,,,,,64824896,64824904
7784,7784,4,,,,,,64824905,64824907
7784,7784,4,,,,,,64824915,64824923
7784,7784,4,,,,,,64833870,64833869
7784,7784,4,,,,,,64833852,64833857
7784,7784,4,,,,,,64833903,64833899
7784,7784,4,,,,,,64833885,64833888
7784,7784,4,,,,,,64833941,64833944
7784,7784,4,,,,,,64833942,64833935
7784,7784,4,,,,,,64833902,64833904
7784,7784,4,,,,,,64833884,64833883
7784,7784,4,,,,,,64833937,64833933
7784,7784,4,,,,,,64833861,64833863
7784,7784,4,,,,,,64833890,64833881
7784,7784,4,,,,,,64833938,64833940
7784,7784,4,,,,,,64833934,64833936
7784,7784,4,,,,,,67148281,67148280
7784,7784,4,,,,,,67148267,67148266
7784,7784,4,,,,,,67148249,67148254
7784,7784,4,,,,,,67148300,67148296
7784,7784,4,,,,,,67148282,67148285
7784,7784,4,,,,,,67148338,67148341
7784,7784,4,,,,,,67148299,67148301
7784,7784,4,,,,,,67148334,67148330
7784,7784,4,,,,,,67148339,67148332
7784,7784,4,,,,,,67148258,67148260
7784,7784,4,,,,,,67148287,67148278
7784,7784,4,,,,,,67148335,67148337
7784,7784,4,,,,,,67148331,67148333
7784,7784,4,,,,,,67146420,67146435
7784,7784,4,,,,,,67146434,67146426
7784,7784,4,,,,,,67146478,67146472
7784,7784,4,,,,,,67146471,67146482
7784,7784,4,,,,,,67146408,67146387
7784,7784,4,,,,,,67146388,67146389
7784,7784,4,,,,,,67146497,67146499
7784,7784,4,,,,,,67146484,67146496
7784,7784,4,,,,,,67146501,67146493
7784,7784,4,,,,,,67146520,67146519
7784,7784,4,,,,,,67146513,67146503
7784,7784,4,,,,,,67146548,67146551
7784,7784,4,,,,,,67146403,67146414
7784,7784,4,,,,,,67146415,67146417
7784,7784,4,,,,,,67146425,67146433
7784,7784,4,,,,,,67165866,67165867
7784,7784,4,,,,,,67165864,67165860
7784,7784,4,,,,,,67165836,67165834
7784,7784,4,,,,,,67165840,67165838
7784,7784,4,,,,,,67165886,67165880
7784,7784,4,,,,,,67165830,67165808
7784,7784,4,,,,,,67165796,67165795
7784,7784,4,,,,,,67165922,67165923
7784,7784,4,,,,,,67165800,67165802
7784,7784,4,,,,,,67165801,67165794
7784,7784,4,,,,,,67165766,67165797
7784,7784,4,,,,,,67165891,67165896
7784,7784,4,,,,,,67165895,67165893
7784,7784,4,,,,,,67165889,67165890
7784,7784,4,,,,,,67165798,67165780
7784,7784,4,,,,,,67014462,67014477
7784,7784,4,,,,,,67014476,67014468
7784,7784,4,,,,,,67014453,67014427
7784,7784,4,,,,,,67014431,67014434
7784,7784,4,,,,,,67014539,67014541
7784,7784,4,,,,,,67014526,67014538
7784,7784,4,,,,,,67014543,67014535
7784,7784,4,,,,,,67014564,67014563
7784,7784,4,,,,,,67014557,67014546
7784,7784,4,,,,,,67014592,67014595
7784,7784,4,,,,,,67014448,67014456
7784,7784,4,,,,,,67014457,67014459
7784,7784,4,,,,,,67014520,67014514
7784,7784,4,,,,,,67014513,67014524
7784,7784,4,,,,,,67014467,67014475
7784,7784,4,,,,,,67010553,67010552
7784,7784,4,,,,,,67010539,67010538
7784,7784,4,,,,,,67010521,67010526
7784,7784,4,,,,,,67010572,67010568
7784,7784,4,,,,,,67010554,67010557
7784,7784,4,,,,,,67010610,67010613
7784,7784,4,,,,,,67010611,67010604
7784,7784,4,,,,,,67010571,67010573
7784,7784,4,,,,,,67010606,67010602
7784,7784,4,,,,,,67010530,67010532
7784,7784,4,,,,,,67010559,67010550
7784,7784,4,,,,,,67010607,67010609
7784,7784,4,,,,,,67010603,67010605
7784,7784,4,,,,,,67018700,67018701
7784,7784,4,,,,,,67018698,67018694
7784,7784,4,,,,,,67018670,67018668
7784,7784,4,,,,,,67018674,67018672
7784,7784,4,,,,,,67018720,67018714
7784,7784,4,,,,,,67018664,67018642
7784,7784,4,,,,,,67018595,67018592
7784,7784,4,,,,,,67018756,67018757
7784,7784,4,,,,,,67018634,67018636
7784,7784,4,,,,,,67018635,67018631
7784,7784,4,,,,,,67018603,67018602
7784,7784,4,,,,,,67018725,67018730
7784,7784,4,,,,,,67018729,67018727
7784,7784,4,,,,,,67018723,67018724
7784,7784,4,,,,,,67018632,67018617
7961,7961,4,,,,,,67009473,67009471
7961,7961,4,,,,,,67009469,67009470
7961,7961,4,,,,,,67009463,67009462
7961,7961,4,,,,,,67009433,67009435
7961,7961,4,,,,,,67009432,67009431
7961,7961,4,,,,,,67009444,67009445
7961,7961,4,,,,,,67009455,67009446
7961,7961,4,,,,,,67009459,67009436
7961,7961,4,,,,,,67009437,67009438
7961,7961,4,,,,,,67009447,67009441
7961,7961,4,,,,,,67009429,67009428
7961,7961,4,,,,,,67009425,67009423
7961,7961,4,,,,,,67009426,67009424
7961,7961,4,,,,,,67009427,67009422
7961,7961,4,,,,,,67009457,67009460
7961,7961,4,,,,,,67009461,67009443
7961,7961,4,,,,,,67009442,67009439
7961,7961,4,,,,,,67009451,67009456
7961,7961,4,,,,,,67009450,67009454
7961,7961,4,,,,,,67009440,67009449
7961,7961,4,,,,,,67009452,67009453
7961,7961,4,,,,,,67009448,67009458
7961,7961,4,,,,,,67009465,67009468
7961,7961,4,,,,,,67009472,67009474
7961,7961,4,,,,,,64819724,64819717
7961,7961,4,,,,,,64819719,64819722
7961,7961,4,,,,,,64819721,64819713
7961,7961,4,,,,,,64819723,64819726
7961,7961,4,,,,,,64819706,64819718
7961,7961,4,,,,,,64819711,64819712
7961,7961,4,,,,,,64819709,64819707
7961,7961,4,,,,,,64819716,64819708
7961,7961,4,,,,,,64819688,64819691
7961,7961,4,,,,,,64819681,64819683
7961,7961,4,,,,,,64819694,64819680
7961,7961,4,,,,,,64819702,64819703
7961,7961,4,,,,,,64819675,64819704
7961,7961,4,,,,,,64819679,64819696
7961,7961,4,,,,,,64819678,64819677
7961,7961,4,,,,,,64819705,64819693
7961,7961,4,,,,,,64819690,64819682
7961,7961,4,,,,,,64819700,64819698
7961,7961,4,,,,,,64819701,64819695
7961,7961,4,,,,,,64819674,64819685
7961,7961,4,,,,,,64819689,64819692
7961,7961,4,,,,,,64819684,64819699
7961,7961,4,,,,,,64819686,64819687
7961,7961,4,,,,,,64819676,64819697
7961,7961,4,,,,,,67167696,67167695
7961,7961,4,,,,,,67167666,67167668
7961,7961,4,,,,,,67167665,67167664
7961,7961,4,,,,,,67167706,67167704
7961,7961,4,,,,,,67167702,67167703
7961,7961,4,,,,,,67167677,67167678
7961,7961,4,,,,,,67167688,67167679
7961,7961,4,,,,,,67167692,67167669
7961,7961,4,,,,,,67167670,67167671
7961,7961,4,,,,,,67167680,67167674
7961,7961,4,,,,,,67167663,67167662
7961,7961,4,,,,,,67167659,67167657
7961,7961,4,,,,,,67167690,67167693
7961,7961,4,,,,,,67167694,67167676
7961,7961,4,,,,,,67167675,67167672
7961,7961,4,,,,,,67167684,67167689
7961,7961,4,,,,,,67167683,67167687
7961,7961,4,,,,,,67167673,67167682
7961,7961,4,,,,,,67167685,67167686
7961,7961,4,,,,,,67167681,67167691
7961,7961,4,,,,,,67167660,67167658
7961,7961,4,,,,,,67167661,67167656
7961,7961,4,,,,,,67167698,67167701
7961,7961,4,,,,,,67167705,67167707
7961,7961,4,,,,,,67019429,67019428
7961,7961,4,,,,,,67019399,67019401
7961,7961,4,,,,,,67019398,67019397
7961,7961,4,,,,,,67019439,67019437
7961,7961,4,,,,,,67019435,67019436
7961,7961,4,,,,,,67019410,67019411
7961,7961,4,,,,,,67019421,67019412
7961,7961,4,,,,,,67019425,67019402
7961,7961,4,,,,,,67019403,67019404
7961,7961,4,,,,,,67019413,67019407
7961,7961,4,,,,,,67019396,67019395
7961,7961,4,,,,,,67019392,67019390
7961,7961,4,,,,,,67019423,67019426
7961,7961,4,,,,,,67019427,67019409
7961,7961,4,,,,,,67019408,67019405
7961,7961,4,,,,,,67019417,67019422
7961,7961,4,,,,,,67019416,67019420
7961,7961,4,,,,,,67019406,67019415
7961,7961,4,,,,,,67019418,67019419
7961,7961,4,,,,,,67019414,67019424
7961,7961,4,,,,,,67019393,67019391
7961,7961,4,,,,,,67019394,67019389
7961,7961,4,,,,,,67019431,67019434
7961,7961,4,,,,,,67019438,67019440
85231,85231,4,,,,,,67009397,67009395
85231,85231,4,,,,,,67009390,67009389
85231,85231,4,,,,,,67009378,67009370
85231,85231,4,,,,,,67009348,67009347
85231,85231,4,,,,,,67009406,67009405
85231,85231,4,,,,,,67009352,67009344
85231,85231,4,,,,,,67009343,67009341
85231,85231,4,,,,,,67009345,67009342
85231,85231,4,,,,,,67009363,67009358
85231,85231,4,,,,,,67009359,67009364
85231,85231,4,,,,,,64820155,64820152
85231,85231,4,,,,,,64820111,64820094
85231,85231,4,,,,,,64820143,64820139
85231,85231,4,,,,,,64820121,64820118
85231,85231,4,,,,,,64820109,64820110
85231,85231,4,,,,,,64820102,64820106
85231,85231,4,,,,,,64820107,64820112
85231,85231,4,,,,,,64820133,64820105
85231,85231,4,,,,,,64820135,64820129
85231,85231,4,,,,,,64820100,64820104
85231,85231,4,,,,,,67167632,67167630
85231,85231,4,,,,,,67167641,67167640
85231,85231,4,,,,,,67167625,67167624
85231,85231,4,,,,,,67167613,67167602
85231,85231,4,,,,,,67167584,67167583
85231,85231,4,,,,,,67167581,67167578
85231,85231,4,,,,,,67167598,67167593
85231,85231,4,,,,,,67167594,67167599
85231,85231,4,,,,,,67167588,67167580
85231,85231,4,,,,,,67167579,67167577
85231,85231,4,,,,,,67019365,67019363
85231,85231,4,,,,,,67019374,67019373
85231,85231,4,,,,,,67019358,67019357
85231,85231,4,,,,,,67019346,67019338
85231,85231,4,,,,,,67019319,67019318
85231,85231,4,,,,,,67019316,67019313
85231,85231,4,,,,,,67019333,67019328
85231,85231,4,,,,,,67019329,67019334
85231,85231,4,,,,,,67019323,67019315
85231,85231,4,,,,,,67019314,67019312
875,875,4,,,,,,65049939_1,65049939_2
875,875,4,,,,,,67251070_1,67251070_2
875,875,4,,,,,,67251840_1,67251840_2
875,875,4,,,,,,65050613_1,65050613_2
899,899,4,,,,,,64460320_1,64460320_2
899,899,4,,,,,,66645839_1,66645839_2
925,925,4,,,,,,64459773_1,64459773_2
925,925,4,,,,,,66645327_1,66645327_2
925,925,4,,,,,,64464008_1,64464008_2
925,925,4,,,,,,66645323_1,66645323_2
966,966,4,,,,,,64459729_2,64459729_3
966,966,4,,,,,,66645286_2,66645286_3
Boat-Aquarium,Boat-Aquarium,4,,,,,,Boat-F6-0630-Winthrop-BWN-01-Weekday-Summer-25,Boat-F6-0730-Aquarium-BWN-01-Weekday-Summer-25
Boat-Aquarium,Boat-Aquarium,4,,,,,,Boat-F6-0800-Winthrop-BWN-01-Weekday-Summer-25,Boat-F6-0850-Aquarium-BWN-01-Weekday-Summer-25
Boat-Aquarium,Boat-Aquarium,4,,,,,,Boat-F6-1030-Winthrop-BWN-01-Weekday-Summer-25,Boat-F6-1130-Aquarium-BWN-01-Weekday-Summer-25
Boat-Aquarium,Boat-Aquarium,4,,,,,,Boat-F6-1530-Winthrop-BWN-01-Weekday-Summer-25,Boat-F6-1630-Aquarium-BWN-01-Weekday-Summer-25
Boat-Aquarium,Boat-Aquarium,4,,,,,,Boat-F6-1720-Winthrop-BWN-01-Weekday-Summer-25,Boat-F6-1745-Aquarium-BWN-01-Weekday-Summer-25
Boat-Aquarium,Boat-Aquarium,4,,,,,,Boat-F6-1840-Winthrop-BWN-01-Weekday-Summer-25,Boat-F6-1910-Aquarium-BWN-01-Weekday-Summer-25
Boat-Hingham,Boat-Hingham,4,,,,,,Boat-F1-0650-Rowes-BF1-01-Weekday-Fall-24,Boat-F1-0745-Hingham-BF1-01-Weekday-Fall-24
Boat-Hingham,Boat-Hingham,4,,,,,,Boat-F1-0830-Rowes-BF1-01-Weekday-Fall-24,Boat-F1-0915-Hingham-BF1-01-Weekday-Fall-24
Boat-Hingham,Boat-Hingham,4,,,,,,Boat-F1-1000-Rowes-BF1-01-Weekday-Fall-24,Boat-F1-1100-Hingham-BF1-01-Weekday-Fall-24
Boat-Hingham,Boat-Hingham,4,,,,,,Boat-F1-0715-Rowes-BF1-02-Weekday-Fall-24,Boat-F1-0800-Hingham-BF1-02-Weekday-Fall-24
Boat-Hingham,Boat-Hingham,4,,,,,,Boat-F1-0800-Rowes-BF1-03-Weekday-Fall-24,Boat-F1-0845-Hingham-BF1-03-Weekday-Fall-24
Boat-Hingham,Boat-Hingham,4,,,,,,Boat-F1-1330-Rowes-BF1-04-Weekday-Fall-24,Boat-F1-1430-Hingham-BF1-04-Weekday-Fall-24
Boat-Hingham,Boat-Hingham,4,,,,,,Boat-F1-1525-Rowes-BF1-04-Weekday-Fall-24,Boat-F1-1610-Hingham-BF1-04-Weekday-Fall-24
Boat-Hingham,Boat-Hingham,4,,,,,,Boat-F1-1700-Rowes-BF1-04-Weekday-Fall-24,Boat-F1-1745-Hingham-BF1-04-Weekday-Fall-24
Boat-Hingham,Boat-Hingham,4,,,,,,Boat-F1-1630-Rowes-BF1-05-Weekday-Fall-24,Boat-F1-1715-Hingham-BF1-05-Weekday-Fall-24
Boat-Hingham,Boat-Hingham,4,,,,,,Boat-F1-1800-Rowes-BF1-05-Weekday-Fall-24,Boat-F1-1840-Hingham-BF1-05-Weekday-Fall-24
Boat-Hingham,Boat-Hingham,4,,,,,,Boat-F1-1720-Rowes-BF1-06-Weekday-Fall-24,Boat-F1-1810-Hingham-BF1-06-Weekday-Fall-24
Boat-Hingham,Boat-Hingham,4,,,,,,Boat-F1-1900-Rowes-BF1-06-Weekday-Fall-24,Boat-F1-1940-Hingham-BF1-06-Weekday-Fall-24
Boat-Hingham,Boat-Hingham,4,,,,,,Boat-F1-1600-Rowes-BF1-07-Weekday-Fall-24,Boat-F1-1645-Hingham-BF1-07-Weekday-Fall-24
Boat-Hingham,Boat-Hingham,4,,,,,,Boat-F1-0735-Rowes-BF1-08-Weekday-Fall-24,Boat-F1-0820-Hingham-BF1-08-Weekday-Fall-24
Boat-Hingham,Boat-Hingham,4,,,,,,Boat-F1-0910-Long-BF2H-01-Weekday-Fall-24,Boat-F1-1000-Hingham-BF2H-01-Weekday-Fall-24
Boat-Hingham,Boat-Hingham,4,,,,,,Boat-F1-1100-Long-BF2H-01-Weekday-Fall-24,Boat-F1-1200-Hingham-BF2H-01-Weekday-Fall-24
Boat-Hingham,Boat-Hingham,4,,,,,,Boat-F1-1300-Long-BF2H-01-Weekday-Fall-24,Boat-F1-1400-Hingham-BF2H-01-Weekday-Fall-24
Boat-Hingham,Boat-Hingham,4,,,,,,Boat-F1-1215-Long-BF2H-03-Weekday-Fall-24,Boat-F1-1300-Hingham-BF2H-03-Weekday-Fall-24
Boat-Hingham,Boat-Hingham,4,,,,,,Boat-F1-1540-Long-BF2H-04-Weekday-Fall-24,Boat-F1-1630-Hingham-BF2H-04-Weekday-Fall-24
Boat-Hingham,Boat-Hingham,4,,,,,,Boat-F1-1840-Long-BF2H-04-Weekday-Fall-24,Boat-F1-1935-Hingham-BF2H-04-Weekday-Fall-24
Boat-Hingham,Boat-Hingham,4,,,,,,Boat-F1-2025-Long-BF2H-04-Weekday-Fall-24,Boat-F1-2115-Hingham-BF2H-04-Weekday-Fall-24
Boat-Hingham,Boat-Hingham,4,,,,,,Boat-F1-1635-Long-BF2H-05-Weekday-Fall-24,Boat-F1-1715-Hingham-BF2H-05-Weekday-Fall-24
Boat-Hingham,Boat-Hingham,4,,,,,,Boat-F1-1810-Long-BF2H-05-Weekday-Fall-24,Boat-F1-1900-Hingham-BF2H-05-Weekday-Fall-24
Boat-Hingham,Boat-Hingham,4,,,,,,Boat-F1-1940-Long-BF2H-05-Weekday-Fall-24,Boat-F1-2035-Hingham-BF2H-05-Weekday-Fall-24
Boat-Hull,Boat-Hull,4,,,,,,Boat-F1-0625-Long-BF2H-01-Weekday-Fall-24,Boat-F1-0730-Hull-BF2H-01-Weekday-Fall-24
Boat-Hull,Boat-Hull,4,,,,,,Boat-F1-0800-Long-BF2H-01-Weekday-Fall-24,Boat-F1-0840-Hull-BF2H-01-Weekday-Fall-24
Boat-Hull,Boat-Hull,4,,,,,,Boat-F1-0725-Long-BF2H-02-Weekday-Fall-24,Boat-F1-0805-Hull-BF2H-02-Weekday-Fall-24
Boat-Hull,Boat-Hull,4,,,,,,Boat-F1-0840-Long-BF2H-02-Weekday-Fall-24,Boat-F1-0910-Hull-BF2H-02-Weekday-Fall-24
Boat-Hull,Boat-Hull,4,,,,,,Boat-F1-1730-Long-BF2H-04-Weekday-Fall-24,Boat-F1-1805-Hull-BF2H-04-Weekday-Fall-24
Boat-Long,Boat-Long,4,,,,,,Boat-F1-0540-Hingham-BF2H-01-Weekday-Fall-24,Boat-F1-0625-Long-BF2H-01-Weekday-Fall-24
Boat-Long,Boat-Long,4,,,,,,Boat-F1-0730-Hull-BF2H-01-Weekday-Fall-24,Boat-F1-0800-Long-BF2H-01-Weekday-Fall-24
Boat-Long,Boat-Long,4,,,,,,Boat-F1-0840-Hull-BF2H-01-Weekday-Fall-24,Boat-F1-0910-Long-BF2H-01-Weekday-Fall-24
Boat-Long,Boat-Long,4,,,,,,Boat-F1-1000-Hingham-BF2H-01-Weekday-Fall-24,Boat-F1-1100-Long-BF2H-01-Weekday-Fall-24
Boat-Long,Boat-Long,4,,,,,,Boat-F1-1200-Hingham-BF2H-01-Weekday-Fall-24,Boat-F1-1300-Long-BF2H-01-Weekday-Fall-24
Boat-Long,Boat-Long,4,,,,,,Boat-F1-1400-Hingham-BF2H-01-Weekday-Fall-24,Boat-F1-1440-Long-BF2H-01-Weekday-Fall-24
Boat-Long,Boat-Long,4,,,,,,Boat-F1-0640-Hingham-BF2H-02-Weekday-Fall-24,Boat-F1-0725-Long-BF2H-02-Weekday-Fall-24
Boat-Long,Boat-Long,4,,,,,,Boat-F1-0805-Hull-BF2H-02-Weekday-Fall-24,Boat-F1-0840-Long-BF2H-02-Weekday-Fall-24
Boat-Long,Boat-Long,4,,,,,,Boat-F1-1300-Hingham-BF2H-03-Weekday-Fall-24,Boat-F1-1400-Long-BF2H-03-Weekday-Fall-24
Boat-Long,Boat-Long,4,,,,,,Boat-F1-1500-Hingham-BF2H-04-Weekday-Fall-24,Boat-F1-1540-Long-BF2H-04-Weekday-Fall-24
Boat-Long,Boat-Long,4,,,,,,Boat-F1-1630-Hingham-BF2H-04-Weekday-Fall-24,Boat-F1-1730-Long-BF2H-04-Weekday-Fall-24
Boat-Long,Boat-Long,4,,,,,,Boat-F1-1805-Hull-BF2H-04-Weekday-Fall-24,Boat-F1-1840-Long-BF2H-04-Weekday-Fall-24
Boat-Long,Boat-Long,4,,,,,,Boat-F1-1935-Hingham-BF2H-04-Weekday-Fall-24,Boat-F1-2025-Long-BF2H-04-Weekday-Fall-24
Boat-Long,Boat-Long,4,,,,,,Boat-F1-2115-Hingham-BF2H-04-Weekday-Fall-24,Boat-F1-2155-Long-BF2H-04-Weekday-Fall-24
Boat-Long,Boat-Long,4,,,,,,Boat-F1-1545-Hingham-BF2H-05-Weekday-Fall-24,Boat-F1-1635-Long-BF2H-05-Weekday-Fall-24
Boat-Long,Boat-Long,4,,,,,,Boat-F1-1715-Hingham-BF2H-05-Weekday-Fall-24,Boat-F1-1810-Long-BF2H-05-Weekday-Fall-24
Boat-Long,Boat-Long,4,,,,,,Boat-F1-1900-Hingham-BF2H-05-Weekday-Fall-24,Boat-F1-1940-Long-BF2H-05-Weekday-Fall-24
Boat-Long,Boat-Long,4,,,,,,Boat-F1-2035-Hingham-BF2H-05-Weekday-Fall-24,Boat-F1-2115-Long-BF2H-05-Weekday-Fall-24
Boat-Rowes,Boat-Rowes,4,,,,,,Boat-F1-0600-Hingham-BF1-01-Weekday-Fall-24,Boat-F1-0650-Rowes-BF1-01-Weekday-Fall-24
Boat-Rowes,Boat-Rowes,4,,,,,,Boat-F1-0745-Hingham-BF1-01-Weekday-Fall-24,Boat-F1-0830-Rowes-BF1-01-Weekday-Fall-24
Boat-Rowes,Boat-Rowes,4,,,,,,Boat-F1-0915-Hingham-BF1-01-Weekday-Fall-24,Boat-F1-1000-Rowes-BF1-01-Weekday-Fall-24
Boat-Rowes,Boat-Rowes,4,,,,,,Boat-F1-0630-Hingham-BF1-02-Weekday-Fall-24,Boat-F1-0715-Rowes-BF1-02-Weekday-Fall-24
Boat-Rowes,Boat-Rowes,4,,,,,,Boat-F1-0715-Hingham-BF1-03-Weekday-Fall-24,Boat-F1-0800-Rowes-BF1-03-Weekday-Fall-24
Boat-Rowes,Boat-Rowes,4,,,,,,Boat-F1-1430-Hingham-BF1-04-Weekday-Fall-24,Boat-F1-1525-Rowes-BF1-04-Weekday-Fall-24
Boat-Rowes,Boat-Rowes,4,,,,,,Boat-F1-1610-Hingham-BF1-04-Weekday-Fall-24,Boat-F1-1700-Rowes-BF1-04-Weekday-Fall-24
Boat-Rowes,Boat-Rowes,4,,,,,,Boat-F1-1745-Hingham-BF1-04-Weekday-Fall-24,Boat-F1-1830-Rowes-BF1-04-Weekday-Fall-24
Boat-Rowes,Boat-Rowes,4,,,,,,Boat-F1-1715-Hingham-BF1-05-Weekday-Fall-24,Boat-F1-1800-Rowes-BF1-05-Weekday-Fall-24
Boat-Rowes,Boat-Rowes,4,,,,,,Boat-F1-1840-Hingham-BF1-05-Weekday-Fall-24,Boat-F1-1930-Rowes-BF1-05-Weekday-Fall-24
Boat-Rowes,Boat-Rowes,4,,,,,,Boat-F1-1810-Hingham-BF1-06-Weekday-Fall-24,Boat-F1-1900-Rowes-BF1-06-Weekday-Fall-24
Boat-Rowes,Boat-Rowes,4,,,,,,Boat-F1-1940-Hingham-BF1-06-Weekday-Fall-24,Boat-F1-2030-Rowes-BF1-06-Weekday-Fall-24
Boat-Rowes,Boat-Rowes,4,,,,,,Boat-F1-1645-Hingham-BF1-07-Weekday-Fall-24,Boat-F1-1740-Rowes-BF1-07-Weekday-Fall-24
Boat-Rowes,Boat-Rowes,4,,,,,,Boat-F1-0650-Hingham-BF1-08-Weekday-Fall-24,Boat-F1-0735-Rowes-BF1-08-Weekday-Fall-24
Boat-Winthrop,Boat-Winthrop,4,,,,,,Boat-F6-0730-Aquarium-BWN-01-Weekday-Summer-25,Boat-F6-0800-Winthrop-BWN-01-Weekday-Summer-25
Boat-Winthrop,Boat-Winthrop,4,,,,,,Boat-F6-1000-Aquarium-BWN-01-Weekday-Summer-25,Boat-F6-1030-Winthrop-BWN-01-Weekday-Summer-25
Boat-Winthrop,Boat-Winthrop,4,,,,,,Boat-F6-1130-Aquarium-BWN-01-Weekday-Summer-25,Boat-F6-1530-Winthrop-BWN-01-Weekday-Summer-25
Boat-Winthrop,Boat-Winthrop,4,,,,,,Boat-F6-1630-Aquarium-BWN-01-Weekday-Summer-25,Boat-F6-1720-Winthrop-BWN-01-Weekday-Summer-25
Boat-Winthrop,Boat-Winthrop,4,,,,,,Boat-F6-1745-Aquarium-BWN-01-Weekday-Summer-25,Boat-F6-1840-Winthrop-BWN-01-Weekday-Summer-25
